store_nbr,family,actual_sales,predicted_sales,mae
54,BEVERAGES,163554.0,158117.24636518137,1346.7418593051705
44,BEVERAGES,486860.0,499146.06681915576,1239.9159615599156
38,BEVERAGES,143320.0,135632.88230678622,1167.475111242399
40,BEVERAGES,222591.0,205966.40034696652,1125.9800257924128
46,GROCERY I,466643.0,484269.3106507228,1098.0715412443865
45,GROCERY I,533617.0,546623.4578585419,1041.210105514562
32,CLEANING,52737.0,50095.63694109009,1026.384134824681
47,GROCERY I,498678.0,511504.55238898756,981.7104406481158
45,BEVERAGES,456320.0,473642.43886059045,950.891432185929
40,CLEANING,103247.0,96219.96874180001,942.777718914663
48,GROCERY I,409389.0,409897.46178646176,919.8591756526641
47,BEVERAGES,428052.0,437931.2111229424,890.5275292175546
44,GROCERY I,482284.0,500445.76582062966,826.3939709863084
39,BEVERAGES,187136.0,184229.07387905638,818.2594244519056
28,GROCERY I,235921.375,228691.56881927844,791.0414791261843
43,BEVERAGES,246775.0,237669.91709219912,770.6475475992394
31,BEVERAGES,161872.0,149288.82321244694,730.9842210799441
40,GROCERY I,265274.0,258265.29808224583,712.3740304587187
11,GROCERY I,348322.979,349965.20278275287,711.9698977484279
30,CLEANING,41828.0,41366.490177315834,697.5376786005743
41,BEVERAGES,131729.0,132768.49503759906,696.7511850921722
3,BEVERAGES,405881.0,420838.15300029324,694.531234679476
39,GROCERY I,249785.926,256165.3146911787,673.6652608660725
44,PRODUCE,453304.065,467053.17987519427,659.9441498733084
52,GROCERY I,289040.0,286913.6446188127,653.8055868554934
49,GROCERY I,374859.0,393746.2619197756,648.0061863583408
49,PRODUCE,363531.173,383707.0680957114,645.5827606789297
9,GROCERY I,315831.969,321604.398167141,642.8412330400458
49,BEVERAGES,334958.0,355810.2555406373,641.278318931648
20,GROCERY I,277165.409,271451.44642314035,637.957713126516
46,BEVERAGES,306930.0,315646.55699027225,618.1933549626042
39,CLEANING,93165.0,87000.1228962486,613.0705251267761
50,GROCERY I,329056.0,337532.4645905359,607.5138531004958
48,BEVERAGES,246407.0,251482.69442756855,593.4363705527303
42,BEVERAGES,134269.0,136858.77921537613,583.4586021491937
16,CLEANING,46804.0,48181.54154228896,571.196927965258
3,PRODUCE,375028.5748,389523.65479312156,565.4457035137327
30,GROCERY I,98936.0,95838.95020489518,548.8955152530312
33,BEVERAGES,106080.0,99263.05459247956,537.1128823897232
21,CLEANING,78383.0,75754.53198002593,534.5642659000185
3,GROCERY I,377410.0,394569.5518330731,519.2028864054918
52,BEVERAGES,215998.0,213348.64188649508,508.9361477355477
14,CLEANING,62559.0,61942.62659281859,496.6803488831786
21,BEVERAGES,149778.0,142106.49627307276,493.82547398177064
36,GROCERY I,179358.934,174747.96924150197,488.46821187536426
43,GROCERY I,232077.135,230472.03610586407,483.99145124105604
11,BEVERAGES,219878.0,223226.40254812138,482.0974783857916
28,BEVERAGES,165482.0,163122.1471637922,480.96342538498726
29,GROCERY I,187236.04,184188.0042169124,479.6353992604065
51,GROCERY I,249828.0,253251.99075083778,473.137144379164
41,GROCERY I,185347.0,185786.84826257968,470.21566912628805
37,BEVERAGES,136079.0,139768.9444272366,468.56254588958075
21,GROCERY I,204422.881,200063.2944681645,465.1970966690151
20,CLEANING,82264.0,75461.28351317008,462.8463558190463
51,PRODUCE,262036.1722,268636.0759999454,460.9838647414927
50,BEVERAGES,224630.0,231553.71511317624,459.1734298141808
27,GROCERY I,187645.0,187191.5369750638,456.8829400248207
31,GROCERY I,216953.467,213574.73210483682,448.361652661253
52,PRODUCE,227465.16999999998,229067.9026269846,434.924080835393
51,BEVERAGES,221456.0,227456.6682704198,434.730271184031
36,BEVERAGES,152455.0,140319.58333174643,431.61976568601085
7,PRODUCE,233132.9682,248062.88672738403,430.8167144233211
47,PRODUCE,273920.5966,283610.74395288003,428.53271251333354
20,BEVERAGES,181940.0,172449.88410120952,417.18417633322724
29,BEVERAGES,148927.0,146180.14094001113,414.64461713099894
45,PRODUCE,306070.7573,308910.1599450437,413.4192345006393
27,BEVERAGES,156154.0,158499.51762979542,404.57548653915126
14,GROCERY I,138685.0,137763.22306863472,398.24703776690427
54,GROCERY I,155369.0,150261.517940596,395.824607250424
6,GROCERY I,232337.0,244391.02151432543,388.62037456678036
30,BEVERAGES,73731.0,66003.44149006916,387.6852119950727
38,GROCERY I,181328.0,187215.19519225843,385.9785078753224
17,GROCERY I,214984.0,220225.5919497492,382.7197311420004
25,BEVERAGES,98941.0,90457.33032301858,381.6074504723033
24,BEVERAGES,166661.0,174090.6746907926,381.27942709756184
8,BEVERAGES,222079.0,230889.9802870478,381.0044373629333
7,BEVERAGES,183869.0,196391.15293295027,374.3103913456936
9,BEVERAGES,166713.0,167956.63440139254,372.4604102945436
8,PRODUCE,221955.5903,231556.96085198005,365.5963825778941
2,GROCERY I,184174.0,198518.31721280058,361.3711075366161
8,GROCERY I,235961.0,246745.88835561735,359.55164525441256
31,CLEANING,67172.0,66311.32633555983,355.70996255275196
4,GROCERY I,159568.0,168088.54706724564,350.1266913609705
13,GROCERY I,129898.0,131453.9894509877,345.02082592293243
24,GROCERY I,193074.0,199036.11923518652,344.03484708374145
46,CLEANING,119720.0,122776.0462172955,343.4584398009669
22,GROCERY I,120706.0,120233.89660660081,343.14001181040294
42,GROCERY I,153622.0,164252.41060149064,338.7048670660941
37,GROCERY I,170975.0,176758.89978371805,337.0435171883574
41,CLEANING,57164.0,57933.61673534784,335.79897299848074
47,CLEANING,119478.0,123197.99572473226,334.5050161715364
12,CLEANING,47379.0,43792.628665658165,328.0636226101549
24,PRODUCE,174196.8588,183688.66063595295,320.1576672802756
2,BEVERAGES,146814.0,155113.7519414,320.02781865498366
54,CLEANING,56197.0,54913.448732547644,318.29456166980026
33,GROCERY I,143835.0,146674.08555845174,315.5149396353012
44,CLEANING,126224.0,130332.5677731887,315.45997469966585
7,GROCERY I,180079.0,188659.95340803367,312.3959130191595
53,GROCERY I,155349.0,160982.59342628805,310.5383540962594
4,BEVERAGES,122969.0,131880.87387801983,306.7278909971581
1,GROCERY I,111721.0,118005.64162161376,305.20468253021716
48,CLEANING,110188.0,109699.79197574189,303.76024113136447
6,BEVERAGES,169854.0,179143.45780607723,303.65066545199954
19,BEVERAGES,120531.0,118952.58745925382,302.11091395676357
34,GROCERY I,184344.884,181931.29799311463,296.442433056949
15,GROCERY I,123212.0,129650.64161797846,295.99529408046874
27,PRODUCE,131546.1679,136831.58159650554,293.02750503552323
26,GROCERY I,75230.0,76320.70933865823,292.22059709732747
17,BEVERAGES,148747.0,155064.35093780654,291.2954184940798
25,PRODUCE,77043.7251,72404.17536011376,290.17196099544196
19,GROCERY I,160719.0,162234.24073129782,287.7407197575235
10,GROCERY I,121645.0,122324.3955051336,286.5505191670229
12,GROCERY I,134816.0,139428.88092989256,280.23911454627597
38,CLEANING,54401.0,55888.106653893294,279.8325952249884
18,GROCERY I,134661.5,141562.39845079585,271.50974554282146
5,GROCERY I,141723.0,145317.82874725314,270.9639173058413
53,BEVERAGES,111564.0,113878.07038479755,270.49273840431493
22,BEVERAGES,80523.0,77393.74589335102,269.9316419509467
42,PRODUCE,118400.9531,128272.775838467,266.256759976262
14,BEVERAGES,71695.0,67814.80138649166,264.52197072447444
28,CLEANING,62204.0,63518.508888396434,261.06466006493264
37,PRODUCE,120424.205,129542.33404693962,256.9614971783049
45,CLEANING,129655.0,133580.4307641074,254.65642014718887
35,GROCERY I,88726.118,87371.6960910123,254.53792823455487
51,POULTRY,47363.22593,43524.61185061175,252.41459718561896
25,GROCERY I,88189.0,83559.61882574642,247.5685119303551
18,BEVERAGES,106748.0,113248.17838790068,246.90044994502395
5,BEVERAGES,88881.0,89962.956417496,244.82057380065547
32,BEVERAGES,48119.0,45026.30487563672,243.96751728700087
34,BEVERAGES,112038.0,110517.26944198759,243.02434283019747
16,GROCERY I,98085.0,100251.89813737897,242.6770557716686
32,GROCERY I,76229.0,74405.49630118128,242.48992866373138
18,PRODUCE,88898.5799,92218.45813480417,239.9690602547618
9,CLEANING,81781.0,82336.29383993757,237.20781977692718
50,CLEANING,88543.0,90133.78664702944,235.5023718210648
10,CLEANING,39720.0,37427.41308407564,233.0554358838501
13,BEVERAGES,74198.0,76491.30727574117,232.89390982482624
46,PRODUCE,141013.741,145664.5940515917,231.685106944017
11,CLEANING,90967.0,92148.22736596035,226.07652658849022
1,PRODUCE,108925.8951,113502.87691955414,225.78924241465242
16,BEVERAGES,64157.0,63110.79448844975,223.5471426348015
28,PRODUCE,80554.132,81760.92643593602,222.3767338623991
23,GROCERY I,99803.0,104059.49660414718,217.87849499300407
13,CLEANING,38485.0,37933.70358424626,217.04599439222815
1,BEVERAGES,96821.0,101625.98025191251,214.96324141382394
15,BEVERAGES,78382.0,79850.16406828602,213.17180974401143
26,BEVERAGES,46558.0,47821.44215750557,212.12629048204101
48,PRODUCE,100020.01699999999,101549.72901006839,211.67353815027582
3,CLEANING,96864.0,100745.61284319479,209.62850403531726
44,DAIRY,120955.0,127865.28668266923,203.27040119736822
23,MEATS,28781.43792,29441.843834784395,202.95963220421635
35,BEVERAGES,66738.0,65409.85380280684,197.8958283107886
6,PRODUCE,124678.681,130641.92224799248,197.76585868656892
47,DAIRY,103108.0,110786.83952497359,197.57377209046493
41,PERSONAL CARE,20185.0,18697.64886018534,193.51417538180803
11,PRODUCE,73539.273,74129.86123633965,192.5399898252335
2,PRODUCE,113367.9822,121311.11898697155,192.0575651876499
39,PRODUCE,84607.8151,89150.10495788186,191.77099880807572
45,DAIRY,108211.0,114694.20799937416,187.03210933090776
41,PRODUCE,102045.7289,106405.4129790547,180.8299654427853
10,BEVERAGES,63215.0,60765.35797480098,180.40884411903153
46,DAIRY,78007.0,81073.39823152538,179.56368902926243
53,PRODUCE,98452.5758,102178.99469335884,179.2937038846487
49,DAIRY,103225.0,109250.42665774064,177.2634306715847
23,BEVERAGES,70829.0,74415.03398897927,176.57774842216745
52,CLEANING,78408.0,79062.0705093178,175.3650558486424
50,PRODUCE,106519.0119,110845.19129632463,174.67239248455732
36,PRODUCE,65093.415,64943.89354392966,174.0856825157927
43,PRODUCE,63207.2488,62131.790513591426,173.661981467998
38,PRODUCE,97505.065,101521.11613705396,171.97084356050183
49,CLEANING,91383.0,96260.52401795093,171.95078484047232
6,CLEANING,60781.0,63509.1875818649,170.2996666028737
12,BEVERAGES,77072.0,79559.60852306572,169.60296280771016
17,CLEANING,55051.0,53944.159364982464,167.74364120751062
29,CLEANING,48208.0,48959.507136303146,164.71276007670673
21,PRODUCE,68448.90413,68922.3040959777,161.5386948508867
4,PRODUCE,108416.138,113450.99373789447,159.74164370208268
37,CLEANING,46689.0,48900.784895338846,157.36296817900708
48,PERSONAL CARE,39529.0,38302.04060903316,154.721549689284
28,DAIRY,44273.0,45601.7244908234,154.19321362956742
33,CLEANING,48438.0,48888.812035692245,153.39838764824768
29,PRODUCE,61650.9561,64046.973509911906,152.45042870417933
3,DAIRY,99802.0,105993.53783257735,152.1708298726248
22,CLEANING,33745.0,31942.62905517505,149.8656242225475
5,CLEANING,43774.0,45262.471153352104,147.2151200139852
31,PRODUCE,69007.74207000001,71722.79825905571,144.05394304843279
15,CLEANING,41952.0,42053.90479448697,142.9695169640604
51,CLEANING,69805.0,72756.35013279665,142.82558717702986
39,EGGS,23694.0,23583.331254545865,137.70653321482226
5,PRODUCE,74284.135,75799.52316006062,134.90721607194922
22,PRODUCE,25070.025,24858.41910972677,134.52134936152464
19,CLEANING,45428.0,45512.718496044756,133.7832224934312
7,CLEANING,49593.0,52546.021854216975,133.66196121425594
51,DAIRY,75960.0,77825.81263025796,133.46418714513976
17,PRODUCE,70002.656,72120.10534366244,133.29496229020478
45,MEATS,57495.50236,58419.17094123661,133.2184570418409
34,CLEANING,41133.0,40690.54348570379,130.7761803997989
11,BREAD/BAKERY,33706.0,32393.423367980373,129.2411471961654
44,BREAD/BAKERY,78452.917,81758.01142063376,128.43952892149298
33,PRODUCE,64427.2701,65198.858267142285,128.28946081508667
36,CLEANING,42071.0,41492.45019261937,126.94500731094377
20,PRODUCE,52479.89896,52741.036539288805,125.81553630659911
8,CLEANING,59741.0,63037.86082993829,125.19933074919723
24,CLEANING,53065.0,56071.36756948052,123.8516117281705
44,HOME CARE,37514.0,37704.17849078347,121.73152446581494
52,DAIRY,54742.0,55335.910792201095,121.50574533730939
48,MEATS,45306.3351,46270.74398973226,120.95996947249255
27,CLEANING,43401.0,44749.70221824283,120.43836471864952
48,DAIRY,63063.0,65590.5631065589,120.36966708002652
40,PRODUCE,58668.17,59903.724489175125,119.7873845097582
8,DAIRY,67758.0,72194.81366825428,119.53454124921538
23,PRODUCE,56056.4249,59106.83096839003,119.40472581359806
53,CLEANING,48800.0,51338.39064777907,118.0301979497545
40,HOME CARE,20289.0,19291.51405692765,117.98431264524582
7,DAIRY,58239.0,62316.75563463106,116.12764163428633
2,CLEANING,43572.0,47007.88718971381,115.81872705753611
24,DAIRY,60379.0,63025.51087539836,114.42469997904084
9,PRODUCE,77060.169,79371.16232827424,112.96403082953567
11,EGGS,13089.0,10883.439288678373,112.22878252772352
44,POULTRY,58963.034999999996,61155.16748116695,112.16268404504312
46,MEATS,51898.27407,52359.754467159815,111.48996298690263
43,CLEANING,58098.0,57881.640152061875,110.91127271928401
49,BREAD/BAKERY,55749.02593,58464.79539335419,110.40681756028461
29,BREAD/BAKERY,30935.0,29490.597252100953,109.8658993160951
48,HOME CARE,31308.0,30684.7662213821,109.66488012262843
27,DAIRY,48543.0,49312.19723052906,109.23942840011946
47,POULTRY,57042.929000000004,59511.54904513133,107.90953096758247
42,CLEANING,37456.0,40597.36184921381,107.79756681887481
45,POULTRY,63883.7119,65970.25265626155,103.40725103669051
26,CLEANING,19426.0,21757.8609852343,102.01618243837977
11,MEATS,31538.45302,31309.689945880906,101.98862765855311
4,CLEANING,39537.0,41274.34940044429,100.63628750723416
48,POULTRY,43153.20301,42981.39097467412,100.31480038410727
35,CLEANING,22636.0,23116.371758964582,100.31391055127725
29,DAIRY,35998.0,37364.33664627715,99.8121269495691
38,DAIRY,37473.0,40084.37843800245,99.50839212889878
26,PRODUCE,25760.80395,27061.077984005056,98.67243207634131
39,BREAD/BAKERY,34342.0,36522.06414434024,97.75987196888588
18,DAIRY,30245.0,32670.705233086475,97.61014460793534
47,BREAD/BAKERY,54524.367,56031.23147836054,97.10433285177714
2,MEATS,23998.49894,24696.787631185383,96.97743164490294
50,DAIRY,55469.0,58558.41133786142,96.64750755920436
42,DAIRY,39910.0,42705.734952994055,96.17615431187903
49,POULTRY,50266.46714,53545.4237943191,95.48457078719903
45,BREAD/BAKERY,58310.528,59932.92725357078,95.15246967488596
25,"LIQUOR,WINE,BEER",10417.0,8197.4701312394,94.97616939766355
46,BREAD/BAKERY,45072.0,46750.11216321538,94.8777919721751
6,DAIRY,47445.0,50658.16656497,93.8384557143487
30,PRODUCE,29231.01598,30337.529073056096,93.66190910578415
3,POULTRY,55783.846,57818.1464976966,93.34753012553038
47,MEATS,46601.6989,47715.97801125971,92.80270296717985
44,PERSONAL CARE,29410.0,29673.249750653777,91.41967894322042
25,DAIRY,26855.0,24903.44642210386,91.37042032724659
38,PERSONAL CARE,19314.0,18875.20095188448,90.99068475778934
47,HOME CARE,33652.0,33776.13193781318,90.6478345700127
28,PERSONAL CARE,15525.0,15448.315427176029,89.07799619973017
25,CLEANING,20970.0,19531.10628728002,88.97951226782557
44,MEATS,44849.40297,46513.68010775526,88.71908258450333
17,DAIRY,34894.0,37252.11431636984,88.62554087265815
52,BREAD/BAKERY,39155.90494,38319.42613746872,88.58436894443649
37,DAIRY,40406.0,43306.71324585049,88.12654469086489
3,BREAD/BAKERY,56301.194,58718.83305649311,87.47804018756783
15,PRODUCE,31194.807,31393.917708277182,87.01976559477944
51,BREAD/BAKERY,41872.05497,43926.47931367166,86.26309264749351
50,HOME CARE,23616.0,23980.029951386285,85.76538313782393
45,PERSONAL CARE,36913.0,36626.16814067956,84.9510259912521
21,EGGS,14100.0,13760.106247365835,84.57052054021152
21,DAIRY,30852.0,31473.62417987684,84.55701170181115
49,MEATS,40046.72206,41979.04183172125,83.96897459359087
39,DAIRY,31600.0,34888.58205751766,82.97448523276692
18,CLEANING,29687.0,30185.02752825169,82.85901803536203
9,DAIRY,39446.0,41551.65325290053,81.77894915934094
47,DELI,33082.978,34080.56148086373,81.66491055359703
34,DAIRY,30735.0,32667.729876523037,80.78564980930174
46,POULTRY,40349.33408,41687.02388139709,80.151716200254
20,DELI,34292.938,34746.506366873866,78.61300999320525
50,MEATS,28149.06798,29132.510850850955,78.19221745803708
47,PERSONAL CARE,36434.0,36324.1763693464,77.52755332161603
28,BREAD/BAKERY,31898.0,32752.738349579296,77.32734991040412
46,PERSONAL CARE,37358.0,37933.270599591146,77.1792408097822
46,HOME CARE,33270.0,33122.42768480693,76.60028249989003
45,SCHOOL AND OFFICE SUPPLIES,11207.0,9858.024809095985,76.15308245531003
16,PRODUCE,26693.79,27573.48007097018,75.34070043265517
30,HOME CARE,8071.0,7239.51548186631,75.04639004616628
1,CLEANING,29138.0,30311.159998022817,74.82323381697404
43,DAIRY,32881.0,32763.986187004146,73.9675135915011
4,DAIRY,35964.0,38810.415496484544,73.92922312116511
45,HOME CARE,35071.0,34908.06199644606,73.67154164685584
2,DAIRY,39874.0,42690.40850683584,72.88787397957391
27,BREAD/BAKERY,30347.27901,30668.538224824202,72.8851977899978
20,BREAD/BAKERY,25576.0,25187.982631446266,72.04444926180855
34,BREAD/BAKERY,30941.0,30280.80560388061,71.69073517646122
20,MEATS,17740.70098,17339.854374276765,71.66874808434648
46,DELI,40384.121,40514.601322854796,71.09926968988133
20,DAIRY,37634.0,39937.95548371589,70.67103296641784
7,BREAD/BAKERY,29959.635,32546.203964631557,70.39512116494376
28,EGGS,12761.0,13213.690959002754,70.13837517457861
24,BREAD/BAKERY,34554.053,35807.716597697436,69.31898264632659
50,BREAD/BAKERY,29030.128,30066.33806196044,69.08483964090229
4,MEATS,17931.72302,17731.46737464265,68.53026557613244
11,HOME CARE,24119.0,24016.191449451966,68.08192782956739
48,BREAD/BAKERY,39679.119,40770.27309134324,67.93621881865744
17,DELI,25174.0,26249.000869318534,67.80193899153534
1,DAIRY,30353.0,31742.262557926075,67.80162296505827
39,HOME CARE,17218.0,17728.972535002074,67.67341726991943
6,HOME CARE,17149.0,17096.571838715212,67.60752438114837
8,BREAD/BAKERY,38682.79,40379.05872207333,67.51292879501582
29,PERSONAL CARE,12370.0,12260.960095799786,67.3414744543729
41,"LIQUOR,WINE,BEER",5899.0,5385.137211042771,67.2462482435007
36,BREAD/BAKERY,23298.0,21741.510422512136,66.83663105503285
33,EGGS,8629.0,8111.535632212113,66.32343226169556
50,PERSONAL CARE,26777.0,27145.64961210996,66.25075003516523
25,BREAD/BAKERY,17340.448,15459.821926568391,66.08575224160636
8,POULTRY,29900.73998,31255.80870056591,65.57488853168692
31,EGGS,14920.0,14275.741850921268,65.2219078504251
52,POULTRY,23649.45289,23478.573916139732,64.85551801855985
48,DELI,32343.069,33012.00849619905,64.71707935707643
31,DAIRY,33871.0,35473.63914942862,64.63901482071162
43,EGGS,11037.0,10531.65769608883,64.47849090883494
23,CLEANING,25830.0,27124.455324574097,64.2066133608281
51,MEATS,31274.08199,31867.52806461984,64.08491194935705
19,PRODUCE,22696.14701,22583.946491055674,63.3186880439376
5,DAIRY,25970.0,26637.059152709564,63.31530502857013
40,DAIRY,30833.0,31782.775033558686,63.08956813032274
32,EGGS,10028.0,9546.394384937656,63.022920931143474
8,MEATS,22013.422019999998,22915.781347045806,62.37575687240853
3,MEATS,37102.15807,38884.296782133606,61.49956448304867
47,SCHOOL AND OFFICE SUPPLIES,8493.0,9238.317417225342,61.32944868976382
41,DAIRY,35004.0,36334.34674744235,61.19693873225907
14,MEATS,12368.26101,12604.709502952797,61.17021738901174
11,POULTRY,19972.30701,19554.32001419313,61.02607102603676
53,DAIRY,25892.0,26848.52880621402,60.79753090949425
28,DELI,18564.126,19244.091203326087,60.73276223935304
34,PRODUCE,33509.419,34767.568242217276,60.69790177957488
35,PRODUCE,19501.51302,19266.556766039026,60.605153838503746
54,PRODUCE,31932.653,32488.806661707495,60.54577874097087
11,PERSONAL CARE,19789.0,19492.42110286188,60.4176051799231
50,SCHOOL AND OFFICE SUPPLIES,6301.0,7725.011132158097,60.22533944822933
37,BREAD/BAKERY,24289.72298,25400.305196304664,59.73276036360358
43,BREAD/BAKERY,27545.0,27576.263146282297,59.635602739690846
11,DELI,24858.362,24982.742934739425,59.34374534014672
31,BREAD/BAKERY,26900.0,25912.897434551327,59.32558692595447
45,DELI,35363.358,36288.397555135125,59.1120593138438
49,HOME CARE,24788.0,25072.584443614727,59.0086647953538
52,FROZEN FOODS,15535.574,15088.559815430679,58.77912127093646
3,HOME CARE,26214.0,26364.2566919429,58.52886512407832
11,DAIRY,31461.0,32661.770096535703,58.37848101925357
52,MEATS,23910.23498,24070.977257321407,58.35129674254477
9,BREAD/BAKERY,25057.0,26423.30444995119,58.308274472874956
42,BREAD/BAKERY,23291.993,24859.29911188049,58.27632047793691
44,"LIQUOR,WINE,BEER",16071.0,16689.642931759918,58.0413763387938
1,MEATS,13635.477974,14029.023072914422,58.00911614865935
18,SCHOOL AND OFFICE SUPPLIES,877.0,3298.2104300864057,58.00515518520541
44,DELI,27905.75398,28992.933162838533,57.80909138389082
16,EGGS,7481.0,7264.123301987471,57.17480730605455
43,"LIQUOR,WINE,BEER",4383.0,4313.457771114824,57.03853810167779
18,BREAD/BAKERY,27382.0,29124.93625097271,57.02714551065073
22,"LIQUOR,WINE,BEER",4198.0,3656.3022036494804,56.881591383304595
14,PRODUCE,19551.201,19775.59179533268,56.03982716069074
23,POULTRY,14811.02301,14606.80355948276,55.40232244968067
12,DAIRY,19554.0,21191.160391337206,55.03932667659276
26,MEATS,13234.21103,13206.401246634225,54.56462741484423
6,MEATS,22871.07392,23679.299318197976,54.33513328596971
9,EGGS,10127.0,10353.701492474926,54.10569189742546
28,HOME CARE,14086.0,14625.676751215355,53.98678294382479
6,BREAD/BAKERY,25670.81198,26911.305792190455,53.705418589754416
36,DAIRY,28975.0,30200.77821061122,53.5517619966181
9,DELI,26817.81,27687.203110418614,53.46522443079255
52,"LIQUOR,WINE,BEER",11046.0,10307.389364489412,53.42079324400373
21,PERSONAL CARE,14308.0,14239.103913764018,52.97904318685251
29,EGGS,11431.0,11602.366500169268,52.96340884957321
7,POULTRY,30116.74002,31601.960610066984,52.552736957857384
33,POULTRY,10542.580975,10485.111143057808,52.45105977673122
9,POULTRY,20689.71498,21007.448757008842,52.40394526256851
42,PERSONAL CARE,11262.0,11529.497473837982,52.33730976300053
3,PERSONAL CARE,26026.0,26183.631679284554,52.12638456688006
48,SCHOOL AND OFFICE SUPPLIES,6410.0,6566.301054629203,51.98372108465631
49,PERSONAL CARE,25519.0,25460.088016750724,51.93431811229427
22,POULTRY,7585.778988,7656.695253083517,51.655406262793754
6,POULTRY,26809.17997,28381.512352638194,51.39706500046916
48,HOME AND KITCHEN II,2821.0,2541.361485239497,51.284989840803526
52,PERSONAL CARE,16800.0,16790.798149260278,50.755700857197674
33,HOME CARE,10920.0,10903.51591052835,50.72588534655372
14,DAIRY,18153.0,19433.525686373003,50.535854562857665
7,MEATS,22738.31304,23380.704232895743,50.51717896922678
9,HOME CARE,20906.0,22072.826931133877,50.44426625055081
33,DAIRY,20379.0,21190.02198735813,50.290035948521684
29,HOME CARE,12643.0,12735.347711867445,50.111732938260936
24,POULTRY,25918.60799,26895.479890776995,50.042113981867715
46,SCHOOL AND OFFICE SUPPLIES,6999.0,7006.562718026284,49.857934589806014
27,"LIQUOR,WINE,BEER",7881.0,7684.828869832995,49.217376186660005
50,GROCERY II,5590.0,5449.06352899232,48.85512296623344
14,DELI,12307.0,12837.168021660069,48.80178153084615
23,DAIRY,22998.0,23887.019654920223,48.76198793194536
40,PERSONAL CARE,15086.0,15128.894784595836,48.71585400816836
50,DELI,23826.399,24638.207528876446,48.58912925602243
52,HOME CARE,17940.0,17671.508295037795,48.25553119396523
50,POULTRY,20129.29595,20502.14760425447,48.21814802067305
9,PERSONAL CARE,21958.0,22028.743982663673,47.82036034414384
36,EGGS,7111.0,6906.777531266185,47.81067021042559
44,EGGS,30196.0,31694.295363902354,47.79004450186431
51,HOME CARE,16701.0,17036.95954430184,47.7264369912062
10,DAIRY,14113.0,14841.210301069403,47.358505967931066
34,EGGS,6255.0,6129.886358887921,47.352237441520444
38,HOME CARE,16303.0,16016.853637729168,47.10758283469403
21,HOME CARE,15911.0,15899.328019879254,46.91052066334101
20,HOME CARE,17599.0,17722.86752442857,46.55427372877391
31,PERSONAL CARE,13241.0,13657.846905008786,45.92578425234602
5,HOME CARE,11102.0,11307.140465258199,45.89434859649411
35,EGGS,7094.0,7284.47194095409,45.81331678551114
24,MEATS,19554.00902,19544.71269429275,45.54913963572472
38,BREAD/BAKERY,21594.32402,22347.55595014534,45.47113222937846
1,POULTRY,14477.33203,14867.438873640236,45.225782056455124
31,MEATS,18450.03506,17954.42360032759,45.18841647926509
20,PERSONAL CARE,18495.0,17869.234900442996,45.04740801664621
16,"LIQUOR,WINE,BEER",2071.0,2785.877023667929,44.399589102261466
38,"LIQUOR,WINE,BEER",5027.0,4488.2746632372255,44.2154316328546
20,POULTRY,16966.763030000002,17032.30528496673,44.08062279910956
45,GROCERY II,6917.0,6994.979862449935,44.04493846727931
25,MEATS,10110.72799,9731.044689228518,43.738855758964064
39,PERSONAL CARE,15258.0,15817.990112837055,43.54314395605878
51,PERSONAL CARE,14213.0,14491.284428684114,43.344897565942766
44,SCHOOL AND OFFICE SUPPLIES,6493.0,6463.830960962827,43.124058767495306
38,HOME AND KITCHEN II,2895.0,3178.1427346601176,42.97502771490457
44,FROZEN FOODS,21739.47504,22371.45497106577,42.75999582428359
17,POULTRY,17919.30898,17488.55832092446,42.69163000064113
4,HOME CARE,11564.0,11907.883112204492,42.63127875124311
53,MEATS,14041.712019999999,14402.159414779644,42.600631332163125
19,DAIRY,16745.0,17679.769128514283,42.555400572620854
21,BREAD/BAKERY,22298.0,22448.917160243516,42.32271788997886
36,PERSONAL CARE,10317.0,10186.910587502518,42.17456424564595
29,DELI,13513.542,13591.695201558463,42.03272109262594
52,DELI,17437.547,17723.08959808047,41.91700805736914
10,DELI,12344.0,12300.38793867922,41.77945549509908
17,EGGS,9452.0,9673.578596742323,41.63160740431121
27,HOME CARE,12032.0,12297.333036087577,41.531444139764396
6,PERSONAL CARE,16002.0,16308.061437997305,41.473469130323075
2,POULTRY,22586.05402,23696.865723012637,41.43786396441343
35,"LIQUOR,WINE,BEER",2075.0,2429.143908064166,41.42804604156074
43,PREPARED FOODS,6394.613,5892.565163097515,41.41114211405949
19,DELI,14265.0,14472.453452339014,41.39439399692808
14,PERSONAL CARE,12265.0,12258.407183920282,41.295218706915826
8,HOME CARE,17452.0,18152.965534880605,41.244898234647586
29,"LIQUOR,WINE,BEER",4949.0,4956.443111876583,41.063263269314696
1,BREAD/BAKERY,15003.94604,15638.438257977297,41.02113232485196
45,FROZEN FOODS,16237.784,16637.157086112114,40.98333267460841
28,POULTRY,11139.45802,11512.492683949564,40.89327643513912
40,BREAD/BAKERY,19733.0,18823.38907540902,40.79122270903615
13,PERSONAL CARE,8880.0,8834.405923272252,40.759973331859385
43,PERSONAL CARE,14090.0,13833.833702126198,40.62896815656492
41,BREAD/BAKERY,23318.32099,23617.351454908963,40.32509144936359
18,DELI,10709.361,11523.729032915913,40.086190972499736
46,FROZEN FOODS,12369.69699,12361.045811502448,40.06103104582404
49,SCHOOL AND OFFICE SUPPLIES,5729.0,6116.932373105386,40.034745814061864
15,DAIRY,16039.0,17136.82273973801,39.80345459143596
9,MEATS,17842.14804,18132.823857494426,39.79003198146218
2,BREAD/BAKERY,30127.014,31391.958346278843,39.685268294494456
27,POULTRY,19156.34296,19416.60943259652,39.60448071729168
33,MEATS,13034.56903,13537.174834724263,39.52602031723473
26,PERSONAL CARE,6238.0,6169.317582584998,39.44066553229832
30,PERSONAL CARE,4943.0,4862.549122199202,39.439311401997465
22,DAIRY,15708.0,16430.439075121656,39.354560417090525
53,HOME CARE,10837.0,10851.477220505581,39.198221858697224
27,PERSONAL CARE,11516.0,11510.428383817081,39.11104411822292
26,DAIRY,12096.0,12816.586567544111,38.918137933505584
37,PERSONAL CARE,12277.0,12180.8865184489,38.74288444193747
21,DELI,16290.706,16413.994560780313,38.58863348903809
13,DAIRY,13222.0,13935.469255864227,38.53095309518251
49,FROZEN FOODS,16816.295,17940.58898075991,38.311267265075564
49,DELI,22101.567,23041.288274665076,38.30881679236316
51,FROZEN FOODS,12685.886,12940.6747682882,38.27970835788419
54,BREAD/BAKERY,11635.0,11445.105240709081,38.055706078335795
49,EGGS,22621.0,23516.141426568025,37.80505013972301
26,POULTRY,7355.239001,7888.266535277194,37.72588442644418
32,"LIQUOR,WINE,BEER",1536.0,2399.0767542393237,37.45264908720049
3,DELI,17735.877,18651.970560420894,37.431808490291324
54,DELI,10985.424,11349.09228055646,37.38618789992288
19,POULTRY,6830.484977,6886.992076609469,37.11460187762571
41,HOME CARE,12640.0,12682.697852256824,37.108552300129176
18,EGGS,9122.0,9383.787075801698,36.98147592922699
30,DAIRY,13087.0,13742.36159080198,36.93647296024237
16,HOME CARE,8246.0,8333.534934552985,36.90661564187127
54,HOME CARE,11167.0,11220.703167999343,36.76632180997108
30,EGGS,6659.0,6630.33439461038,36.76489426194282
47,FROZEN FOODS,12795.76002,13589.00710960266,36.7197638701887
33,PERSONAL CARE,10336.0,10688.463519307106,36.65712278748474
53,DELI,11592.33001,12171.719360403678,36.6434457816012
2,HOME CARE,12699.0,13191.771777154785,36.57938085348069
53,PERSONAL CARE,11403.0,11900.97834303783,36.409994786197714
22,BREAD/BAKERY,7289.0,7293.301979582176,36.3596019337172
6,DELI,16593.725,17133.84113010923,36.08251665724636
54,DAIRY,12193.0,12103.634190552244,36.05844943297675
47,"LIQUOR,WINE,BEER",9825.0,9817.052120061322,35.826550783443615
53,BREAD/BAKERY,22953.25605,23610.051688678446,35.74920121856688
5,BREAD/BAKERY,16493.96998,16504.768207999896,35.70717206568703
3,FROZEN FOODS,17225.3,17726.27274823749,35.595103959085506
15,PERSONAL CARE,8834.0,8846.877465279278,35.530701379392966
16,DAIRY,12383.0,12750.25674416734,35.52408672988368
5,PERSONAL CARE,11465.0,11454.213743412047,35.51998338845821
12,PRODUCE,17145.14202,17264.6169300222,35.44992939393806
51,"LIQUOR,WINE,BEER",7120.0,7165.700389190704,35.43802055954875
5,MEATS,11956.05502,12093.797325476287,35.421489188158645
31,HOME CARE,14201.0,14575.007508717725,35.413927959642635
17,HOME CARE,14859.0,15257.635380889935,35.30222787609638
17,PERSONAL CARE,13501.0,13508.736363035663,35.25807548233361
10,PRODUCE,12030.14399,12164.205338347676,35.232708830787466
38,MEATS,8021.805021,7908.086233541915,35.2316567839922
31,DELI,12136.517,12398.556490279036,35.17288264405554
34,PERSONAL CARE,12203.0,12358.625962613158,35.0164771206641
39,POULTRY,11528.32905,12041.881215269903,34.58750807427528
36,MEATS,11259.64405,10854.368044262475,34.564068280508366
15,DELI,12523.0,12984.336902873149,34.45021165471973
35,MEATS,9606.67898,9867.583708662789,34.258585466411326
42,HOME CARE,10716.0,11239.999349687834,34.22523198849163
35,DAIRY,8751.0,9334.481449939507,33.9436319482186
40,DELI,13707.0,14410.015796231475,33.89611002121448
3,EGGS,23322.0,24233.09181784917,33.846621100386784
45,"LIQUOR,WINE,BEER",10836.0,10702.361996286756,33.8351409183399
25,FROZEN FOODS,5121.817002,4844.178598684237,33.825454409711
47,PREPARED FOODS,10881.39105,10948.901328423179,33.69409284368418
24,HOME CARE,12794.0,13050.069670964504,33.6725890168292
27,DELI,13910.77399,14084.812641276567,33.59049349677747
44,HOME AND KITCHEN I,5553.0,5971.249202411039,33.48576183527724
7,FROZEN FOODS,10575.757,11368.319347304727,33.414853094295054
40,EGGS,8514.0,8266.359199756509,33.40479100276731
41,DELI,11407.49201,12020.33145585899,33.39657262443239
14,HOME CARE,10020.0,10430.52558683549,33.33605176975076
3,"LIQUOR,WINE,BEER",10456.0,10909.484583908139,33.24567918518428
4,BREAD/BAKERY,17777.267,18642.833185520998,33.08773832174647
43,DELI,13549.72902,13453.615914408176,33.073939597059805
36,DELI,10214.16901,10498.793144746125,33.01828587663451
37,HOME CARE,11813.0,12177.589941490673,32.95291624719067
7,PERSONAL CARE,11604.0,11746.044935757116,32.80965371157455
8,PERSONAL CARE,16084.0,16527.553380408473,32.78835489252233
41,FROZEN FOODS,7214.62999,7481.837554917064,32.74768963485317
4,POULTRY,18786.25597,19271.747494238374,32.731186158184194
54,"LIQUOR,WINE,BEER",1550.0,1818.2910622066975,32.631398776608755
4,PERSONAL CARE,11280.0,11241.268676887566,32.59482923801819
49,"LIQUOR,WINE,BEER",12020.0,12157.716445562663,32.530871236206394
37,MEATS,10779.43601,10969.836183589186,32.315121049821144
36,HOME CARE,10456.0,10156.29621052127,32.31065432739654
20,EGGS,5639.0,5937.186848022715,32.2285168829684
32,PRODUCE,10453.12701,10493.332237705068,32.16409007565506
15,HOME CARE,10340.0,10584.133477138997,32.09412432138887
24,PERSONAL CARE,13051.0,13379.043728009998,32.07991743480566
3,PREPARED FOODS,11710.00698,12240.37478184614,32.002130322923705
23,BREAD/BAKERY,12182.10199,12767.332538662029,31.98255221185459
39,DELI,10275.471,11174.280366887764,31.823924293908473
22,SCHOOL AND OFFICE SUPPLIES,68.0,1520.5976962909542,31.79957725455426
2,PERSONAL CARE,12458.0,12756.230969543876,31.791151980128344
13,PRODUCE,9227.86299,9098.744274013889,31.78563021107584
18,PERSONAL CARE,8175.0,8732.75528089019,31.73491549638922
44,PREPARED FOODS,14474.58496,14854.501431577566,31.695090782621115
42,POULTRY,11343.89401,11930.177932346583,31.615221765656912
47,EGGS,17424.0,18130.592475130437,31.426593582440933
12,PERSONAL CARE,8519.0,8456.86979956624,31.346795697511187
48,FROZEN FOODS,9600.985006,9576.03917447132,31.23879622881878
43,HOME CARE,12213.0,11901.976906898339,31.110567521113836
40,POULTRY,8876.61202,9049.908833353556,31.05144770046992
17,MEATS,12496.66303,12696.329951456939,30.98584988720597
33,DELI,8861.0,8856.439096332691,30.85868440599969
12,EGGS,3246.0,3269.469955412125,30.79182053284066
36,FROZEN FOODS,4665.787996,4720.75078038175,30.74234121102279
1,DELI,5874.7100040000005,6626.690298766092,30.731974701924436
29,POULTRY,9583.42301,9824.823705247325,30.567289004291634
2,DELI,10688.296,10995.116723092875,30.52640599362754
51,DELI,12315.833,12701.650343812991,30.46376753806118
15,BREAD/BAKERY,7462.0,7529.9714831696365,30.382378825220872
22,PERSONAL CARE,7584.0,7674.564746024452,30.35933952062898
50,FROZEN FOODS,7606.612994,7885.662444786526,30.198469392214864
40,"LIQUOR,WINE,BEER",2178.0,2716.989501958201,30.174398206942367
53,FROZEN FOODS,6341.846,6565.164239760469,30.05322324019798
37,POULTRY,12324.54998,12698.498633302144,29.98817355349149
19,HOME CARE,9151.0,9386.101091109755,29.976966277291616
33,"LIQUOR,WINE,BEER",1724.0,2269.6720933000674,29.676731516688214
15,SCHOOL AND OFFICE SUPPLIES,69.0,1404.8235071210368,29.66207987382078
13,DELI,7842.0,8009.5128131698975,29.602799535133226
51,EGGS,16615.0,16909.35936037129,29.550322027434227
41,MEATS,10745.00902,10684.297061192781,29.503198206493707
53,"LIQUOR,WINE,BEER",4313.0,4787.263244082617,29.456688789373793
5,GROCERY II,2727.0,2704.5081672217107,29.36143475816372
42,MEATS,11476.45198,11806.827069979185,29.29850391943272
18,HOME CARE,9711.0,10091.57673743294,29.203323188294778
5,POULTRY,11093.516,11314.9735564394,29.102304063087246
12,DELI,10611.0,11157.657106039384,29.025919796089678
8,EGGS,15562.0,16225.508549236642,28.94414468898803
8,DELI,13626.75299,14336.122550370166,28.824899175765676
7,HOME AND KITCHEN I,2068.0,1877.4605020211516,28.760018937977822
27,FROZEN FOODS,6584.303979,6747.510228238594,28.75498292015814
4,DELI,9631.846,9958.767146700977,28.700341729082474
43,POULTRY,11778.94699,11719.971614858723,28.350141367198297
30,"LIQUOR,WINE,BEER",2019.0,2488.818838795152,28.060904621776732
26,BREAD/BAKERY,10242.0,10265.322781128018,27.961971237960167
18,POULTRY,9464.734,10188.800651652451,27.92970371341102
7,HOME CARE,11712.0,12103.15554876941,27.74771692922611
5,DELI,10579.047,10778.920850291453,27.746092936620713
27,MEATS,14413.55599,14470.372929362604,27.726257130067086
7,DELI,8751.683,9073.513422988613,27.72466240469103
17,BREAD/BAKERY,16002.0,16706.62897860726,27.67297971800877
49,PREPARED FOODS,10890.07799,11600.915807861715,27.516488749828863
54,PERSONAL CARE,8835.0,9070.928658808394,27.49653825124269
53,POULTRY,9716.27498,9997.849721418337,27.45161126274905
1,HOME CARE,8019.0,8222.249244472892,27.396336656115878
28,MEATS,10100.37898,10368.509825015666,27.305348658461664
7,"LIQUOR,WINE,BEER",8068.0,8443.359897722696,27.25311129191602
31,FROZEN FOODS,4283.6149940000005,4301.558763797339,27.240898220453673
10,PERSONAL CARE,8456.0,8352.81926296337,27.07371055582487
13,MEATS,7726.09508,7718.692864335085,27.064199933951638
49,HOME AND KITCHEN I,3000.0,2971.82147912633,27.04671660151583
25,POULTRY,8444.85801,7968.240665962753,27.028091104023474
16,DELI,7928.0,7931.705275630237,26.91559600047035
27,EGGS,11596.0,11793.10871018102,26.907758628824794
19,BREAD/BAKERY,8263.0,8071.927842315119,26.865506034143372
12,SCHOOL AND OFFICE SUPPLIES,82.0,1312.296738622982,26.80261812148778
21,"LIQUOR,WINE,BEER",4067.0,4081.737544087168,26.78358115839642
24,FROZEN FOODS,7995.854,8197.510744521387,26.354278463502684
10,MEATS,8423.73003,8080.225845807439,26.316514273304136
38,POULTRY,6392.635005,6628.609095085914,26.234426390013542
7,EGGS,12828.0,13533.664050283924,25.98774276180682
37,"LIQUOR,WINE,BEER",5083.0,5190.393014115468,25.913339580780168
13,EGGS,2575.0,2590.9830981064933,25.881254193782485
10,HOME CARE,8317.0,8532.302232572876,25.778576088255164
22,MEATS,5056.389967,5107.214164846189,25.760233763881907
13,BREAD/BAKERY,6022.0,6185.129245660125,25.68276736910215
19,PERSONAL CARE,9105.0,9256.011016067503,25.640515951337825
22,HOME CARE,8379.0,8536.926148012513,25.619987003359334
24,EGGS,10714.0,11121.545644831447,25.54075688454673
15,EGGS,4347.0,4064.4046829702047,25.21223396853921
10,EGGS,2107.0,2022.38119403298,25.174205436218475
1,PERSONAL CARE,6754.0,6588.635799892517,25.139180874186472
12,MEATS,7341.047014,7323.460334804884,25.06066848108421
42,DELI,8222.385,8708.605205749307,25.03430990609042
19,GROCERY II,1668.0,1597.978792336131,24.97698395374459
3,CELEBRATION,2180.0,2161.137214459076,24.783022186638515
33,BREAD/BAKERY,11382.0,11772.358096178237,24.652649751666964
25,HOME CARE,5099.0,4611.000304239347,24.61199044696693
52,GROCERY II,2749.0,2686.3341117768628,24.583020137772333
24,DELI,12851.751,13117.411532049453,24.537841995353723
25,DELI,6853.94,6471.15838528591,24.537812577829474
22,DELI,7380.0,7769.95103547864,24.485969533368085
10,POULTRY,6837.700006,6964.178842152617,24.432879251343287
21,POULTRY,8488.90502,8462.18550172747,24.41038492467758
22,EGGS,2728.0,2658.8504904437377,24.244671438932475
54,EGGS,3250.0,3423.426198943959,24.237064317941833
46,PREPARED FOODS,6965.376014,7238.436900334634,24.22893177153571
14,BREAD/BAKERY,7686.0,7817.600793553098,24.218280559551065
32,DAIRY,8330.0,8740.506258745922,24.208473140607122
43,MEATS,10224.55599,9970.830099470115,24.16585984022227
13,HOME CARE,7076.0,7289.6273968328005,24.125732419677608
34,HOME CARE,9906.0,10282.125238519637,24.08020147610778
9,FROZEN FOODS,5036.969008,5110.557772624832,24.05149037921919
36,"LIQUOR,WINE,BEER",2688.0,2655.271970015318,24.03435352208065
12,HOME CARE,8449.0,8850.654554272749,24.027111194805066
28,FROZEN FOODS,3667.131,3928.7297911501955,24.006013000709753
46,EGGS,7443.0,7986.221528471256,23.895752919496836
50,"LIQUOR,WINE,BEER",6303.0,6447.786254102302,23.80246765454362
19,"LIQUOR,WINE,BEER",2083.0,1939.5090264358619,23.606653071312707
30,BREAD/BAKERY,7644.0,7761.099446804329,23.50017742973815
8,FROZEN FOODS,8007.62399,8493.533826145027,23.466729440462625
49,HOME AND KITCHEN II,2900.0,2715.4041133221262,23.405782967243734
34,MEATS,8443.20603,8520.75120706814,23.39475536612924
16,PERSONAL CARE,6530.0,6725.435944668101,23.346670535717898
42,FROZEN FOODS,5581.372996,5796.999880259098,23.328266741599947
28,"LIQUOR,WINE,BEER",2586.0,3163.724192793725,23.1771518976198
36,POULTRY,5765.349991,5777.7315876379935,23.151608465186214
12,BREAD/BAKERY,8647.0,8634.317471596147,23.029210872466276
31,POULTRY,6421.348968,6347.188039884605,23.00434044188936
52,PREPARED FOODS,6095.217004,5893.743751379421,22.986558150656084
52,EGGS,10160.0,9889.615300211815,22.944452402710287
48,"LIQUOR,WINE,BEER",5716.0,5730.452948053548,22.930513645428615
35,HOME CARE,4863.0,5185.266121572283,22.698140555387823
35,PERSONAL CARE,4134.0,4237.047364972402,22.690920514061798
6,"LIQUOR,WINE,BEER",4388.0,4572.127805219483,22.576634424284304
25,EGGS,5619.0,5077.764409496526,22.554177524853618
6,FROZEN FOODS,7329.95,7619.8883334029915,22.486830790588428
40,FROZEN FOODS,3511.072,3672.3456898884388,22.484472383885745
6,HOME AND KITCHEN II,2497.0,2471.7438511079554,22.34366129655815
11,FROZEN FOODS,4431.51199,4703.738518077415,22.232740433359428
11,PREPARED FOODS,4929.298002,4900.805626692455,22.139843355356152
39,MEATS,8272.994024,8515.558051839864,22.002818410761478
13,SCHOOL AND OFFICE SUPPLIES,73.0,1071.0758174050566,21.963218084861857
26,HOME CARE,4236.0,4193.788428335525,21.892484983426222
45,EGGS,18691.0,19164.633458639833,21.760170110952405
41,POULTRY,9617.20398,9607.681392277349,21.706669698933204
9,PREPARED FOODS,5163.665991,5391.359428527231,21.694875534646084
34,DELI,10879.726,11097.14058360383,21.68450603902564
8,"LIQUOR,WINE,BEER",6799.0,6897.201758228309,21.667089811246182
32,DELI,4795.0,4911.705888893648,21.64983161939372
35,DELI,4385.0,4431.881142303941,21.635375875896955
21,FROZEN FOODS,4494.841992,4724.957502378935,21.404824026003396
14,POULTRY,4225.364984,4249.436719273225,21.347606264775834
2,HOME AND KITCHEN II,1449.0,1423.5109024787591,21.30863458343178
45,PREPARED FOODS,12154.417,12208.883464199851,21.185368499886682
16,BREAD/BAKERY,7174.0,7182.232528828052,21.11687996932497
28,PREPARED FOODS,3983.5679959999998,3922.5571776265315,21.095624717114756
19,MEATS,6937.856976,6744.270425188051,21.08165307163598
38,DELI,7363.864,7785.734643271484,21.080361479277506
37,DELI,7361.469004,7537.561638350294,20.975978326387057
26,"LIQUOR,WINE,BEER",1039.0,1719.8207178377406,20.966753079167326
35,FROZEN FOODS,2418.573,2362.1306616548713,20.96399067370992
8,PREPARED FOODS,7102.617986,7406.24284317499,20.82974042781739
39,"LIQUOR,WINE,BEER",2759.0,3488.730205333977,20.776759025606935
18,MEATS,5609.909,6135.793834798972,20.51380173269687
42,"LIQUOR,WINE,BEER",3346.0,3723.1685731206717,20.484338682591712
47,HOME AND KITCHEN I,3100.0,2823.9502667227703,20.42695813298335
12,POULTRY,7635.132985,7687.593485906783,20.383544924703195
44,GROCERY II,4511.0,4640.763237342619,20.349000260249152
7,PREPARED FOODS,6166.381014,6529.628171842869,20.324014192430457
17,FROZEN FOODS,5231.874,5503.752235470629,20.23948236853122
33,FROZEN FOODS,3330.797002,3599.144630648835,20.206662795656527
29,FROZEN FOODS,3928.875,4030.8619335498797,20.203688739758526
13,POULTRY,4674.976988,4954.692381036026,20.13284564000526
2,FROZEN FOODS,5368.967,5693.864780644035,20.046719189999124
23,PERSONAL CARE,6961.0,7119.978663862921,19.96527165829589
35,BREAD/BAKERY,4877.0,4670.93555193293,19.930561189053286
34,POULTRY,7122.602016,6849.364768722736,19.90958553303084
37,FROZEN FOODS,5590.886,5937.080902133395,19.900982044944957
44,HOME AND KITCHEN II,5556.0,5424.187430879453,19.850601238258207
1,EGGS,6130.0,6647.8056042214375,19.839562679455547
26,DELI,4297.9609980000005,4527.712650696099,19.82697723360102
18,"LIQUOR,WINE,BEER",2632.0,2906.147930205103,19.788220272825892
32,BREAD/BAKERY,5859.0,5696.013914226082,19.744208869273837
21,MEATS,5755.910005,5722.094823498886,19.65304048546451
15,MEATS,6214.07598,6204.915007205147,19.523956416231176
24,"LIQUOR,WINE,BEER",4311.0,4639.99359495944,19.48444730774155
4,"LIQUOR,WINE,BEER",4107.0,4367.651409692663,19.430894716610503
9,SCHOOL AND OFFICE SUPPLIES,2491.0,2526.833135384915,19.245222567913856
15,POULTRY,5035.3890169999995,5092.263780114443,19.19945982266107
23,DELI,6119.208996,6398.492597068163,19.095590136726532
45,HOME AND KITCHEN I,3462.0,3631.113579556354,18.98104900646731
32,PERSONAL CARE,3734.0,3905.8079154179945,18.950591839225687
17,SCHOOL AND OFFICE SUPPLIES,188.0,943.3037189177624,18.6561631638859
51,HOME AND KITCHEN II,2006.0,1985.332991522434,18.620421359901663
48,EGGS,5996.0,6432.824197305,18.573616385933533
1,FROZEN FOODS,5670.830999,5633.6169310990035,18.548917771800603
47,HOME AND KITCHEN II,3968.0,4108.159661819087,18.42569931565369
50,LADIESWEAR,987.0,1566.3986299854923,18.331972480103644
52,HOME AND KITCHEN I,2487.0,2544.216162790359,18.33013310451477
25,PERSONAL CARE,4968.0,4785.6182597093275,18.32680497380893
2,"LIQUOR,WINE,BEER",4141.0,4513.6315768735585,18.194267915166673
20,FROZEN FOODS,4195.401,4267.090515398399,18.10196152106993
41,GROCERY II,1984.0,1911.881108377097,18.074790186273336
23,HOME CARE,6187.0,6279.955278081231,17.96652821498942
2,EGGS,8260.0,8783.165808754504,17.934294860453203
23,FROZEN FOODS,3377.505,3581.732003649099,17.78620530510262
2,PREPARED FOODS,5075.56599,5226.67160218638,17.722607786787776
14,EGGS,1948.0,1942.738298993903,17.56184562144119
54,PREPARED FOODS,3990.0,3942.3911463424183,17.50587619617304
30,POULTRY,5200.120978,5258.899270757056,17.450867045445513
51,PREPARED FOODS,5907.698002,5877.623601094312,17.445754904658184
5,FROZEN FOODS,4589.812,4771.186511925583,17.429864760641607
46,"LIQUOR,WINE,BEER",5909.0,5892.884433507197,17.410221921206013
32,HOME CARE,4561.0,4688.70480068323,17.311495031333656
32,MEATS,3608.591002,3657.602966114588,17.300164363104642
44,AUTOMOTIVE,781.0,1396.0647472609505,17.280729724361844
45,SEAFOOD,4397.853004,4571.064184116232,17.22585363369255
38,FROZEN FOODS,5213.961,5361.89017045339,17.2129986048293
22,FROZEN FOODS,2657.723004,2757.363282387371,17.134231972622214
51,GROCERY II,2204.0,2086.71875687203,17.05318138127887
11,SCHOOL AND OFFICE SUPPLIES,463.0,1182.679462269104,17.005047245809553
35,POULTRY,2542.847994,2590.0669264633516,16.98274398510119
39,FROZEN FOODS,3680.832,3997.316701098689,16.972355555793378
33,PREPARED FOODS,1476.0,1888.0462196978976,16.965176504978384
50,HOME AND KITCHEN I,2666.0,2722.7874512923386,16.941362302901258
43,FROZEN FOODS,3321.907996,3226.950650217248,16.91363381505684
36,HOME AND KITCHEN I,1153.0,1155.8535277753545,16.90659289867729
3,HOME AND KITCHEN I,2804.0,2869.5512578911525,16.82466098110979
48,PREPARED FOODS,4658.94699,4705.910267350473,16.718209262626647
51,HOME AND KITCHEN I,1931.0,2227.405697749368,16.60754189888229
9,"LIQUOR,WINE,BEER",2689.0,2891.624252923579,16.586081367756506
41,EGGS,6515.0,6715.148409765316,16.542453440549707
30,DELI,5707.0,5835.271289430222,16.52271166530392
14,PREPARED FOODS,4209.0,4200.838205794405,16.348001385841325
23,"LIQUOR,WINE,BEER",2503.0,2658.7663301527064,16.211890656515454
6,EGGS,8627.0,9015.29344798195,16.153919155458635
3,GROCERY II,4023.0,4221.14615192643,16.13370705666352
10,BREAD/BAKERY,4758.0,5004.536384693815,16.06477135500273
34,"LIQUOR,WINE,BEER",1661.0,1910.3560635340932,15.900899902218626
49,GROCERY II,3419.0,3495.545996080651,15.820485778356971
11,GROCERY II,1417.0,1486.8208741802166,15.766983288130387
1,"LIQUOR,WINE,BEER",3957.0,4065.944998647195,15.692252488254672
29,HOME AND KITCHEN I,1360.0,1750.2132406460998,15.5496411132789
8,HOME AND KITCHEN II,2361.0,2128.0306409048176,15.466093080046665
19,EGGS,2917.0,3204.8001312728366,15.454136945302428
20,"LIQUOR,WINE,BEER",2474.0,2685.262483405551,15.395828046995959
24,GROCERY II,1714.0,1695.0398073948286,15.369443373617589
34,FROZEN FOODS,3242.443,3488.5930318823007,15.287193991505648
21,PREPARED FOODS,7377.65001,7121.789900719197,15.264774186219892
24,PREPARED FOODS,5453.396,5608.145652110254,15.205989471024637
42,EGGS,6652.0,7115.448908309152,15.197199920251432
46,HOME AND KITCHEN I,2109.0,2142.8175092546558,15.142014695708356
2,GROCERY II,2271.0,2246.7511172623376,15.132790069831564
45,HOME AND KITCHEN II,3960.0,3949.127414281627,14.986423942496945
6,LADIESWEAR,1215.0,1724.0987935869027,14.97435328541246
37,GROCERY II,2621.0,2577.4500591144974,14.946011772222933
18,HOME AND KITCHEN I,1254.0,1449.3928473048313,14.937747060556887
4,FROZEN FOODS,4626.239,4876.472035168733,14.93616868109995
37,EGGS,6141.0,6457.508268344309,14.82227205763306
30,MEATS,3371.672,3463.3021162693108,14.728994664921705
19,SCHOOL AND OFFICE SUPPLIES,69.0,723.2483806958376,14.704119322878523
13,"LIQUOR,WINE,BEER",1789.0,1816.3643021398416,14.644025032034676
17,"LIQUOR,WINE,BEER",2087.0,2377.8581848593453,14.578349413765954
38,PREPARED FOODS,3898.77801,3833.136063608118,14.44260477948994
50,HOME AND KITCHEN II,1887.0,2248.292029788229,14.421799993624504
10,HOME AND KITCHEN I,522.0,1031.9619527466184,14.415514759537686
6,PREPARED FOODS,4493.874979,4574.714998617084,14.404936321206234
44,SEAFOOD,4598.667,4726.074952797009,14.369377021341494
4,EGGS,6783.0,7155.803484334042,14.25388700475539
1,PREPARED FOODS,2861.655997,3028.9188401167376,14.161954605369003
54,FROZEN FOODS,1846.606,1971.3716668011657,14.153134356316052
53,PREPARED FOODS,3154.102,3139.208407147151,14.089861417551308
29,MEATS,5885.870993,5850.731896863408,14.068305607782007
12,"LIQUOR,WINE,BEER",1861.0,2175.1659769568732,14.05369017186742
33,HOME AND KITCHEN I,1437.0,1634.426483318016,13.969888447757928
26,FROZEN FOODS,1642.011007,1689.8792194059695,13.943444543370257
11,"LIQUOR,WINE,BEER",1998.0,2274.171321637915,13.879795892531451
54,POULTRY,3169.846985,3265.353089211058,13.87690829400744
37,HOME AND KITCHEN I,1360.0,1418.721038716015,13.79974073515421
5,"LIQUOR,WINE,BEER",2796.0,2911.734564184518,13.733649036767131
52,HOME AND KITCHEN II,2332.0,2285.861141279322,13.669671896690323
2,HOME AND KITCHEN I,878.0,1373.1560864549183,13.646245837082835
18,FROZEN FOODS,3053.909,3342.1853507340784,13.603500331133572
16,POULTRY,3371.053,3493.010392265102,13.572656922841151
20,SCHOOL AND OFFICE SUPPLIES,979.0,1058.9504734073198,13.544022065248575
8,HOME AND KITCHEN I,1974.0,2050.750448649488,13.459346326353687
12,PREPARED FOODS,1493.0,1759.479651811875,13.44823501974831
27,HOME AND KITCHEN I,1532.0,1731.7874587920592,13.433423427062428
39,PREPARED FOODS,2763.294998,2932.693570986582,13.35583184815604
21,HOME AND KITCHEN I,1866.0,1991.0312636250162,13.281013507386849
48,GROCERY II,2421.0,2423.2833709841602,13.158690473203384
49,SEAFOOD,3784.008017,3828.0263514999356,13.078793123586644
52,LAWN AND GARDEN,2721.0,2888.959962712297,13.023753627096962
37,PREPARED FOODS,3315.561997,3422.4046990987727,12.941609022306066
22,PREPARED FOODS,1656.0,1785.2051931378705,12.927777317563221
40,MEATS,6772.507005,6822.094000411498,12.849068343913077
40,PREPARED FOODS,2841.0,2779.0859560756826,12.792730282599779
50,PREPARED FOODS,3881.338017,3763.5108397566983,12.786818185279566
4,PREPARED FOODS,2336.836001,2303.6239736514276,12.751104096544736
32,POULTRY,2778.504006,2800.1643016152248,12.737173696800603
3,MAGAZINES,1258.0,1451.4714290280383,12.698391141356081
36,CELEBRATION,478.0,823.6253219577253,12.660662284994537
41,PREPARED FOODS,2845.255,2615.0242191426287,12.445313081789772
3,HOME AND KITCHEN II,2672.0,2743.863709679635,12.335472359062287
42,HOME AND KITCHEN I,1208.0,1165.7341197807327,12.300503210964331
50,EGGS,5434.0,5594.378126341431,12.288819660285235
9,HOME AND KITCHEN I,2319.0,2548.3571645469965,12.270026828076032
1,HOME AND KITCHEN I,1111.0,1331.438936026193,12.217857545891176
51,LAWN AND GARDEN,2252.0,2334.186431493535,12.126899930422823
18,PREPARED FOODS,2737.075,3056.7637632309275,12.112744869389374
41,HOME AND KITCHEN II,1665.0,1628.434868956068,12.098532854145505
31,PREPARED FOODS,3247.202996,3284.7523515702474,12.057627862601837
47,GROCERY II,2757.0,2942.2497136742136,11.996000085362095
14,"LIQUOR,WINE,BEER",960.0,1101.431433909336,11.96263791097657
38,EGGS,4461.0,4714.328924850873,11.83704026421591
53,HOME AND KITCHEN II,1224.0,1346.0339643397451,11.76888539833378
26,GROCERY II,730.0,800.0378398829355,11.707514287410364
40,HOME AND KITCHEN I,1648.0,1785.7259113180064,11.67082021948083
12,FROZEN FOODS,1928.699002,2023.7266578316012,11.644247690258162
27,PREPARED FOODS,3838.385994,3859.327272132384,11.619021547431574
20,PREPARED FOODS,3241.3800029999998,3356.3737514740533,11.588499154701097
45,LAWN AND GARDEN,1864.0,2118.5181308777046,11.549498077114007
37,HOME AND KITCHEN II,1271.0,1194.6547196534657,11.489040448274602
47,LADIESWEAR,1360.0,1520.693314328934,11.4873622685255
28,HOME AND KITCHEN I,1702.0,1935.8173891221932,11.43159122460374
3,SEAFOOD,4060.378001,4216.656952921183,11.399164032615525
5,PREPARED FOODS,2634.438,2617.346748552948,11.398208389359027
34,PREPARED FOODS,1605.615002,1692.6376376144,11.368415177248334
46,GROCERY II,2436.0,2506.7108342451234,11.332568443659099
16,FROZEN FOODS,1775.864006,1866.6918122747688,11.281707348480253
7,HOME AND KITCHEN II,1362.0,1234.318071342078,11.15031775990343
6,HOME AND KITCHEN I,1431.0,1672.6727550363396,11.14705887485399
54,HOME AND KITCHEN I,1055.0,1185.075767166525,11.116707503848215
53,EGGS,4535.0,4701.31488055127,11.061026911768735
3,LAWN AND GARDEN,2761.0,2943.7810321900433,10.997984016918284
23,HOME AND KITCHEN II,647.0,690.8378235177887,10.958966876914268
24,HOME AND KITCHEN II,1623.0,1680.8178412373325,10.948302401861794
44,CELEBRATION,1368.0,1444.9783166567936,10.920832378340746
14,FROZEN FOODS,2155.075004,2283.3288073253157,10.913455415530404
49,LAWN AND GARDEN,1542.0,1703.2931055103677,10.888281306234868
3,LADIESWEAR,2104.0,2215.9755658463864,10.880009647946146
8,GROCERY II,1849.0,1894.4658882941344,10.87013348309076
10,"LIQUOR,WINE,BEER",634.0,852.4172009645276,10.859336124128886
28,LAWN AND GARDEN,317.0,648.8488354479568,10.76890057576225
19,HOME AND KITCHEN I,699.0,1037.9982468625035,10.757844274789699
42,HOME AND KITCHEN II,906.0,816.2898569315666,10.680460458401011
36,LAWN AND GARDEN,1284.0,1481.1678684167434,10.650948872554471
16,MEATS,2684.615,2673.1092398814026,10.621489654349146
42,PREPARED FOODS,2633.780997,2684.729810619124,10.600478590001625
27,HOME AND KITCHEN II,1357.0,1334.5168249025478,10.592579557042248
27,LAWN AND GARDEN,1763.0,1826.4212194495617,10.55120985351312
28,BABY CARE,1.0,485.6459882817069,10.53578235395015
5,EGGS,4039.0,4141.2666268525,10.443346277596572
45,LADIESWEAR,1263.0,1401.3788061505284,10.42199297951297
8,LADIESWEAR,1578.0,1643.4416958850584,10.417022983558482
45,PET SUPPLIES,1174.0,1420.6078452610689,10.340875832123874
29,PREPARED FOODS,3071.672998,3070.669171848076,10.305942761797661
7,LINGERIE,379.0,649.4472508159683,10.292499962679107
44,PET SUPPLIES,2023.0,2155.661634738184,10.229293086894394
50,CELEBRATION,1636.0,1571.3778778297428,10.198683725172746
53,HOME AND KITCHEN I,1367.0,1479.0311293624293,10.186325381723433
34,HOME AND KITCHEN I,1470.0,1575.5269213551383,10.108301684591483
17,HOME AND KITCHEN I,1030.0,1210.2161781052964,10.103257295477224
48,HOME AND KITCHEN I,1572.0,1619.0840780162,9.979056055743499
6,GROCERY II,1757.0,1813.490577242445,9.94812948724874
17,PREPARED FOODS,2829.0,2881.797002883432,9.942644698976368
13,FROZEN FOODS,1625.501,1648.8786262845433,9.940619637550451
7,GROCERY II,1906.0,1981.8870927395105,9.918663061979576
44,LADIESWEAR,1472.0,1641.1536014813819,9.732395112505927
38,HOME AND KITCHEN I,1678.0,1556.5914304500034,9.688891476507854
15,FROZEN FOODS,3125.189,3067.5866396803212,9.631938761071995
19,FROZEN FOODS,2086.731004,2303.1774217001644,9.592432984181405
21,HOME AND KITCHEN II,1523.0,1742.1199667729675,9.566611293737697
25,HOME AND KITCHEN I,841.0,858.0238474320853,9.55032568756575
15,PREPARED FOODS,1938.0,1938.639932652537,9.516150363933468
30,FROZEN FOODS,2308.256998,2353.6058239372433,9.498189991815847
47,SEAFOOD,3464.558,3497.3323747493405,9.479957501579408
54,MEATS,2593.149999,2620.439453248522,9.465456652449024
39,LADIESWEAR,279.0,573.2008061883278,9.443117833851597
44,LINGERIE,1152.0,1053.6304951837876,9.438673276425444
36,PREPARED FOODS,2202.62,2146.4570489272437,9.43699361929935
39,GROCERY II,1700.0,1829.8787281389348,9.429441787736925
23,GROCERY II,1205.0,1261.6859812239002,9.428386525323644
7,LAWN AND GARDEN,1985.0,2069.3079626746844,9.41640216305062
19,HOME AND KITCHEN II,782.0,724.124807100208,9.352316755244676
25,LAWN AND GARDEN,1226.0,1297.0597932846867,9.34599589160002
47,LAWN AND GARDEN,1586.0,1696.0922640731762,9.337434800503846
20,HOME AND KITCHEN I,1099.0,1286.2651155129654,9.284480103622105
10,SCHOOL AND OFFICE SUPPLIES,39.0,433.2280603068794,9.276036322817925
9,HOME AND KITCHEN II,1975.0,1916.3515228041713,9.273629169877964
1,CELEBRATION,638.0,761.3197296112502,9.185411645052644
24,HOME AND KITCHEN I,982.0,1314.884120822079,9.14390435599279
27,GROCERY II,1423.0,1348.75089597665,9.107639214364486
8,SEAFOOD,1910.8600000000001,2027.0009358284753,9.039291010401813
42,GROCERY II,1570.0,1582.3603294396764,9.016856006559886
25,PREPARED FOODS,1763.064006,1639.2501702438894,8.967648281800622
41,LADIESWEAR,937.0,1043.0824017857203,8.8899119128444
1,GROCERY II,944.0,1041.410850859934,8.86826809248509
24,LAWN AND GARDEN,1864.0,1995.9458290137259,8.86251398330147
4,GROCERY II,1184.0,1165.5763620718021,8.858587635525938
46,PLAYERS AND ELECTRONICS,2139.0,2174.461348326462,8.841479148085176
48,LADIESWEAR,1194.0,1366.9330158879582,8.791260749252507
28,CELEBRATION,778.0,911.5221293208047,8.7794699946223
34,HOME AND KITCHEN II,1762.0,1820.3928304657697,8.75006025458901
51,SEAFOOD,2325.056997,2359.0432000590326,8.706601257854382
46,LADIESWEAR,1448.0,1590.3847970746149,8.663241425675135
45,CELEBRATION,1351.0,1457.4206159506666,8.62969435030646
46,SEAFOOD,2404.926008,2396.126397509814,8.574159308135199
11,HOME AND KITCHEN I,1173.0,1321.0851516900807,8.566573790361742
1,SEAFOOD,1180.1290007,1175.8720609872253,8.506283484166133
44,LAWN AND GARDEN,1260.0,1256.768844035259,8.492838562518909
31,"LIQUOR,WINE,BEER",879.0,1059.2994437769805,8.42003930680729
28,GROCERY II,754.0,687.0700684724317,8.391333014455286
37,LADIESWEAR,1199.0,1202.4337781673892,8.337920583105316
14,GROCERY II,568.0,656.5051375235167,8.33238353930019
38,GROCERY II,1339.0,1271.9879711613592,8.30063511904067
8,LINGERIE,1050.0,1004.5910891501144,8.275890424944425
22,GROCERY II,497.0,551.4270458139988,8.120889610445408
22,HOME AND KITCHEN I,970.0,1030.545131866572,8.079646679164785
15,"LIQUOR,WINE,BEER",1107.0,1147.5895438490138,8.075835911102303
44,PLAYERS AND ELECTRONICS,1805.0,1807.767475537734,8.052574906453964
11,LADIESWEAR,569.0,691.3274402052515,8.046125695810643
38,LAWN AND GARDEN,931.0,1106.1886246055044,8.035943890420947
16,PREPARED FOODS,1690.0,1658.6917004243005,8.009286362716468
1,HOME AND KITCHEN II,1076.0,1103.487927253293,7.996496208970073
40,GROCERY II,646.0,715.0610867738031,7.977807604459148
29,GROCERY II,925.0,922.3363668110461,7.8798472036513125
23,PREPARED FOODS,1568.452002,1610.9416110033574,7.830008596883237
32,FROZEN FOODS,943.857,1092.632230027005,7.812135501001674
42,LAWN AND GARDEN,1827.0,1889.4406127469415,7.796985841316962
49,LINGERIE,522.0,715.0415687670818,7.772156300066877
26,PREPARED FOODS,1103.0,1147.6527434216898,7.771697361601283
5,HOME AND KITCHEN I,1336.0,1462.338434747741,7.7419965847032755
46,LAWN AND GARDEN,1338.0,1417.0768999442748,7.685387006843933
14,CELEBRATION,421.0,538.0626954634017,7.668167488329248
25,GROCERY II,1047.0,968.1341975297,7.652260391319572
2,LAWN AND GARDEN,787.0,902.8181628829536,7.6355748274428406
49,CELEBRATION,1197.0,1260.2290936855106,7.626821238752439
8,LAWN AND GARDEN,1715.0,1839.1599495948046,7.616797878293523
47,CELEBRATION,1105.0,1132.3251530013113,7.611128868987122
14,HOME AND KITCHEN II,1065.0,1061.715923371547,7.572284377270755
41,LAWN AND GARDEN,992.0,1061.6094372621199,7.554085094888452
5,CELEBRATION,1064.0,1030.3067707533498,7.517861223971136
9,LADIESWEAR,602.0,811.1565194600411,7.485519428975192
41,HOME AND KITCHEN I,1276.0,1363.9215487074018,7.459446152529822
44,MAGAZINES,1242.0,1195.5713114584746,7.422473243090093
4,HOME AND KITCHEN I,674.0,776.3175177845458,7.411029632485543
31,GROCERY II,712.0,789.6116145409387,7.4029469892417215
26,EGGS,1702.0,1800.3067553936646,7.400704822051236
7,SEAFOOD,1942.874,1987.5690592870765,7.395206742046332
6,SEAFOOD,1810.306002,1897.2073007672152,7.38588426901553
10,PREPARED FOODS,1244.0,1203.5607751113866,7.328458385825798
15,HOME AND KITCHEN I,638.0,809.1732342683628,7.283036076850796
13,GROCERY II,693.0,709.8543048340294,7.226237039592084
10,FROZEN FOODS,1637.334002,1631.1849416338966,7.208083087618439
31,HOME AND KITCHEN I,1179.0,1338.4910372828408,7.198058635368271
40,CELEBRATION,465.0,431.2234249800026,7.116372271113449
6,CELEBRATION,618.0,752.8040421010733,7.044577574810966
13,HOME AND KITCHEN I,701.0,677.0134380831606,7.033715327922466
28,HOME AND KITCHEN II,933.0,934.9705599298651,7.023941834145351
37,LAWN AND GARDEN,1249.0,1323.3679701392139,7.015424033615057
31,HOME AND KITCHEN II,1019.0,998.908106890035,6.9996783959433175
14,SCHOOL AND OFFICE SUPPLIES,55.0,355.8772337996078,6.932765861149382
8,CELEBRATION,1020.0,1067.8543007859714,6.931828976154467
12,HOME AND KITCHEN I,752.0,944.780472394786,6.922420040370973
3,LINGERIE,1023.0,1069.5378402708118,6.894197531015976
11,CELEBRATION,727.0,761.918179152695,6.858411499308286
17,GROCERY II,753.0,819.0381603759173,6.797169632386673
23,EGGS,2334.0,2461.155068672079,6.760186826260202
36,GROCERY II,387.0,440.83882501856544,6.746866541781937
24,SEAFOOD,1184.4390045,1245.1690682273606,6.7090792152603935
49,PLAYERS AND ELECTRONICS,1570.0,1647.1964627292698,6.70751184191043
2,LADIESWEAR,1146.0,1237.3947193022793,6.695830088361002
13,PREPARED FOODS,1109.0,1125.9360756330366,6.658877413140038
23,CELEBRATION,608.0,674.7061285247544,6.639067109611792
4,LADIESWEAR,925.0,998.9917572908611,6.626142387194749
40,SEAFOOD,306.0,433.35340675858805,6.61923868560885
39,HOME AND KITCHEN I,1169.0,1225.6212237757534,6.611952783586412
46,HOME AND KITCHEN II,1222.0,1342.4992331084327,6.610230161626801
5,HOME AND KITCHEN II,1043.0,1094.556324122842,6.520903068482372
5,LADIESWEAR,648.0,691.1410791626114,6.470856549880453
46,PET SUPPLIES,1250.0,1261.2894247984386,6.456367437621634
25,HOME AND KITCHEN II,784.0,782.2477962827188,6.445336479336773
33,CELEBRATION,395.0,485.2549954442349,6.444354211698643
11,HOME AND KITCHEN II,981.0,1011.4694789472007,6.435109625700521
38,CELEBRATION,662.0,723.2341599673264,6.427687011643909
45,PLAYERS AND ELECTRONICS,1441.0,1416.2806703802646,6.415597494844086
2,SEAFOOD,1644.674,1712.359156659946,6.4097613740776245
39,HOME AND KITCHEN II,923.0,941.9341142742674,6.384581682142116
23,HOME AND KITCHEN I,674.0,819.1547283292687,6.382789395123496
27,CELEBRATION,805.0,851.8116211318107,6.347580228216269
8,PET SUPPLIES,968.0,997.7120983517218,6.3453470246897785
50,SEAFOOD,950.8560005,965.8538604456542,6.256055704279018
20,SEAFOOD,732.0279931,840.000198388554,6.232608708315031
1,LAWN AND GARDEN,878.0,908.8576766010636,6.198293093161153
24,CELEBRATION,801.0,785.3946344444993,6.189864031088929
14,HOME AND KITCHEN I,546.0,655.5134614309947,6.18232989506451
48,CELEBRATION,897.0,923.9067237499102,6.1670677445138535
43,HOME AND KITCHEN II,951.0,946.025729729353,6.156716768570372
7,CELEBRATION,879.0,907.0744388261166,6.14985457973975
38,LADIESWEAR,1162.0,1197.9798338316648,6.146145582394344
52,PLAYERS AND ELECTRONICS,1290.0,1271.1493919636544,6.141638711959286
50,PLAYERS AND ELECTRONICS,1192.0,1192.106406480202,6.135202171723575
20,GROCERY II,693.0,831.0795899313628,6.112591582144534
43,CELEBRATION,787.0,819.4181047015869,6.104884679044909
1,MAGAZINES,287.0,407.1651384243613,6.068810691568977
42,LADIESWEAR,870.0,978.7880246151149,6.064821994168454
9,CELEBRATION,772.0,894.6847397793174,6.0382929742423315
32,HOME AND KITCHEN I,542.0,722.1615852324036,6.02142702090647
30,PREPARED FOODS,1005.0,963.0928283577783,6.0087565081307615
17,HOME AND KITCHEN II,1178.0,1088.6351970955652,5.978628619907516
27,SEAFOOD,822.6819985,839.3709725365071,5.973748616439379
3,PLAYERS AND ELECTRONICS,1191.0,1215.9634834889482,5.961524448719651
21,GROCERY II,832.0,843.0715445368653,5.944635029934678
12,CELEBRATION,494.0,463.6098573458515,5.880219874060505
40,HOME AND KITCHEN II,1185.0,1204.253421864697,5.866382010316047
29,HOME AND KITCHEN II,974.0,1001.0393108646051,5.8322916351738
18,SEAFOOD,707.4190015,763.2998560917262,5.832101129013297
47,PET SUPPLIES,1252.0,1328.0057211439178,5.825199523466727
47,PLAYERS AND ELECTRONICS,1467.0,1439.4475656061554,5.777704406486742
4,LAWN AND GARDEN,1015.0,1117.8337199683158,5.775062586727193
6,LAWN AND GARDEN,873.0,882.1966121735386,5.71101385350454
19,LADIESWEAR,395.0,451.3007213565998,5.706026246698884
43,HOME AND KITCHEN I,727.0,729.4742616990654,5.675908997792177
48,PLAYERS AND ELECTRONICS,1206.0,1233.2521178058478,5.6611263319138905
51,CELEBRATION,461.0,534.7084555672052,5.6080090361280295
46,CELEBRATION,748.0,819.2125847090628,5.605262301995601
46,LINGERIE,388.0,501.3083481280726,5.574666402024798
35,HOME AND KITCHEN I,534.0,679.8480459503409,5.563869357136953
49,PET SUPPLIES,1026.0,1054.9820997359554,5.521266365969441
19,PREPARED FOODS,1223.0,1300.4000746151391,5.502274686300488
15,GROCERY II,373.0,420.19413368689885,5.459277382685469
35,HOME AND KITCHEN II,400.0,460.9576159630242,5.458157075990601
48,SEAFOOD,1170.6680000000001,1167.2063233064553,5.429617055879966
33,HOME AND KITCHEN II,825.0,878.7270919629619,5.4194047450920815
51,PET SUPPLIES,1061.0,1109.6493550333369,5.416591420725854
22,HOME AND KITCHEN II,815.0,862.1423412530173,5.407393605556181
9,BEAUTY,386.0,492.5943091917515,5.405327649656547
18,GROCERY II,656.0,657.2469512205198,5.399515606238691
8,MAGAZINES,879.0,849.3290671298282,5.388676231585437
17,AUTOMOTIVE,421.0,502.14896269368603,5.365275976040893
16,HOME AND KITCHEN I,565.0,575.0294270334276,5.362588955682503
49,MAGAZINES,886.0,836.279372295442,5.36246347748985
54,GROCERY II,415.0,342.1337127982041,5.354297437557285
39,LAWN AND GARDEN,751.0,792.1842725110026,5.343127472719608
53,LAWN AND GARDEN,640.0,663.6673998376972,5.332179719750624
24,LADIESWEAR,611.0,604.9219428548685,5.327774822570046
2,PLAYERS AND ELECTRONICS,417.0,548.247110021266,5.300606069661839
41,CELEBRATION,576.0,597.3949125522882,5.288001085386636
20,HOME AND KITCHEN II,783.0,797.9373713215822,5.283595616679974
48,BEAUTY,985.0,951.9017793417223,5.270348811714212
49,LADIESWEAR,841.0,923.140856611241,5.265774372451488
17,CELEBRATION,322.0,402.65934950644953,5.250968059835391
9,GROCERY II,622.0,686.1340046469627,5.247507592786501
48,LAWN AND GARDEN,653.0,681.186823711459,5.234150659638944
52,AUTOMOTIVE,554.0,605.7937635232151,5.207544433830665
38,PET SUPPLIES,408.0,531.7613648408307,5.196767981144789
33,LINGERIE,650.0,667.0190275966837,5.1959201144101455
7,LADIESWEAR,722.0,758.2970358487569,5.19544624019943
47,MAGAZINES,697.0,687.2729728645076,5.1579332603436026
9,SEAFOOD,809.4039995,871.3567869870953,5.155704186917949
35,PREPARED FOODS,865.0,814.9194398220271,5.144348278568303
51,PLAYERS AND ELECTRONICS,500.0,572.8020378595456,5.116873988418999
1,LINGERIE,322.0,358.16634666939467,5.112429912466994
24,MAGAZINES,584.0,555.9681138097162,5.098482220874423
6,LINGERIE,435.0,471.80200577295193,5.002579776339571
12,GROCERY II,496.0,495.0911659921104,4.998453347087161
7,MAGAZINES,607.0,577.4142533036768,4.98340533946445
53,GROCERY II,795.0,834.7190176401341,4.968226559757683
37,SEAFOOD,549.2469985,645.1884711743272,4.960273362963911
50,BEAUTY,683.0,722.7677420103828,4.9544204112594405
48,PET SUPPLIES,933.0,993.3756076296513,4.929712123728979
15,HOME AND KITCHEN II,863.0,864.4244645749488,4.922527469481893
45,MAGAZINES,980.0,928.6543156311551,4.919814380651955
3,PET SUPPLIES,956.0,966.8964571922205,4.889743173569933
18,HOME AND KITCHEN II,802.0,750.8795312382417,4.885553659073668
22,LINGERIE,256.0,373.59032696367944,4.870295100226256
44,BEAUTY,809.0,844.6408063744861,4.828992109839036
39,AUTOMOTIVE,443.0,503.66414081334284,4.824015443275498
12,HOME AND KITCHEN II,953.0,875.09721235486,4.817244380749928
5,LINGERIE,550.0,554.4036910469362,4.809246699120325
19,AUTOMOTIVE,326.0,412.18459005463853,4.806370717399392
20,LAWN AND GARDEN,318.0,416.3496745650776,4.790399623976524
48,AUTOMOTIVE,654.0,717.6991029328929,4.788193939264781
1,LADIESWEAR,604.0,608.1868317845151,4.7853275804555215
24,LINGERIE,468.0,469.94956232843816,4.761841916601709
43,LAWN AND GARDEN,432.0,454.2778651506422,4.74155196593887
17,SEAFOOD,752.0,769.8520849926141,4.735435556404329
4,SEAFOOD,1225.018,1278.9804547004178,4.733556264200409
42,SEAFOOD,786.791,843.0099102302031,4.714150387160784
47,BEAUTY,940.0,931.5052290794151,4.71382655808094
4,HOME AND KITCHEN II,583.0,662.8193972460195,4.689044894292112
31,LINGERIE,466.0,499.7295957866106,4.672340441847496
45,BEAUTY,679.0,662.674929924935,4.671673721354792
43,GROCERY II,523.0,508.9349500227257,4.669254241757553
53,LADIESWEAR,282.0,328.08485588279814,4.662469640341662
39,LINGERIE,389.0,420.9336331901394,4.657318786819341
27,PET SUPPLIES,495.0,542.0951386076036,4.641762565432487
37,PET SUPPLIES,566.0,534.9331071034278,4.623505504441813
49,AUTOMOTIVE,561.0,558.7195135989502,4.6116661115155555
52,CELEBRATION,569.0,528.1047275584798,4.610060631474073
9,AUTOMOTIVE,582.0,577.7656288349451,4.60789183397183
47,AUTOMOTIVE,775.0,778.7192897037455,4.601457261508586
26,HOME AND KITCHEN I,560.0,644.3316950837982,4.600574653913411
46,BEAUTY,930.0,903.3411283060514,4.595231264887284
2,CELEBRATION,580.0,613.600738817696,4.593856059125263
52,SEAFOOD,435.076999,508.01033845660027,4.577947864882803
42,CELEBRATION,470.0,536.316171641999,4.568032665611615
52,PET SUPPLIES,741.0,760.3202868413753,4.567416793614953
27,LADIESWEAR,398.0,407.2932230464602,4.564187927475928
39,SEAFOOD,827.712,864.5939314848828,4.5597270844241935
21,LINGERIE,523.0,520.6923928511035,4.539735703106408
13,HOME AND KITCHEN II,477.0,476.4165820625816,4.5380212233030734
22,CELEBRATION,392.0,390.6192970392736,4.5369255293892525
16,HOME AND KITCHEN II,638.0,643.2298700194436,4.513702087477606
1,BEAUTY,162.0,301.105307317031,4.498323772273525
11,SEAFOOD,511.0,504.8825534159495,4.450932819111834
31,CELEBRATION,533.0,536.0949415189444,4.4468297539037325
52,LINGERIE,398.0,349.4640774499844,4.437695765102843
11,PLAYERS AND ELECTRONICS,718.0,680.0803580814326,4.413942759833366
10,GROCERY II,269.0,291.7151584272167,4.4095584745605585
52,BABY CARE,0.0,202.74509690086754,4.407502106540599
52,BOOKS,0.0,202.74509690086754,4.407502106540599
32,PREPARED FOODS,570.0,586.6131110065925,4.394975163698139
8,PLAYERS AND ELECTRONICS,986.0,1013.9727310521782,4.391582095184596
6,PLAYERS AND ELECTRONICS,709.0,683.9526441853948,4.388201514228178
4,CELEBRATION,393.0,448.5798303281133,4.33980286117354
37,PLAYERS AND ELECTRONICS,696.0,666.2927906826362,4.337302927829291
24,PET SUPPLIES,821.0,847.4132608352664,4.331345754797398
39,PLAYERS AND ELECTRONICS,554.0,557.2681854260402,4.330296727388113
25,MAGAZINES,396.0,334.8639499633755,4.280029637258854
50,AUTOMOTIVE,513.0,533.2132532528586,4.258345741884907
18,CELEBRATION,388.0,390.8875513451678,4.250915866855995
38,PLAYERS AND ELECTRONICS,521.0,533.4048805238554,4.215590817745322
54,HOME AND KITCHEN II,602.0,645.3841650877739,4.214075070115086
38,SEAFOOD,776.9160007,784.5011705031915,4.194804249833141
18,LADIESWEAR,515.0,539.1482201271267,4.185618244314023
51,LINGERIE,316.0,363.00200742812564,4.1834448697064985
45,LINGERIE,231.0,334.49212215266476,4.14726179715454
50,PET SUPPLIES,651.0,660.1742897877924,4.144444283714108
12,LINGERIE,247.0,324.9478584021505,4.124414355711742
38,MAGAZINES,534.0,501.2719049242771,4.114696492699861
31,LAWN AND GARDEN,239.0,254.98702868262706,4.1011623599411795
30,GROCERY II,252.0,293.5744676193629,4.062189079486143
36,HOME AND KITCHEN II,505.0,487.5516449582137,4.056569099944732
47,LINGERIE,287.0,223.76997355417976,4.021111785896282
46,AUTOMOTIVE,623.0,649.1460138065994,4.020165052085304
41,LINGERIE,444.0,447.57676722263085,4.002960555054188
17,LINGERIE,306.0,311.0923408167901,3.9961841966478096
51,SCHOOL AND OFFICE SUPPLIES,240.0,336.19723945902075,3.975673411541813
21,BEAUTY,245.0,352.5691926666685,3.956478226772935
30,HOME AND KITCHEN I,638.0,666.5039666938526,3.9502033212139636
45,AUTOMOTIVE,803.0,777.5648004176712,3.9317222115016093
23,LADIESWEAR,614.0,608.353138521514,3.920718991023457
29,CELEBRATION,590.0,607.1535388090166,3.916689820330667
36,LINGERIE,157.0,215.05904184562465,3.9128244927565405
52,LADIESWEAR,429.0,457.8746038386986,3.9046628296819725
11,LINGERIE,476.0,460.74145428407445,3.897215607584812
25,PLAYERS AND ELECTRONICS,325.0,348.17981483916,3.8781075834650633
51,MAGAZINES,537.0,525.4965705279169,3.8702386303313934
26,HOME AND KITCHEN II,491.0,484.7730801182693,3.8598018733245287
26,LAWN AND GARDEN,348.0,372.13708015515226,3.8579327408326978
15,LADIESWEAR,419.0,459.78483258292215,3.851002730738646
2,PET SUPPLIES,416.0,452.94451442648926,3.8302194529141396
5,SEAFOOD,504.1019992,504.5133092811076,3.7933224719635597
16,GROCERY II,295.0,296.4930857497754,3.777045635607605
49,BEAUTY,582.0,576.9906679032458,3.766409918773519
21,SEAFOOD,376.0,396.1431871881373,3.7577706659163206
40,LINGERIE,410.0,401.74289747292227,3.7475510280908217
20,CELEBRATION,397.0,418.5147789977909,3.74563636067907
21,CELEBRATION,330.0,299.8473222777847,3.732826984529811
41,SEAFOOD,350.914,361.2760966452162,3.7169481771513104
40,PLAYERS AND ELECTRONICS,488.0,455.50810452839465,3.706160231375179
5,LAWN AND GARDEN,460.0,453.1487726101865,3.703441984255106
24,PLAYERS AND ELECTRONICS,479.0,463.5084872179531,3.6923500664867883
40,BEAUTY,157.0,269.2748043781385,3.671349073548467
53,CELEBRATION,375.0,381.98796243004824,3.6596507999643486
7,PLAYERS AND ELECTRONICS,643.0,640.2684369011332,3.6504254823941436
1,PLAYERS AND ELECTRONICS,366.0,350.4822524049155,3.6352018647795634
37,MAGAZINES,460.0,426.23579144032647,3.610034441713299
35,GROCERY II,273.0,247.5816289652687,3.599749149453767
34,LAWN AND GARDEN,274.0,340.2927837590473,3.588493981820493
28,AUTOMOTIVE,350.0,375.7169816028084,3.5834969969119452
3,BEAUTY,691.0,696.753112363334,3.5763885407636073
29,SEAFOOD,350.0,339.9405720037496,3.5674392151861354
34,CELEBRATION,394.0,360.7998471531906,3.564523924667586
18,LINGERIE,241.0,284.24634978299457,3.5621247172380666
38,LINGERIE,459.0,448.09338153568103,3.561300456002464
17,PLAYERS AND ELECTRONICS,396.0,392.1827455551261,3.553782585122709
46,MAGAZINES,477.0,447.47964869375033,3.5338840909487486
2,MAGAZINES,407.0,391.9167617224905,3.4944124157145766
27,PLAYERS AND ELECTRONICS,458.0,483.7613606937762,3.478616940250059
53,AUTOMOTIVE,478.0,495.77542601150736,3.47040645047392
8,BEAUTY,501.0,486.49446958507303,3.462593279060531
42,PET SUPPLIES,429.0,431.5961671867688,3.4469716136384285
20,AUTOMOTIVE,386.0,396.2280437858351,3.4305857118074687
16,CELEBRATION,276.0,287.35808777504405,3.4243446141068823
52,MAGAZINES,476.0,439.6852882818717,3.4067337451591966
9,LINGERIE,337.0,323.09529215052333,3.40485956137492
29,AUTOMOTIVE,324.0,342.4520820750874,3.402845769411082
13,CELEBRATION,316.0,295.99508515438987,3.4018703273190645
21,AUTOMOTIVE,533.0,522.7604085897899,3.400653820965106
27,LINGERIE,416.0,384.66597800851997,3.374986617918535
41,PET SUPPLIES,633.0,627.760524517908,3.358610910904608
25,CELEBRATION,352.0,341.68365910263145,3.3556979835341134
37,CELEBRATION,418.0,439.0599279842725,3.3451327343867816
6,PET SUPPLIES,462.0,474.4652235644686,3.3401821170148573
31,AUTOMOTIVE,408.0,413.8824201631799,3.332708319378308
31,PLAYERS AND ELECTRONICS,334.0,375.61533656056156,3.323992441650781
54,CELEBRATION,189.0,210.40595421286534,3.3118242144544423
18,BEAUTY,203.0,276.999260205321,3.2951404157663804
39,CELEBRATION,355.0,395.3136363744661,3.27206196310014
41,MAGAZINES,548.0,513.5189589102528,3.2549349344731904
33,BEAUTY,134.0,215.37442773646362,3.2463772481195607
13,PLAYERS AND ELECTRONICS,277.0,265.45049210784083,3.2427431911337012
42,PLAYERS AND ELECTRONICS,454.0,469.8934083589177,3.239068233687849
42,LINGERIE,235.0,281.5733526249542,3.2365507364269464
20,PLAYERS AND ELECTRONICS,285.0,263.7885218725646,3.2318677438300085
53,BEAUTY,207.0,282.89113217376695,3.228195314050549
42,MAGAZINES,448.0,431.2393032525644,3.224644853930603
34,GROCERY II,365.0,341.88148316816023,3.217891738176821
19,LINGERIE,220.0,245.46945862316517,3.209182492890663
2,LINGERIE,274.0,325.00466001936576,3.2087103036172597
12,AUTOMOTIVE,281.0,295.12218715055855,3.187848003167307
11,AUTOMOTIVE,373.0,359.07159407660896,3.179046453826929
3,AUTOMOTIVE,535.0,547.6950071319288,3.164602667175694
28,SEAFOOD,202.0,195.78900036235044,3.1520896783348396
11,BEAUTY,228.0,306.7850726424366,3.151359570143326
12,LADIESWEAR,337.0,339.4997354824453,3.1461505616156358
2,AUTOMOTIVE,303.0,304.873237396188,3.1352491245082
39,BEAUTY,172.0,261.9902479886715,3.125965809132317
9,PET SUPPLIES,377.0,380.2961529901198,3.123102710212439
53,MAGAZINES,170.0,218.61766111069272,3.106209222188007
12,SEAFOOD,185.0,243.06572404566126,3.0948795175003405
30,HOME AND KITCHEN II,421.0,425.12592465783246,3.089111497955958
18,LAWN AND GARDEN,269.0,282.4846890481516,3.0739370652690368
19,CELEBRATION,295.0,283.1459775080293,3.069607821037724
50,MAGAZINES,451.0,440.9472769728484,3.065947732201281
12,PLAYERS AND ELECTRONICS,289.0,273.0099760645063,3.047625500806325
29,LAWN AND GARDEN,283.0,306.3540850947073,3.0475359524940338
5,PET SUPPLIES,164.0,215.96333314429293,3.037637537356484
43,SCHOOL AND OFFICE SUPPLIES,167.0,232.78462626792268,3.0354160879038954
33,AUTOMOTIVE,412.0,438.1344126835701,3.0324555225822643
23,PLAYERS AND ELECTRONICS,278.0,286.01016206407667,3.024413908192691
41,AUTOMOTIVE,353.0,350.79210972165686,3.020064684136531
51,AUTOMOTIVE,385.0,391.2695344571991,3.0198374829494723
50,LAWN AND GARDEN,442.0,453.4128922084283,3.002316292396824
20,LADIESWEAR,200.0,286.48030998373133,2.9987450966577827
23,SEAFOOD,390.6730005,392.24370210172015,2.9973367732122354
26,CELEBRATION,303.0,313.8468531834681,2.976211556332375
15,SEAFOOD,229.0,272.67431060152944,2.97548790658111
54,BOOKS,0.0,135.58613979403745,2.947524778131249
54,SCHOOL AND OFFICE SUPPLIES,0.0,135.58613979403745,2.947524778131249
54,LADIESWEAR,0.0,135.58613979403745,2.947524778131249
54,BABY CARE,0.0,135.58613979403745,2.947524778131249
54,LAWN AND GARDEN,0.0,135.58613979403745,2.947524778131249
53,BOOKS,0.0,135.56877072660424,2.947147189708788
22,PLAYERS AND ELECTRONICS,297.0,289.9894015706905,2.9193670827973928
28,PLAYERS AND ELECTRONICS,236.0,246.08131025762165,2.909095030299418
53,LINGERIE,322.0,312.0058944486578,2.9038132863040573
20,BEAUTY,271.0,283.7814509772516,2.9021202554680796
34,PLAYERS AND ELECTRONICS,305.0,304.99231728652586,2.897051301662992
4,AUTOMOTIVE,165.0,224.3316677761395,2.893721444087526
4,PET SUPPLIES,349.0,361.5932084018492,2.8915191502030164
38,SCHOOL AND OFFICE SUPPLIES,79.0,69.57005313236749,2.890229658112964
4,PLAYERS AND ELECTRONICS,454.0,466.17597535796347,2.8686317758227715
10,CELEBRATION,180.0,214.38753924938456,2.864391680342245
25,LINGERIE,187.0,175.6386792897406,2.8575865220924945
27,AUTOMOTIVE,338.0,331.1802851115544,2.85499220175934
51,LADIESWEAR,169.0,180.31679973448902,2.8358012218730586
2,BEAUTY,328.0,349.2565577154511,2.8327220162804436
30,CELEBRATION,219.0,204.04948835556132,2.820976649531292
25,SEAFOOD,197.0,190.7553933053497,2.7944165438306197
7,PET SUPPLIES,360.0,378.96007939784573,2.787975640508026
4,MAGAZINES,341.0,320.26802903012145,2.7778500583325725
9,LAWN AND GARDEN,271.0,299.65516117694256,2.7701246871122827
18,PLAYERS AND ELECTRONICS,349.0,337.29374740532745,2.7594622290885855
52,HOME APPLIANCES,15.0,139.4952137095044,2.757368228554242
43,AUTOMOTIVE,280.0,248.36423293118705,2.7529356296742877
39,PET SUPPLIES,372.0,375.72863954495784,2.731845706728673
54,SEAFOOD,135.0,184.33919318542078,2.719070553648083
52,BEAUTY,393.0,432.02919293822373,2.7126552882467703
30,SEAFOOD,268.0,288.70622921771167,2.708088220028688
29,LINGERIE,298.0,304.38289676548686,2.703222303954885
5,MAGAZINES,336.0,316.69808365581014,2.6988401885685893
5,AUTOMOTIVE,291.0,290.8720289124004,2.692880992969992
5,BEAUTY,292.0,298.0276619373453,2.686317209332657
8,HARDWARE,204.0,199.8182959015596,2.672688621441897
21,LADIESWEAR,199.0,214.43727077241502,2.671989197010862
9,PLAYERS AND ELECTRONICS,383.0,395.1308577246448,2.670661424121931
25,PET SUPPLIES,262.0,245.5426071678635,2.6673802362281345
28,LINGERIE,266.0,277.50153922734654,2.657028592543447
14,AUTOMOTIVE,200.0,212.21724721313697,2.656862510515032
34,PET SUPPLIES,206.0,222.14635450296842,2.655216429190684
19,SEAFOOD,213.0,207.40921913397062,2.651294689927941
53,PLAYERS AND ELECTRONICS,342.0,357.2187432757458,2.6512817649676075
37,AUTOMOTIVE,183.0,202.26644916275637,2.623770343525427
19,PLAYERS AND ELECTRONICS,285.0,276.660992718598,2.620039848002135
29,PLAYERS AND ELECTRONICS,222.0,227.49563387222636,2.610285341797708
32,CELEBRATION,176.0,177.5377260994353,2.607755642342571
4,HARDWARE,77.0,141.97711721544678,2.5870878933662294
4,BEAUTY,235.0,266.46811822786185,2.5755141007597215
53,SEAFOOD,186.0,220.78416793772666,2.5646636803247986
30,PLAYERS AND ELECTRONICS,230.0,236.48435154800947,2.557148849819234
41,PLAYERS AND ELECTRONICS,440.0,440.2661951694108,2.5546473071305065
53,PET SUPPLIES,251.0,264.4739126132263,2.553872831149593
31,SEAFOOD,291.0,301.49533520490314,2.5458346640705134
43,MAGAZINES,148.0,149.9263945238315,2.5422316148237387
34,HARDWARE,178.0,193.11263497504277,2.534521042422605
14,SEAFOOD,237.0,260.02227370460287,2.526121416158638
52,SCHOOL AND OFFICE SUPPLIES,221.0,195.99605871667904,2.523341000461756
22,SEAFOOD,123.0,144.49978036592955,2.5161290739108915
37,BEAUTY,287.0,280.41078436396464,2.4980927568228797
7,AUTOMOTIVE,270.0,274.1082635891345,2.493459109277509
5,PLAYERS AND ELECTRONICS,347.0,352.16557260238693,2.4830227375750917
54,PET SUPPLIES,6.0,118.35652252365449,2.4783149883605624
10,BEAUTY,126.0,179.59030459266776,2.4671446897086597
14,PLAYERS AND ELECTRONICS,246.0,242.6308169980657,2.452529334527933
10,HOME AND KITCHEN II,394.0,372.8078218375789,2.4420392674122904
14,LINGERIE,150.0,161.05156105626537,2.4193266832853486
8,AUTOMOTIVE,256.0,254.7150081613534,2.3980261983642577
44,HARDWARE,231.0,236.02637145637942,2.3971285547159527
20,LINGERIE,221.0,223.32605821192104,2.3960287182814555
39,MAGAZINES,181.0,186.88705249565425,2.365636073642288
42,BEAUTY,235.0,259.43544784309046,2.3580088848181955
15,PLAYERS AND ELECTRONICS,245.0,249.46115541787955,2.3537337672438126
48,MAGAZINES,295.0,271.94152869188474,2.3525477360623346
20,PET SUPPLIES,232.0,255.3952683516945,2.3340031492462527
15,LINGERIE,181.0,208.07254375396965,2.3293446168251486
15,BEAUTY,185.0,216.94461987073527,2.3261196312279564
32,HOME AND KITCHEN II,186.0,175.1142147484977,2.3243823317339984
33,GROCERY II,187.0,191.40598043561903,2.322531628031913
40,AUTOMOTIVE,192.0,217.32748352820894,2.3155156009991025
31,BEAUTY,144.0,212.69159449304567,2.305902579642111
1,AUTOMOTIVE,218.0,223.68223371942005,2.3053809569011214
24,BEAUTY,238.0,258.3324217746072,2.298125820918142
38,BEAUTY,347.0,340.34604088716225,2.2949597535913058
50,LINGERIE,155.0,168.6909062055274,2.290571830771264
48,LINGERIE,114.0,117.15457132484082,2.2864592239121513
36,AUTOMOTIVE,205.0,204.46173878868512,2.2745637533435614
53,BABY CARE,11.0,108.32865286069179,2.272083660047706
6,BEAUTY,321.0,342.7583150010456,2.256793491185848
13,SEAFOOD,136.0,166.73882655692188,2.2452819268824102
52,HARDWARE,166.0,166.5177165990406,2.241221448390409
54,HOME APPLIANCES,10.0,103.35566488704599,2.2396135820148935
36,PLAYERS AND ELECTRONICS,200.0,234.10485820289531,2.2350156087246633
21,LAWN AND GARDEN,172.0,177.555846108188,2.233742392998828
26,AUTOMOTIVE,233.0,239.47588227674504,2.2034015512633123
13,AUTOMOTIVE,226.0,235.58296491851047,2.197428757054438
54,AUTOMOTIVE,327.0,324.5099249253727,2.195064323687468
7,BEAUTY,250.0,261.3806566472321,2.192953128057304
29,PET SUPPLIES,247.0,255.81049468389932,2.191708236680014
33,PLAYERS AND ELECTRONICS,222.0,241.63268345092564,2.1845404922764553
30,AUTOMOTIVE,152.0,157.39825179190865,2.182758265605667
22,AUTOMOTIVE,241.0,245.91239698264675,2.17925426339347
35,CELEBRATION,156.0,172.07155032122566,2.1682545215459688
38,AUTOMOTIVE,301.0,313.91627406755697,2.16400988057238
21,PLAYERS AND ELECTRONICS,265.0,255.195653261082,2.1590215046440355
6,AUTOMOTIVE,296.0,271.3086334643266,2.1460996235819136
32,GROCERY II,103.0,127.65547321820209,2.143577635751865
53,HOME APPLIANCES,8.0,104.44028861500834,2.14184676396865
10,PLAYERS AND ELECTRONICS,180.0,174.80529104436087,2.1413607652651474
28,PET SUPPLIES,260.0,268.73904718071657,2.1403293095769387
39,SCHOOL AND OFFICE SUPPLIES,160.0,155.1393704928906,2.139804904585316
17,BEAUTY,177.0,193.50550038494129,2.1328060371595865
13,LINGERIE,129.0,142.97328825576133,2.1306633522403895
34,LINGERIE,175.0,186.94488325791153,2.1292612508742415
13,BEAUTY,189.0,218.75949584773062,2.114889423583547
10,LADIESWEAR,157.0,137.06051911027072,2.098356573775736
51,BEAUTY,260.0,279.79906058877475,2.091383831092192
7,HARDWARE,153.0,167.13980131977473,2.0779505539720833
23,PET SUPPLIES,174.0,182.97046530948245,2.0738914759963363
3,HARDWARE,154.0,163.66330886235107,2.0688835960536536
16,AUTOMOTIVE,225.0,227.98803985193982,2.0481652147107794
36,PET SUPPLIES,133.0,137.57094604032747,2.04084879821864
34,LADIESWEAR,116.0,155.74563484784966,2.0352656362737065
41,BEAUTY,368.0,360.1925495837906,2.032873948013962
23,LINGERIE,132.0,155.74984382914434,2.02111280494531
25,AUTOMOTIVE,163.0,155.98939667704437,2.0203660696534085
34,SEAFOOD,180.0,197.6085598353443,2.0188108201294113
30,LINGERIE,152.0,165.9772741979702,2.016984500171524
54,LINGERIE,183.0,182.4663727767772,2.015673287932488
43,BEAUTY,191.0,192.58428940863337,2.005990925928644
37,LINGERIE,119.0,139.866310160747,2.002050504090871
35,AUTOMOTIVE,198.0,222.70735707746246,2.0012736115059444
15,CELEBRATION,125.0,120.21207743652354,1.9704660832279017
15,BABY CARE,67.0,92.77719389967723,1.9555013962753693
43,PLAYERS AND ELECTRONICS,108.0,102.8169216361034,1.9517324399769833
6,MAGAZINES,338.0,326.798112803257,1.9374102291546358
23,MAGAZINES,233.0,225.62997782600164,1.9358055829590395
1,PET SUPPLIES,211.0,245.1099433419561,1.930680315713429
21,PET SUPPLIES,148.0,159.40028839222705,1.9242945885060205
16,PLAYERS AND ELECTRONICS,150.0,154.37075576933026,1.9165407402619825
16,LINGERIE,132.0,125.90723640861773,1.9135547100743964
27,MAGAZINES,189.0,187.62872931011162,1.905975468092569
23,LAWN AND GARDEN,127.0,134.92770639943964,1.8802746770620062
18,AUTOMOTIVE,186.0,203.01087196468094,1.8454673390136591
18,PET SUPPLIES,204.0,221.62326236594618,1.8396048541697099
9,MAGAZINES,146.0,144.96408194563696,1.8338011578272853
22,BEAUTY,130.0,148.07789890350526,1.828581378635057
42,AUTOMOTIVE,183.0,185.25339925048863,1.8269829192417861
31,PET SUPPLIES,189.0,195.7930641328484,1.8209185712351976
10,SEAFOOD,101.0,105.66570475966772,1.8180269020253947
43,SEAFOOD,44.0,102.74728876629237,1.7968767367521443
26,SEAFOOD,116.0,119.17993518264815,1.7850644587976827
28,BEAUTY,167.0,181.2723337152336,1.7788042736915721
27,HARDWARE,131.0,127.05682638041597,1.7689270852800352
29,SCHOOL AND OFFICE SUPPLIES,108.0,112.80299453593784,1.7668440820936
28,SCHOOL AND OFFICE SUPPLIES,147.0,154.08988134256072,1.7661625853875793
54,PLAYERS AND ELECTRONICS,128.0,135.3235391134933,1.7493508196019134
19,MAGAZINES,120.0,110.67562326703728,1.7401918714128433
11,MAGAZINES,120.0,140.91767299789524,1.7371490051292866
32,PLAYERS AND ELECTRONICS,67.0,96.49912858440108,1.7368909761100564
34,AUTOMOTIVE,157.0,154.79890638397785,1.7304457470113757
11,PET SUPPLIES,128.0,135.03737986984243,1.7244746929168342
29,BEAUTY,150.0,171.25174847589375,1.7216349675594356
17,MAGAZINES,169.0,161.477794717768,1.720698663950987
34,SCHOOL AND OFFICE SUPPLIES,178.0,158.94981531675592,1.717245733697696
40,PET SUPPLIES,166.0,180.88900101754578,1.7126700051831947
17,LADIESWEAR,52.0,77.38725381799257,1.6663868281662562
47,HARDWARE,108.0,114.43641028580618,1.6632320604033588
15,AUTOMOTIVE,179.0,172.65513245017692,1.6609688229766528
23,BEAUTY,69.0,115.35785311742166,1.6283070271432325
11,LAWN AND GARDEN,119.0,127.3633900875075,1.6203067053619236
23,AUTOMOTIVE,93.0,96.37933090436364,1.6036575059409162
46,HARDWARE,129.0,122.40470317537705,1.6007553669238852
14,BEAUTY,133.0,159.96377201456323,1.594102009359432
40,HARDWARE,111.0,98.20326281046229,1.5913188125498952
49,HARDWARE,99.0,102.75356864798599,1.5649294987113445
25,BEAUTY,152.0,151.20309275275227,1.5606670738598474
43,PET SUPPLIES,176.0,170.402621796185,1.5579421586457973
32,SEAFOOD,111.0,122.97089840646193,1.5503040969933872
27,BEAUTY,125.0,120.6054931582419,1.5432276840535069
36,SEAFOOD,58.0,87.93438570660462,1.5384786646331983
32,AUTOMOTIVE,86.0,88.55568716496644,1.53246039225416
22,MAGAZINES,117.0,121.78481423676396,1.5297712243310162
21,MAGAZINES,102.0,99.15463230167241,1.522197873967828
34,MAGAZINES,114.0,106.6379568073505,1.5139590895358364
13,LADIESWEAR,89.0,117.08281000994006,1.5103049693776593
31,SCHOOL AND OFFICE SUPPLIES,102.0,101.43408318943888,1.5085801393226688
43,LINGERIE,70.0,70.49004512821234,1.5045081043630986
19,BEAUTY,173.0,187.29957417638053,1.4769700861714916
26,PET SUPPLIES,135.0,141.21883549571814,1.4764256890557115
30,BEAUTY,54.0,96.95255904714473,1.4669852873857965
3,BABY CARE,62.0,78.195048984436,1.4566899891994436
26,LINGERIE,65.0,66.91093985565512,1.446450555668826
24,AUTOMOTIVE,150.0,169.44829565821408,1.4360137678139442
54,BEAUTY,77.0,109.1645811025415,1.424599924633915
16,BEAUTY,67.0,90.60779180772568,1.4237072499722736
33,PET SUPPLIES,97.0,108.30840891050751,1.423563973487077
36,MAGAZINES,48.0,71.30232059652198,1.4152826527547395
27,SCHOOL AND OFFICE SUPPLIES,85.0,89.81776333700479,1.4145914491625533
14,LADIESWEAR,56.0,62.674618657487514,1.4077194561688107
18,MAGAZINES,107.0,106.36774676353477,1.4062109644728087
36,BEAUTY,55.0,109.29008040724226,1.404467521336173
22,LADIESWEAR,56.0,67.34991144551455,1.3886226219387772
34,BEAUTY,84.0,108.27668502227488,1.383140600497256
50,HARDWARE,86.0,80.15446461191885,1.3829484655635098
10,LINGERIE,73.0,69.54707337324287,1.378214038169052
17,PET SUPPLIES,115.0,115.64809536961366,1.3583988870845294
19,HARDWARE,70.0,78.95738930758849,1.3553872971617336
39,HARDWARE,80.0,80.92758349712682,1.348146071767967
53,HARDWARE,78.0,75.47621492904607,1.3469135872214868
10,AUTOMOTIVE,66.0,76.13264319582159,1.3412653672131385
40,MAGAZINES,100.0,105.06001261944316,1.33392584284397
20,MAGAZINES,68.0,66.71125736766722,1.326262358229767
51,HARDWARE,87.0,87.60502330978021,1.3208346545161007
30,PET SUPPLIES,105.0,106.5416057384365,1.3130093149606097
1,HARDWARE,78.0,87.21859958731322,1.3096980528987006
4,LINGERIE,81.0,76.76404590903662,1.3042482301848268
12,PET SUPPLIES,89.0,93.40165072623219,1.296015201443673
14,MAGAZINES,82.0,84.28472515754545,1.2917491838926174
6,HARDWARE,69.0,70.79547748322184,1.2747196582812703
12,BEAUTY,53.0,85.4593662264212,1.2675914970519035
38,HARDWARE,72.0,84.20002401516554,1.2626641604930293
31,MAGAZINES,83.0,88.83550912128827,1.2500895180363467
15,MAGAZINES,89.0,88.82144785744755,1.2489866257736137
36,HARDWARE,24.0,50.809401153875,1.2441073471264326
36,SCHOOL AND OFFICE SUPPLIES,34.0,52.96963631187351,1.2305118691746848
12,MAGAZINES,79.0,78.46590620128394,1.2238480986091513
2,HARDWARE,71.0,76.06169529706668,1.221304408393378
53,SCHOOL AND OFFICE SUPPLIES,25.0,62.90607147830926,1.2183406855040146
37,HARDWARE,86.0,86.48283330561176,1.2082382100916613
45,HARDWARE,96.0,100.70459000277506,1.207090853711955
19,PET SUPPLIES,63.0,67.47288993304875,1.2057641312608396
13,MAGAZINES,50.0,53.79579524322172,1.2022497932104061
16,SEAFOOD,58.0,72.43067275782782,1.191271244445378
28,HARDWARE,53.0,60.17278159370667,1.1868886755673063
41,HARDWARE,71.0,75.06603178976488,1.1616510781940448
15,HARDWARE,47.0,51.937143369415246,1.1559390875189497
8,SCHOOL AND OFFICE SUPPLIES,31.0,43.45914224458096,1.1554078241625552
31,LADIESWEAR,57.0,67.30827035141121,1.1533445741175143
22,PET SUPPLIES,69.0,67.21458313409536,1.1531254132968107
47,HOME APPLIANCES,38.0,66.74285368589344,1.1355212886037627
5,HARDWARE,65.0,68.38095426676472,1.123584448760191
5,SCHOOL AND OFFICE SUPPLIES,49.0,58.22189446845602,1.119887008349807
3,HOME APPLIANCES,49.0,70.25068844369001,1.1161618817089103
30,LADIESWEAR,31.0,35.23469129472175,1.1116969283604299
16,MAGAZINES,63.0,60.62496862199205,1.0941479114918469
33,MAGAZINES,70.0,75.43593983179915,1.0926134706930126
26,PLAYERS AND ELECTRONICS,66.0,66.786569543598,1.080404763622805
29,HARDWARE,62.0,67.86638981475859,1.0753791992955826
28,HOME APPLIANCES,38.0,48.36642585197915,1.0667136410340163
45,HOME APPLIANCES,49.0,59.27139609281414,1.0646041474274939
35,SEAFOOD,35.0,38.53073718786074,1.0506552969811056
14,PET SUPPLIES,59.0,67.63695301613835,1.0482103760188237
9,HARDWARE,64.0,66.31568711420397,1.0352410539783576
18,HARDWARE,44.0,52.741162019054634,1.0246001622303271
33,SEAFOOD,47.0,71.06446118605865,1.0200127445587956
21,HARDWARE,42.0,48.727537680209934,1.0119558364975643
10,PET SUPPLIES,47.0,53.148682003924336,1.0107345945522253
7,HOME APPLIANCES,45.0,53.01148586993875,0.9998774501725162
29,MAGAZINES,70.0,70.46353998603836,0.9994839787545073
49,HOME APPLIANCES,30.0,50.66893353846918,0.9962320647932398
44,HOME APPLIANCES,30.0,54.57560312695062,0.9940392964565049
51,HOME APPLIANCES,25.0,52.28243595273918,0.9931597947212658
54,HARDWARE,43.0,45.51737839848346,0.9801395160856181
17,HARDWARE,63.0,60.734511839400284,0.9755792488106043
25,SCHOOL AND OFFICE SUPPLIES,44.0,48.05175643835959,0.9640146881164691
54,MAGAZINES,46.0,56.76855010063962,0.9494959126873139
41,SCHOOL AND OFFICE SUPPLIES,34.0,41.772692746982145,0.9300504453048327
24,HARDWARE,43.0,48.143102439833754,0.9296254994922889
15,PET SUPPLIES,54.0,62.41217646439959,0.9243801521943926
3,SCHOOL AND OFFICE SUPPLIES,64.0,79.23862570191967,0.921239412516059
42,HARDWARE,51.0,55.46665510908925,0.9176067697958802
11,HARDWARE,36.0,45.69605321323943,0.913688169645303
19,BABY CARE,32.0,41.01055064713026,0.9027792595163795
22,HARDWARE,35.0,37.946133957343385,0.8960153861541313
48,HARDWARE,34.0,45.55655483826474,0.8849421194196287
16,PET SUPPLIES,44.0,48.58955506181191,0.8812959076312489
30,MAGAZINES,34.0,37.099952236064134,0.8809553192154153
21,SCHOOL AND OFFICE SUPPLIES,46.0,54.28963759208034,0.8790417846674113
21,BABY CARE,30.0,34.41875379281794,0.8606958834169098
9,BABY CARE,21.0,32.89167225922456,0.8550149318456002
25,HARDWARE,51.0,45.214761754382565,0.8546696316871301
12,HARDWARE,33.0,48.94134761924066,0.8527083366804513
35,PLAYERS AND ELECTRONICS,54.0,57.584485288528214,0.8482435302386465
26,SCHOOL AND OFFICE SUPPLIES,41.0,48.11410269577045,0.8432231694895032
32,BEAUTY,41.0,47.521008662763606,0.8362681091830271
5,HOME APPLIANCES,22.0,35.65189604597776,0.8342667506457699
35,PET SUPPLIES,43.0,45.57446861122478,0.8280094543245187
10,MAGAZINES,27.0,36.86373078657345,0.8264992802827205
20,HARDWARE,35.0,44.44042606626465,0.8246663741694557
48,HOME APPLIANCES,17.0,35.8817420457439,0.820034334657283
26,HARDWARE,36.0,43.14327775028642,0.8158969448725459
36,HOME APPLIANCES,6.0,34.93984715858965,0.812583634384871
35,LINGERIE,23.0,33.47066036279093,0.8003130399780304
1,HOME APPLIANCES,20.0,32.68471566908462,0.7969831796107343
8,HOME APPLIANCES,26.0,43.88841675788563,0.7926357590393398
46,HOME APPLIANCES,26.0,38.45458655802237,0.7846163708912598
28,MAGAZINES,60.0,63.96319038043892,0.7780054751789585
33,HARDWARE,30.0,38.263660462580084,0.7726482571229354
8,BABY CARE,23.0,29.863922514954467,0.7681143350204293
18,BABY CARE,15.0,24.37011716321089,0.7652733554494328
17,BABY CARE,31.0,35.5269312235188,0.7575480185839458
14,HARDWARE,20.0,30.698995175300887,0.7386089282328123
13,PET SUPPLIES,30.0,42.2632215829008,0.7349240501548625
16,HARDWARE,17.0,28.738035885546164,0.7342771023068397
32,PET SUPPLIES,31.0,38.87572509239479,0.7281358543177889
19,HOME APPLIANCES,12.0,27.637182046412214,0.7237960280433787
23,HARDWARE,27.0,32.1699055311183,0.7202961608073828
36,BABY CARE,1.0,32.265400537577825,0.7194497063722401
39,BABY CARE,18.0,25.731174688115733,0.7087610866229272
35,MAGAZINES,32.0,33.48137233976118,0.6974456406521452
35,HARDWARE,20.0,25.340784145417594,0.6883376394294746
4,HOME APPLIANCES,15.0,30.508100589733722,0.6858211663909434
36,BOOKS,0.0,30.78994110171652,0.6693465456894895
36,LADIESWEAR,0.0,30.78994110171652,0.6693465456894895
30,HARDWARE,17.0,26.212281139301442,0.669342730113316
40,HOME APPLIANCES,14.0,24.84196078833487,0.6684106905946551
29,BABY CARE,19.0,27.236788346150842,0.6643844124172545
23,HOME APPLIANCES,13.0,22.432202753742594,0.6639451916168739
26,HOME APPLIANCES,19.0,24.782260149938143,0.6443817658186933
41,HOME APPLIANCES,12.0,24.540402207654743,0.640362929763971
35,BEAUTY,23.0,33.61969735608897,0.6390325038347331
33,HOME APPLIANCES,15.0,22.629162163241734,0.6335117926208264
26,MAGAZINES,20.0,27.75451884560652,0.6323720214272209
2,HOME APPLIANCES,12.0,26.153185554766665,0.6297138904334559
50,HOME APPLIANCES,11.0,31.238467841676375,0.628842166805273
32,LINGERIE,16.0,21.280252231360414,0.6271912687922644
27,HOME APPLIANCES,18.0,26.145587404080832,0.6253343900844398
18,HOME APPLIANCES,12.0,25.507694304665733,0.6221697529415361
30,BABY CARE,17.0,23.88041741706474,0.621951608424928
10,HARDWARE,15.0,23.284550807764212,0.6190849859477234
21,HOME APPLIANCES,15.0,25.25688894193136,0.6162477399135775
11,BABY CARE,13.0,27.296375173602506,0.6028836911845918
26,BEAUTY,20.0,33.42118527594357,0.599114087249793
17,HOME APPLIANCES,13.0,24.832671669605098,0.5954292918389882
6,HOME APPLIANCES,10.0,24.503206570232035,0.5933504257050541
12,HOME APPLIANCES,16.0,27.62388963772678,0.5897604561470928
40,LAWN AND GARDEN,13.0,22.217613961858998,0.586387329869043
31,HARDWARE,13.0,22.561673269340783,0.584485224115926
5,BABY CARE,12.0,29.95954025829505,0.5838277355451374
4,BABY CARE,12.0,24.944636627955575,0.5824572913655593
6,BABY CARE,12.0,26.880786092906956,0.57363995610657
24,BABY CARE,10.0,22.43342936030986,0.5702307759442161
40,BABY CARE,11.0,22.47636139976632,0.5691532305113788
11,HOME APPLIANCES,8.0,22.197883596157904,0.5669394595917886
34,BABY CARE,16.0,22.304075626541668,0.5644771777014369
1,BOOKS,7.0,22.54524800675464,0.5583314649877559
14,HOME APPLIANCES,8.0,21.413523431918943,0.5558192457502585
7,SCHOOL AND OFFICE SUPPLIES,13.0,22.008822936851253,0.5551518405589139
15,HOME APPLIANCES,8.0,20.380571207080852,0.5550378483416837
46,BOOKS,9.0,21.990399605795723,0.5549347034840111
38,HOME APPLIANCES,9.0,21.235260829337207,0.5419100063490883
9,HOME APPLIANCES,6.0,21.38102142830867,0.5219567423877788
37,HOME APPLIANCES,8.0,24.42201289715017,0.5172775479421703
24,BOOKS,5.0,22.162397887520406,0.5130649267928613
10,HOME APPLIANCES,6.0,19.30917436009725,0.5112712184052388
20,BABY CARE,5.0,19.925473193356964,0.5082051279628216
32,HARDWARE,11.0,19.31691650681369,0.5069891311444623
7,BOOKS,5.0,20.391499924759454,0.5058517641695943
27,BABY CARE,10.0,17.771500725998695,0.4979380502174838
16,HOME APPLIANCES,9.0,20.594645960025886,0.4967964949904202
29,HOME APPLIANCES,10.0,21.056316869968644,0.49210194870075474
39,HOME APPLIANCES,7.0,20.146085646334917,0.4858214677196625
16,BABY CARE,6.0,19.350360857977357,0.48191617417323745
34,HOME APPLIANCES,12.0,20.997244092223784,0.47979264225423257
7,BABY CARE,5.0,19.992428834387297,0.4767348686008183
42,HOME APPLIANCES,10.0,21.025877604247064,0.4716371458786099
32,MAGAZINES,11.0,17.997754409631856,0.46907007594577144
35,HOME APPLIANCES,9.0,17.02150379590223,0.4664933685788655
44,BOOKS,3.0,18.908908512881517,0.4599583162496979
25,HOME APPLIANCES,9.0,17.959621481761694,0.45393808724946405
37,SCHOOL AND OFFICE SUPPLIES,2.0,19.787353333415012,0.451367591980871
51,BOOKS,5.0,17.387561767212837,0.4454065002615979
24,HOME APPLIANCES,2.0,20.43423611219309,0.44460269514084233
43,BABY CARE,6.0,17.867209180314585,0.4398281164272171
30,HOME APPLIANCES,11.0,19.234815953499584,0.4366142785136394
43,HOME APPLIANCES,6.0,16.455471649842146,0.43539989394700734
31,BABY CARE,11.0,20.172073936658773,0.4298719280457444
13,HARDWARE,3.0,17.987212112064196,0.429307159301912
22,BABY CARE,7.0,16.73736561578847,0.42911366464998474
4,BOOKS,3.0,17.4101299898585,0.42793367438973406
41,BABY CARE,5.0,17.356947012681417,0.42611982393457004
20,HOME APPLIANCES,5.0,16.430918529862794,0.4241707043126107
19,LAWN AND GARDEN,0.0,19.240669905284737,0.41827543272358125
19,BOOKS,0.0,19.240669905284737,0.41827543272358125
47,BOOKS,4.0,16.675986572602604,0.4181260296815073
4,SCHOOL AND OFFICE SUPPLIES,1.0,18.12916262822209,0.4127274565845634
31,HOME APPLIANCES,6.0,16.660755114278892,0.40344588734195275
8,BOOKS,1.0,17.52250728385311,0.39847994164298123
22,HOME APPLIANCES,6.0,19.88712170249371,0.398123130707297
42,SCHOOL AND OFFICE SUPPLIES,5.0,15.50972121300489,0.39311761110007404
50,BOOKS,3.0,15.981134226279265,0.3919112539644108
13,HOME APPLIANCES,3.0,16.366208714280457,0.3900975193747881
25,BABY CARE,5.0,14.530873198411772,0.3801837679847354
43,HARDWARE,4.0,15.055549032513175,0.37951529652519805
3,BOOKS,0.0,16.971024479009277,0.3689353147610712
2,BABY CARE,0.0,16.90368513573172,0.3674714159941678
2,BOOKS,0.0,16.85623450259986,0.36643988049130133
1,SCHOOL AND OFFICE SUPPLIES,0.0,16.85623450259986,0.36643988049130133
2,SCHOOL AND OFFICE SUPPLIES,0.0,16.85623450259986,0.36643988049130133
1,BABY CARE,0.0,16.85623450259986,0.36643988049130133
6,SCHOOL AND OFFICE SUPPLIES,0.0,16.855175276409383,0.3664168538349866
5,BOOKS,0.0,16.855175276409383,0.3664168538349866
6,BOOKS,0.0,16.855175276409383,0.3664168538349866
26,LADIESWEAR,5.0,16.271226929720136,0.361528590631505
27,BOOKS,5.0,13.733474793946668,0.35286652048541295
37,BOOKS,0.0,16.168633906319076,0.351492041441719
37,BABY CARE,0.0,16.168633906319076,0.351492041441719
9,BOOKS,0.0,16.110778383690985,0.35023431268893446
24,SCHOOL AND OFFICE SUPPLIES,0.0,15.942271675549396,0.3465711233815086
38,BOOKS,1.0,14.936596346791063,0.34580517374390324
32,HOME APPLIANCES,3.0,13.764954801254136,0.34394301723264337
12,BABY CARE,0.0,15.630929971396355,0.3398028254651382
16,LADIESWEAR,0.0,15.52146484623536,0.3374231488312035
16,LAWN AND GARDEN,0.0,15.52146484623536,0.3374231488312035
16,SCHOOL AND OFFICE SUPPLIES,0.0,15.52146484623536,0.3374231488312035
16,BOOKS,0.0,15.52146484623536,0.3374231488312035
18,BOOKS,0.0,15.464326196810804,0.33618100427849573
48,BOOKS,0.0,15.423440839220005,0.3352921921569566
10,BABY CARE,0.0,15.400593838174082,0.3347955182211757
10,BOOKS,0.0,15.400593838174082,0.3347955182211757
10,LAWN AND GARDEN,0.0,15.400593838174082,0.3347955182211757
14,BABY CARE,0.0,15.398366990584387,0.33474710849096495
13,BOOKS,0.0,15.398366990584387,0.33474710849096495
14,LAWN AND GARDEN,0.0,15.398366990584387,0.33474710849096495
14,BOOKS,0.0,15.398366990584387,0.33474710849096495
11,BOOKS,0.0,15.398366990584387,0.33474710849096495
12,BOOKS,0.0,15.398366990584387,0.33474710849096495
12,LAWN AND GARDEN,0.0,15.398366990584387,0.33474710849096495
13,BABY CARE,0.0,15.398366990584387,0.33474710849096495
13,LAWN AND GARDEN,0.0,15.398366990584387,0.33474710849096495
45,BOOKS,1.0,15.501860791620906,0.3318136647751961
49,BOOKS,0.0,15.230146776392933,0.3310901473128899
23,BOOKS,2.0,13.323496380882032,0.3305198699039119
15,LAWN AND GARDEN,0.0,15.201331577503721,0.3304637299457331
15,BOOKS,0.0,15.201331577503721,0.3304637299457331
35,BABY CARE,0.0,15.141948587750308,0.32917279538587624
17,BOOKS,0.0,14.989103974588582,0.3258500864040996
17,LAWN AND GARDEN,0.0,14.989103974588582,0.3258500864040996
47,BABY CARE,0.0,14.976923576388964,0.3255852951388905
46,BABY CARE,0.0,14.976923576388964,0.3255852951388905
50,BABY CARE,0.0,14.829701354166739,0.322384812047103
51,BABY CARE,0.0,14.829701354166739,0.322384812047103
49,BABY CARE,0.0,14.829701354166739,0.322384812047103
48,BABY CARE,0.0,14.829701354166739,0.322384812047103
44,BABY CARE,0.0,14.705826341318552,0.3196918769851859
45,BABY CARE,0.0,14.705826341318552,0.3196918769851859
30,SCHOOL AND OFFICE SUPPLIES,2.0,13.159021615066615,0.3137018375605094
35,SCHOOL AND OFFICE SUPPLIES,3.0,12.183884942732954,0.305544706123608
38,BABY CARE,0.0,13.860856483104078,0.3013229670240017
39,BOOKS,0.0,13.664722029322565,0.2970591745504905
40,SCHOOL AND OFFICE SUPPLIES,0.0,13.54014290474344,0.29435093271181395
40,LADIESWEAR,0.0,13.54014290474344,0.29435093271181395
40,BOOKS,0.0,13.54014290474344,0.29435093271181395
41,BOOKS,0.0,13.421230624041685,0.291765883131341
43,BOOKS,0.0,13.406563957375019,0.29144704255163084
42,BABY CARE,0.0,13.406563957375019,0.29144704255163084
43,LADIESWEAR,0.0,13.406563957375019,0.29144704255163084
42,BOOKS,0.0,13.406563957375019,0.29144704255163084
20,BOOKS,0.0,12.965938977919798,0.28186823865043037
21,BOOKS,0.0,12.965938977919798,0.28186823865043037
25,LADIESWEAR,0.0,12.051004540450908,0.26197835957501975
25,BOOKS,0.0,12.051004540450908,0.26197835957501975
23,SCHOOL AND OFFICE SUPPLIES,0.0,11.99952798367684,0.2608593039929748
23,BABY CARE,0.0,11.99952798367684,0.2608593039929748
29,LADIESWEAR,0.0,11.988550346785694,0.26062065971273246
29,BOOKS,0.0,11.988550346785694,0.26062065971273246
22,LAWN AND GARDEN,0.0,11.868880125787602,0.2580191331692957
22,BOOKS,0.0,11.868880125787602,0.2580191331692957
33,SCHOOL AND OFFICE SUPPLIES,0.0,11.244788875563584,0.2444519320774692
35,LAWN AND GARDEN,0.0,11.244788875563584,0.2444519320774692
30,BOOKS,0.0,11.244788875563584,0.2444519320774692
31,BOOKS,0.0,11.244788875563584,0.2444519320774692
30,LAWN AND GARDEN,0.0,11.244788875563584,0.2444519320774692
35,BOOKS,0.0,11.244788875563584,0.2444519320774692
33,LAWN AND GARDEN,0.0,11.244788875563584,0.2444519320774692
33,BABY CARE,0.0,11.244788875563584,0.2444519320774692
32,SCHOOL AND OFFICE SUPPLIES,0.0,11.244788875563584,0.2444519320774692
32,LAWN AND GARDEN,0.0,11.244788875563584,0.2444519320774692
32,BOOKS,0.0,11.244788875563584,0.2444519320774692
32,BABY CARE,0.0,11.244788875563584,0.2444519320774692
32,LADIESWEAR,0.0,11.244788875563584,0.2444519320774692
33,BOOKS,0.0,11.244788875563584,0.2444519320774692
35,LADIESWEAR,0.0,11.244788875563584,0.2444519320774692
34,BOOKS,0.0,11.244788875563584,0.2444519320774692
33,LADIESWEAR,0.0,11.244788875563584,0.2444519320774692
28,LADIESWEAR,0.0,11.082055994589611,0.24091426075194808
28,BOOKS,0.0,11.082055994589611,0.24091426075194808
26,BABY CARE,0.0,11.082055994589611,0.24091426075194808
26,BOOKS,0.0,11.082055994589611,0.24091426075194808
