store_nbr,family,avg_daily_demand,lead_time_demand,safety_stock,reorder_point,current_stock,stock_gap,reorder_required,recommended_order_qty,inventory_status,lead_time_days,safety_stock_rate,current_stock_days
1,AUTOMOTIVE,4.722973501909566,14.168920505728698,2.83378410114574,17.00270460687444,9.445947003819132,7.556757603055306,True,8.0,REORDER REQUIRED,3,0.2,2
1,BABY CARE,0.26728316382607614,0.8018494914782284,0.16036989829564569,0.962219389773874,0.5345663276521523,0.4276530621217217,True,0.0,REORDER REQUIRED,3,0.2,2
1,BEAUTY,3.870243172646236,11.610729517938708,2.322145903587742,13.93287542152645,7.740486345292472,6.192389076233979,True,6.0,REORDER REQUIRED,3,0.2,2
1,BEVERAGES,1990.5077713196192,5971.523313958858,1194.3046627917718,7165.82797675063,3981.0155426392384,3184.8124341113917,True,3185.0,REORDER REQUIRED,3,0.2,2
1,BOOKS,0.2725940855224829,0.8177822565674486,0.16355645131348973,0.9813387078809384,0.5451881710449658,0.4361505368359726,True,0.0,REORDER REQUIRED,3,0.2,2
1,BREAD/BAKERY,310.26241263638735,930.7872379091621,186.15744758183243,1116.9446854909945,620.5248252727747,496.4198602182198,True,496.0,REORDER REQUIRED,3,0.2,2
1,CELEBRATION,9.584401081116452,28.753203243349354,5.750640648669871,34.503843892019226,19.168802162232904,15.335041729786322,True,15.0,REORDER REQUIRED,3,0.2,2
1,CLEANING,624.1674214400845,1872.5022643202533,374.50045286405066,2247.002717184304,1248.334842880169,998.667874304135,True,999.0,REORDER REQUIRED,3,0.2,2
1,DAIRY,650.6403615792831,1951.9210847378492,390.3842169475699,2342.305301685419,1301.2807231585662,1041.024578526853,True,1041.0,REORDER REQUIRED,3,0.2,2
1,DELI,123.57054801327692,370.71164403983073,74.14232880796615,444.85397284779685,247.14109602655384,197.71287682124301,True,198.0,REORDER REQUIRED,3,0.2,2
1,EGGS,125.3761690964916,376.1285072894748,75.22570145789496,451.35420874736974,250.7523381929832,200.60187055438655,True,201.0,REORDER REQUIRED,3,0.2,2
1,FROZEN FOODS,119.38965739338005,358.16897218014014,71.63379443602803,429.8027666161682,238.7793147867601,191.0234518294081,True,191.0,REORDER REQUIRED,3,0.2,2
1,GROCERY I,2327.584743080548,6982.754229241644,1396.550845848329,8379.305075089973,4655.169486161096,3724.135588928877,True,3724.0,REORDER REQUIRED,3,0.2,2
1,GROCERY II,16.72662095109546,50.17986285328638,10.035972570657277,60.21583542394366,33.45324190219092,26.76259352175274,True,27.0,REORDER REQUIRED,3,0.2,2
1,HARDWARE,1.600593335064748,4.801780005194244,0.9603560010388489,5.762136006233093,3.201186670129496,2.560949336103597,True,3.0,REORDER REQUIRED,3,0.2,2
1,HOME AND KITCHEN I,25.042220450469568,75.1266613514087,15.02533227028174,90.15199362169044,50.084440900939136,40.0675527207513,True,40.0,REORDER REQUIRED,3,0.2,2
1,HOME AND KITCHEN II,24.05446950104368,72.16340850313104,14.432681700626208,86.59609020375724,48.10893900208736,38.48715120166988,True,38.0,REORDER REQUIRED,3,0.2,2
1,HOME APPLIANCES,0.3279791473870453,0.983937442161136,0.1967874884322272,1.1807249305933631,0.6559582947740906,0.5247666358192725,True,1.0,REORDER REQUIRED,3,0.2,2
1,HOME CARE,177.986423201534,533.959269604602,106.7918539209204,640.7511235255224,355.972846403068,284.7782771224544,True,285.0,REORDER REQUIRED,3,0.2,2
1,LADIESWEAR,12.219482974429567,36.6584489232887,7.3316897846577405,43.99013870794644,24.438965948859135,19.551172759087308,True,20.0,REORDER REQUIRED,3,0.2,2
1,LAWN AND GARDEN,56.68153182638501,170.04459547915502,34.008919095831004,204.05351457498602,113.36306365277002,90.690450922216,True,91.0,REORDER REQUIRED,3,0.2,2
1,LINGERIE,10.364070890496114,31.09221267148834,6.218442534297669,37.310655205786006,20.728141780992228,16.582513424793778,True,17.0,REORDER REQUIRED,3,0.2,2
1,"LIQUOR,WINE,BEER",89.58804992987102,268.76414978961304,53.752829957922614,322.51697974753563,179.17609985974204,143.3408798877936,True,143.0,REORDER REQUIRED,3,0.2,2
1,MAGAZINES,5.769551319033644,17.30865395710093,3.461730791420186,20.770384748521117,11.539102638067288,9.23128211045383,True,9.0,REORDER REQUIRED,3,0.2,2
1,MEATS,293.2651476694025,879.7954430082075,175.9590886016415,1055.754531609849,586.530295338805,469.224236271044,True,469.0,REORDER REQUIRED,3,0.2,2
1,PERSONAL CARE,150.12726784358296,450.38180353074887,90.07636070614979,540.4581642368987,300.2545356871659,240.2036285497328,True,240.0,REORDER REQUIRED,3,0.2,2
1,PET SUPPLIES,3.8639349932966343,11.591804979889902,2.3183609959779807,13.910165975867884,7.7278699865932685,6.182295989274615,True,6.0,REORDER REQUIRED,3,0.2,2
1,PLAYERS AND ELECTRONICS,7.315201388184973,21.94560416455492,4.389120832910984,26.3347249974659,14.630402776369946,11.704322221095955,True,12.0,REORDER REQUIRED,3,0.2,2
1,POULTRY,270.6833021827369,812.0499065482106,162.40998130964215,974.4598878578528,541.3666043654738,433.093283492379,True,433.0,REORDER REQUIRED,3,0.2,2
1,PREPARED FOODS,57.78139768524328,173.34419305572982,34.668838611145965,208.01303166687578,115.56279537048655,92.45023629638922,True,92.0,REORDER REQUIRED,3,0.2,2
1,PRODUCE,2387.762700987975,7163.288102963926,1432.6576205927852,8595.945723556712,4775.52540197595,3820.420321580761,True,3820.0,REORDER REQUIRED,3,0.2,2
1,SCHOOL AND OFFICE SUPPLIES,1586.443179831036,4759.329539493108,951.8659078986217,5711.19544739173,3172.886359662072,2538.309087729658,True,2538.0,REORDER REQUIRED,3,0.2,2
1,SEAFOOD,24.445555257419702,73.33666577225911,14.667333154451823,88.00399892671093,48.891110514839404,39.11288841187153,True,39.0,REORDER REQUIRED,3,0.2,2
2,AUTOMOTIVE,7.194461487010979,21.583384461032935,4.316676892206587,25.900061353239522,14.388922974021957,11.511138379217565,True,12.0,REORDER REQUIRED,3,0.2,2
2,BABY CARE,0.26728316382607614,0.8018494914782284,0.16036989829564569,0.962219389773874,0.5345663276521523,0.4276530621217217,True,0.0,REORDER REQUIRED,3,0.2,2
2,BEAUTY,8.414786724762108,25.24436017428632,5.048872034857265,30.293232209143586,16.829573449524215,13.46365875961937,True,13.0,REORDER REQUIRED,3,0.2,2
2,BEVERAGES,2678.5496700258495,8035.649010077548,1607.1298020155098,9642.778812093058,5357.099340051699,4285.679472041359,True,4286.0,REORDER REQUIRED,3,0.2,2
2,BOOKS,0.26728316382607614,0.8018494914782284,0.16036989829564569,0.962219389773874,0.5345663276521523,0.4276530621217217,True,0.0,REORDER REQUIRED,3,0.2,2
2,BREAD/BAKERY,616.2713492521326,1848.814047756398,369.7628095512796,2218.5768573076775,1232.5426985042652,986.0341588034123,True,986.0,REORDER REQUIRED,3,0.2,2
2,CELEBRATION,10.732605235001529,32.19781570500459,6.439563141000917,38.637378846005504,21.465210470003058,17.172168376002446,True,17.0,REORDER REQUIRED,3,0.2,2
2,CLEANING,803.3275990038417,2409.982797011525,481.99655940230497,2891.97935641383,1606.6551980076833,1285.3241584061466,True,1285.0,REORDER REQUIRED,3,0.2,2
2,DAIRY,790.4718071629072,2371.4154214887217,474.2830842977444,2845.698505786466,1580.9436143258145,1264.7548914606514,True,1265.0,REORDER REQUIRED,3,0.2,2
2,DELI,211.220977455811,633.6629323674331,126.73258647348662,760.3955188409197,422.441954911622,337.95356392929773,True,338.0,REORDER REQUIRED,3,0.2,2
2,EGGS,170.56388511686242,511.69165535058727,102.33833107011746,614.0299864207047,341.12777023372485,272.9022161869799,True,273.0,REORDER REQUIRED,3,0.2,2
2,FROZEN FOODS,107.82598285526524,323.4779485657957,64.69558971315915,388.1735382789549,215.65196571053048,172.5215725684244,True,173.0,REORDER REQUIRED,3,0.2,2
2,GROCERY I,3551.3620587714213,10654.086176314264,2130.817235262853,12784.903411577117,7102.724117542843,5682.179294034275,True,5682.0,REORDER REQUIRED,3,0.2,2
2,GROCERY II,34.7897652068015,104.3692956204045,20.8738591240809,125.2431547444854,69.579530413603,55.6636243308824,True,56.0,REORDER REQUIRED,3,0.2,2
2,HARDWARE,1.6667752902563906,5.000325870769172,1.0000651741538344,6.000391044923006,3.333550580512781,2.666840464410225,True,3.0,REORDER REQUIRED,3,0.2,2
2,HOME AND KITCHEN I,21.592978436579127,64.77893530973738,12.955787061947476,77.73472237168485,43.185956873158254,34.5487654985266,True,35.0,REORDER REQUIRED,3,0.2,2
2,HOME AND KITCHEN II,33.469833890222155,100.40950167066646,20.081900334133294,120.49140200479975,66.93966778044431,53.55173422435544,True,54.0,REORDER REQUIRED,3,0.2,2
2,HOME APPLIANCES,0.30326902124684885,0.9098070637405465,0.1819614127481093,1.091768476488656,0.6065380424936977,0.48523043399495824,True,0.0,REORDER REQUIRED,3,0.2,2
2,HOME CARE,232.18250566724032,696.547517001721,139.3095034003442,835.8570204020651,464.36501133448064,371.4920090675845,True,371.0,REORDER REQUIRED,3,0.2,2
2,LADIESWEAR,21.671675922725843,65.01502776817753,13.003005553635507,78.01803332181304,43.343351845451686,34.67468147636135,True,35.0,REORDER REQUIRED,3,0.2,2
2,LAWN AND GARDEN,36.8632038131193,110.5896114393579,22.11792228787158,132.70753372722947,73.7264076262386,58.98112610099088,True,59.0,REORDER REQUIRED,3,0.2,2
2,LINGERIE,6.843894979036994,20.53168493711098,4.106336987422196,24.638021924533177,13.687789958073989,10.950231966459189,True,11.0,REORDER REQUIRED,3,0.2,2
2,"LIQUOR,WINE,BEER",94.53741796514291,283.6122538954287,56.72245077908574,340.33470467451446,189.07483593028581,151.25986874422864,True,151.0,REORDER REQUIRED,3,0.2,2
2,MAGAZINES,10.275630661204325,30.826891983612974,6.165378396722595,36.99227038033557,20.55126132240865,16.44100905792692,True,16.0,REORDER REQUIRED,3,0.2,2
2,MEATS,482.72972189641354,1448.1891656892406,289.63783313784813,1737.8269988270886,965.4594437928271,772.3675550342615,True,772.0,REORDER REQUIRED,3,0.2,2
2,PERSONAL CARE,241.50434225806612,724.5130267741984,144.90260535483966,869.415632129038,483.00868451613223,386.4069476129058,True,386.0,REORDER REQUIRED,3,0.2,2
2,PET SUPPLIES,8.569346898622419,25.708040695867254,5.141608139173451,30.849648835040703,17.138693797244837,13.710955037795866,True,14.0,REORDER REQUIRED,3,0.2,2
2,PLAYERS AND ELECTRONICS,8.215802146147356,24.64740643844207,4.929481287688414,29.576887726130483,16.43160429229471,13.145283433835772,True,13.0,REORDER REQUIRED,3,0.2,2
2,POULTRY,434.6840597898227,1304.0521793694681,260.81043587389365,1564.8626152433617,869.3681195796454,695.4944956637163,True,695.0,REORDER REQUIRED,3,0.2,2
2,PREPARED FOODS,109.03335943488499,327.10007830465497,65.420015660931,392.52009396558594,218.06671886976997,174.45337509581597,True,174.0,REORDER REQUIRED,3,0.2,2
2,PRODUCE,2382.4314351795556,7147.294305538667,1429.4588611077334,8576.7531666464,4764.862870359111,3811.890296287289,True,3812.0,REORDER REQUIRED,3,0.2,2
2,SCHOOL AND OFFICE SUPPLIES,1587.9475758552524,4763.842727565757,952.7685455131514,5716.611273078908,3175.8951517105047,2540.7161213684035,True,2541.0,REORDER REQUIRED,3,0.2,2
2,SEAFOOD,35.42086480887479,106.26259442662436,21.252518885324875,127.51511331194924,70.84172961774958,56.67338369419966,True,57.0,REORDER REQUIRED,3,0.2,2
3,AUTOMOTIVE,10.47594288976814,31.427828669304418,6.285565733860884,37.7133944031653,20.95188577953628,16.761508623629023,True,17.0,REORDER REQUIRED,3,0.2,2
3,BABY CARE,0.6042527950888749,1.8127583852666245,0.3625516770533249,2.1753100623199493,1.2085055901777497,0.9668044721421996,True,1.0,REORDER REQUIRED,3,0.2,2
3,BEAUTY,17.43342802959554,52.30028408878662,10.460056817757325,62.760340906543945,34.86685605919108,27.893484847352866,True,28.0,REORDER REQUIRED,3,0.2,2
3,BEVERAGES,7797.739320385675,23393.217961157025,4678.643592231405,28071.86155338843,15595.47864077135,12476.38291261708,True,12476.0,REORDER REQUIRED,3,0.2,2
3,BOOKS,0.26728316382607614,0.8018494914782284,0.16036989829564569,0.962219389773874,0.5345663276521523,0.4276530621217217,True,0.0,REORDER REQUIRED,3,0.2,2
3,BREAD/BAKERY,1149.681556375802,3449.0446691274065,689.8089338254813,4138.853602952888,2299.363112751604,1839.4904902012836,True,1839.0,REORDER REQUIRED,3,0.2,2
3,CELEBRATION,39.22487995791759,117.67463987375277,23.534927974750556,141.20956784850333,78.44975991583517,62.75980793266815,True,63.0,REORDER REQUIRED,3,0.2,2
3,CLEANING,1803.4488755003015,5410.346626500905,1082.069325300181,6492.415951801086,3606.897751000603,2885.5182008004826,True,2886.0,REORDER REQUIRED,3,0.2,2
3,DAIRY,1988.6653277009411,5965.995983102824,1193.1991966205649,7159.195179723389,3977.3306554018823,3181.8645243215065,True,3182.0,REORDER REQUIRED,3,0.2,2
3,DELI,341.58672959349633,1024.760188780489,204.9520377560978,1229.7122265365867,683.1734591869927,546.5387673495941,True,547.0,REORDER REQUIRED,3,0.2,2
3,EGGS,457.7603307473124,1373.2809922419374,274.6561984483875,1647.9371906903248,915.5206614946248,732.4165291956999,True,732.0,REORDER REQUIRED,3,0.2,2
3,FROZEN FOODS,335.33056209460017,1005.9916862838005,201.1983372567601,1207.1900235405606,670.6611241892003,536.5288993513602,True,537.0,REORDER REQUIRED,3,0.2,2
3,GROCERY I,7541.748921193412,22625.246763580235,4525.049352716047,27150.296116296282,15083.497842386823,12066.798273909459,True,12067.0,REORDER REQUIRED,3,0.2,2
3,GROCERY II,80.47640631477562,241.42921894432686,48.28584378886538,289.7150627331922,160.95281262955123,128.76225010364098,True,129.0,REORDER REQUIRED,3,0.2,2
3,HARDWARE,3.0885313473928373,9.265594042178511,1.8531188084357024,11.118712850614214,6.177062694785675,4.9416501558285395,True,5.0,REORDER REQUIRED,3,0.2,2
3,HOME AND KITCHEN I,63.811524339600666,191.43457301880198,38.2869146037604,229.7214876225624,127.62304867920133,102.09843894336106,True,102.0,REORDER REQUIRED,3,0.2,2
3,HOME AND KITCHEN II,58.845147535006184,176.53544260501855,35.30708852100371,211.84253112602227,117.69029507001237,94.1522360560099,True,94.0,REORDER REQUIRED,3,0.2,2
3,HOME APPLIANCES,0.30960745335690737,0.9288223600707222,0.18576447201414445,1.1145868320848666,0.6192149067138147,0.4953719253710519,True,0.0,REORDER REQUIRED,3,0.2,2
3,HOME CARE,480.3212274930852,1440.9636824792556,288.19273649585114,1729.1564189751066,960.6424549861704,768.5139639889362,True,769.0,REORDER REQUIRED,3,0.2,2
3,LADIESWEAR,45.55160234126146,136.65480702378437,27.330961404756877,163.98576842854123,91.10320468252291,72.88256374601832,True,73.0,REORDER REQUIRED,3,0.2,2
3,LAWN AND GARDEN,58.6541843141305,175.96255294239148,35.1925105884783,211.15506353086977,117.308368628261,93.84669490260877,True,94.0,REORDER REQUIRED,3,0.2,2
3,LINGERIE,25.450463414612,76.351390243836,15.2702780487672,91.62166829260319,50.900926829224,40.72074146337919,True,41.0,REORDER REQUIRED,3,0.2,2
3,"LIQUOR,WINE,BEER",226.74262179340246,680.2278653802074,136.04557307604148,816.2734384562489,453.4852435868049,362.78819486944394,True,363.0,REORDER REQUIRED,3,0.2,2
3,MAGAZINES,30.58812160556358,91.76436481669074,18.35287296333815,110.11723778002889,61.17624321112716,48.94099456890173,True,49.0,REORDER REQUIRED,3,0.2,2
3,MEATS,763.2551292412551,2289.7653877237653,457.9530775447531,2747.7184652685182,1526.5102584825102,1221.208206786008,True,1221.0,REORDER REQUIRED,3,0.2,2
3,PERSONAL CARE,528.9734496332803,1586.920348899841,317.38406977996823,1904.3044186798093,1057.9468992665606,846.3575194132486,True,846.0,REORDER REQUIRED,3,0.2,2
3,PET SUPPLIES,19.396048169630536,58.18814450889161,11.637628901778323,69.82577341066994,38.79209633926107,31.033677071408867,True,31.0,REORDER REQUIRED,3,0.2,2
3,PLAYERS AND ELECTRONICS,25.39237865289525,76.17713595868575,15.235427191737152,91.4125631504229,50.7847573057905,40.6278058446324,True,41.0,REORDER REQUIRED,3,0.2,2
3,POULTRY,1129.0996085060935,3387.298825518281,677.4597651036562,4064.758590621937,2258.199217012187,1806.5593736097499,True,1807.0,REORDER REQUIRED,3,0.2,2
3,PREPARED FOODS,233.8494943820539,701.5484831461617,140.30969662923235,841.8581797753941,467.6989887641078,374.1591910112863,True,374.0,REORDER REQUIRED,3,0.2,2
3,PRODUCE,7750.029861434858,23250.089584304573,4650.017916860915,27900.107501165487,15500.059722869715,12400.047778295771,True,12400.0,REORDER REQUIRED,3,0.2,2
3,SCHOOL AND OFFICE SUPPLIES,1681.3696661675942,5044.108998502783,1008.8217997005567,6052.93079820334,3362.7393323351885,2690.191465868151,True,2690.0,REORDER REQUIRED,3,0.2,2
3,SEAFOOD,81.65598688686397,244.96796066059193,48.99359213211839,293.96155279271034,163.31197377372794,130.6495790189824,True,131.0,REORDER REQUIRED,3,0.2,2
4,AUTOMOTIVE,4.39771461733928,13.19314385201784,2.6386287704035682,15.831772622421408,8.79542923467856,7.036343387742848,True,7.0,REORDER REQUIRED,3,0.2,2
4,BABY CARE,0.43704262915737874,1.3111278874721362,0.26222557749442726,1.5733534649665635,0.8740852583147575,0.699268206651806,True,1.0,REORDER REQUIRED,3,0.2,2
4,BEAUTY,6.593314094619654,19.77994228385896,3.9559884567717924,23.735930740630753,13.186628189239308,10.549302551391445,True,11.0,REORDER REQUIRED,3,0.2,2
4,BEVERAGES,2290.572580221426,6871.717740664279,1374.3435481328559,8246.061288797135,4581.145160442852,3664.9161283542826,True,3665.0,REORDER REQUIRED,3,0.2,2
4,BOOKS,0.27165514498909427,0.8149654349672828,0.16299308699345658,0.9779585219607394,0.5433102899781885,0.43464823198255087,True,0.0,REORDER REQUIRED,3,0.2,2
4,BREAD/BAKERY,326.7429400442057,980.2288201326171,196.04576402652344,1176.2745841591404,653.4858800884114,522.7887040707291,True,523.0,REORDER REQUIRED,3,0.2,2
4,CELEBRATION,7.7835546465622265,23.35066393968668,4.670132787937336,28.020796727624017,15.567109293124453,12.453687434499564,True,12.0,REORDER REQUIRED,3,0.2,2
4,CLEANING,739.129226409673,2217.3876792290193,443.4775358458039,2660.865215074823,1478.258452819346,1182.606762255477,True,1183.0,REORDER REQUIRED,3,0.2,2
4,DAIRY,706.955428401618,2120.8662852048537,424.1732570409708,2545.0395422458246,1413.910856803236,1131.1286854425887,True,1131.0,REORDER REQUIRED,3,0.2,2
4,DELI,190.3034751934842,570.9104255804525,114.1820851160905,685.0925106965431,380.6069503869684,304.4855603095747,True,304.0,REORDER REQUIRED,3,0.2,2
4,EGGS,137.53926139615234,412.617784188457,82.5235568376914,495.1413410261484,275.0785227923047,220.0628182338437,True,220.0,REORDER REQUIRED,3,0.2,2
4,FROZEN FOODS,90.62062002526866,271.861860075806,54.372372015161204,326.2342320909672,181.24124005053733,144.9929920404299,True,145.0,REORDER REQUIRED,3,0.2,2
4,GROCERY I,3171.0010207177957,9513.003062153388,1902.6006124306778,11415.603674584065,6342.002041435591,5073.601633148473,True,5074.0,REORDER REQUIRED,3,0.2,2
4,GROCERY II,26.53838728783864,79.61516186351591,15.923032372703183,95.53819423621908,53.07677457567728,42.46141966054181,True,42.0,REORDER REQUIRED,3,0.2,2
4,HARDWARE,1.5631554593734116,4.689466378120235,0.937893275624047,5.627359653744282,3.126310918746823,2.501048734997459,True,3.0,REORDER REQUIRED,3,0.2,2
4,HOME AND KITCHEN I,16.957631863363492,50.87289559009048,10.174579118018096,61.047474708108574,33.915263726726984,27.13221098138159,True,27.0,REORDER REQUIRED,3,0.2,2
4,HOME AND KITCHEN II,11.469418462325141,34.408255386975426,6.881651077395086,41.28990646437051,22.938836924650282,18.35106953972023,True,18.0,REORDER REQUIRED,3,0.2,2
4,HOME APPLIANCES,0.33428216940654726,1.0028465082196418,0.2005693016439284,1.20341580986357,0.6685643388130945,0.5348514710504756,True,1.0,REORDER REQUIRED,3,0.2,2
4,HOME CARE,199.42395271401531,598.271858142046,119.6543716284092,717.9262297704552,398.84790542803063,319.07832434242454,True,319.0,REORDER REQUIRED,3,0.2,2
4,LADIESWEAR,20.283231044155407,60.84969313246622,12.169938626493245,73.01963175895946,40.566462088310814,32.45316967064865,True,32.0,REORDER REQUIRED,3,0.2,2
4,LAWN AND GARDEN,26.160267983325465,78.48080394997639,15.696160789995279,94.17696473997167,52.32053596665093,41.85642877332074,True,42.0,REORDER REQUIRED,3,0.2,2
4,LINGERIE,77.94935609041389,233.84806827124166,46.76961365424833,280.61768192549,155.89871218082777,124.71896974466222,True,125.0,REORDER REQUIRED,3,0.2,2
4,"LIQUOR,WINE,BEER",96.59854004838219,289.7956201451466,57.95912402902932,347.7547441741759,193.19708009676438,154.55766407741154,True,155.0,REORDER REQUIRED,3,0.2,2
4,MAGAZINES,7.731014569724984,23.19304370917495,4.63860874183499,27.83165245100994,15.462029139449967,12.369623311559973,True,12.0,REORDER REQUIRED,3,0.2,2
4,MEATS,343.7901108004531,1031.3703324013593,206.27406648027187,1237.644398881631,687.5802216009062,550.064177280725,True,550.0,REORDER REQUIRED,3,0.2,2
4,PERSONAL CARE,233.07618690141956,699.2285607042587,139.84571214085176,839.0742728451105,466.1523738028391,372.9218990422714,True,373.0,REORDER REQUIRED,3,0.2,2
4,PET SUPPLIES,6.885825085609112,20.657475256827336,4.131495051365468,24.788970308192802,13.771650171218225,11.017320136974577,True,11.0,REORDER REQUIRED,3,0.2,2
4,PLAYERS AND ELECTRONICS,8.834228954328246,26.50268686298474,5.300537372596948,31.803224235581688,17.668457908656492,14.134766326925195,True,14.0,REORDER REQUIRED,3,0.2,2
4,POULTRY,369.862115559425,1109.5863466782748,221.91726933565496,1331.5036160139298,739.72423111885,591.7793848950798,True,592.0,REORDER REQUIRED,3,0.2,2
4,PREPARED FOODS,54.949003147469824,164.84700944240947,32.9694018884819,197.81641133089136,109.89800629493965,87.91840503595171,True,88.0,REORDER REQUIRED,3,0.2,2
4,PRODUCE,2277.866078044803,6833.59823413441,1366.7196468268821,8200.317880961291,4555.732156089606,3644.5857248716848,True,3645.0,REORDER REQUIRED,3,0.2,2
4,SCHOOL AND OFFICE SUPPLIES,1597.8010895910709,4793.403268773212,958.6806537546425,5752.083922527855,3195.6021791821418,2556.4817433457133,True,2556.0,REORDER REQUIRED,3,0.2,2
4,SEAFOOD,25.78939316928828,77.36817950786485,15.47363590157297,92.84181540943783,51.57878633857656,41.263029070861265,True,41.0,REORDER REQUIRED,3,0.2,2
5,AUTOMOTIVE,6.752337434763827,20.257012304291482,4.051402460858297,24.308414765149777,13.504674869527655,10.803739895622122,True,11.0,REORDER REQUIRED,3,0.2,2
5,BABY CARE,0.45113761848437617,1.3534128554531284,0.2706825710906257,1.6240954265437542,0.9022752369687523,0.7218201895750018,True,1.0,REORDER REQUIRED,3,0.2,2
5,BEAUTY,7.948699097665069,23.846097292995207,4.769219458599042,28.61531675159425,15.897398195330139,12.717918556264111,True,13.0,REORDER REQUIRED,3,0.2,2
5,BEVERAGES,1693.4778584987944,5080.433575496383,1016.0867150992767,6096.520290595659,3386.9557169975888,2709.5645735980706,True,2710.0,REORDER REQUIRED,3,0.2,2
5,BOOKS,0.26575425421958326,0.7972627626587498,0.15945255253174997,0.9567153151904998,0.5315085084391665,0.42520680675133327,True,0.0,REORDER REQUIRED,3,0.2,2
5,BREAD/BAKERY,330.3265734431956,990.9797203295868,198.1959440659174,1189.175664395504,660.6531468863913,528.5225175091128,True,529.0,REORDER REQUIRED,3,0.2,2
5,CELEBRATION,24.436839151338557,73.31051745401567,14.662103490803133,87.9726209448188,48.87367830267711,39.09894264214169,True,39.0,REORDER REQUIRED,3,0.2,2
5,CLEANING,813.5188371461655,2440.5565114384967,488.11130228769935,2928.667813726196,1627.037674292331,1301.630139433865,True,1302.0,REORDER REQUIRED,3,0.2,2
5,DAIRY,535.0700702176619,1605.2102106529856,321.0420421305971,1926.2522527835827,1070.1401404353237,856.112112348259,True,856.0,REORDER REQUIRED,3,0.2,2
5,DELI,214.69788091505336,644.0936427451601,128.81872854903202,772.9123712941921,429.3957618301067,343.5166094640854,True,344.0,REORDER REQUIRED,3,0.2,2
5,EGGS,83.18099254848723,249.5429776454617,49.90859552909234,299.451573174554,166.36198509697445,133.08958807757958,True,133.0,REORDER REQUIRED,3,0.2,2
5,FROZEN FOODS,94.95076921653755,284.85230764961267,56.97046152992254,341.8227691795352,189.9015384330751,151.9212307464601,True,152.0,REORDER REQUIRED,3,0.2,2
5,GROCERY I,2782.273797384205,8346.821392152615,1669.364278430523,10016.185670583138,5564.54759476841,4451.638075814728,True,4452.0,REORDER REQUIRED,3,0.2,2
5,GROCERY II,33.238065906686636,99.7141977200599,19.94283954401198,119.65703726407187,66.47613181337327,53.1809054506986,True,53.0,REORDER REQUIRED,3,0.2,2
5,HARDWARE,1.3339034620142851,4.001710386042856,0.8003420772085712,4.802052463251426,2.6678069240285702,2.134245539222856,True,2.0,REORDER REQUIRED,3,0.2,2
5,HOME AND KITCHEN I,28.17318552001369,84.51955656004107,16.903911312008216,101.42346787204929,56.34637104002738,45.07709683202191,True,45.0,REORDER REQUIRED,3,0.2,2
5,HOME AND KITCHEN II,20.959230673558448,62.87769202067534,12.575538404135068,75.45323042481041,41.918461347116896,33.53476907769352,True,34.0,REORDER REQUIRED,3,0.2,2
5,HOME APPLIANCES,0.3062777414050322,0.9188332242150967,0.18376664484301936,1.102599869058116,0.6125554828100644,0.4900443862480516,True,0.0,REORDER REQUIRED,3,0.2,2
5,HOME CARE,194.9139631774204,584.7418895322612,116.94837790645225,701.6902674387135,389.8279263548408,311.86234108387265,True,312.0,REORDER REQUIRED,3,0.2,2
5,LADIESWEAR,13.109171660217097,39.32751498065129,7.865502996130258,47.19301797678155,26.218343320434194,20.974674656347354,True,21.0,REORDER REQUIRED,3,0.2,2
5,LAWN AND GARDEN,303.44021481144716,910.3206444343415,182.0641288868683,1092.3847733212099,606.8804296228943,485.50434369831555,True,486.0,REORDER REQUIRED,3,0.2,2
5,LINGERIE,11.080653064628768,33.2419591938863,6.648391838777261,39.89035103266356,22.161306129257536,17.729044903406024,True,18.0,REORDER REQUIRED,3,0.2,2
5,"LIQUOR,WINE,BEER",69.93640767093329,209.80922301279986,41.96184460255998,251.77106761535984,139.87281534186658,111.89825227349326,True,112.0,REORDER REQUIRED,3,0.2,2
5,MAGAZINES,9.389572595835377,28.168717787506132,5.6337435575012265,33.80246134500736,18.779145191670754,15.023316153336605,True,15.0,REORDER REQUIRED,3,0.2,2
5,MEATS,239.6668403462382,719.0005210387146,143.80010420774292,862.8006252464576,479.3336806924764,383.4669445539812,True,383.0,REORDER REQUIRED,3,0.2,2
5,PERSONAL CARE,228.57655510804557,685.7296653241367,137.14593306482735,822.875598388964,457.15311021609114,365.7224881728729,True,366.0,REORDER REQUIRED,3,0.2,2
5,PET SUPPLIES,3.3974920306219647,10.192476091865894,2.038495218373179,12.230971310239072,6.794984061243929,5.435987248995143,True,5.0,REORDER REQUIRED,3,0.2,2
5,PLAYERS AND ELECTRONICS,7.164615897318074,21.493847691954223,4.298769538390845,25.792617230345066,14.329231794636147,11.463385435708918,True,11.0,REORDER REQUIRED,3,0.2,2
5,POULTRY,227.79189608204254,683.3756882461277,136.67513764922555,820.0508258953532,455.5837921640851,364.46703373126815,True,364.0,REORDER REQUIRED,3,0.2,2
5,PREPARED FOODS,58.25014005199634,174.75042015598902,34.950084031197804,209.70050418718682,116.50028010399268,93.20022408319414,True,93.0,REORDER REQUIRED,3,0.2,2
5,PRODUCE,1568.1376331943113,4704.412899582934,940.8825799165869,5645.295479499521,3136.2752663886226,2509.0202131108986,True,2509.0,REORDER REQUIRED,3,0.2,2
5,SCHOOL AND OFFICE SUPPLIES,1659.6907244006343,4979.072173201903,995.8144346403806,5974.886607842283,3319.3814488012686,2655.505159041015,True,2656.0,REORDER REQUIRED,3,0.2,2
5,SEAFOOD,9.597483994405934,28.792451983217802,5.758490396643561,34.55094237986136,19.194967988811868,15.355974391049493,True,15.0,REORDER REQUIRED,3,0.2,2
6,AUTOMOTIVE,7.707444569333212,23.122333707999637,4.624466741599927,27.746800449599565,15.414889138666425,12.33191131093314,True,12.0,REORDER REQUIRED,3,0.2,2
6,BABY CARE,0.2673487789163475,0.8020463367490425,0.1604092673498085,0.962455604098851,0.534697557832695,0.427758046266156,True,0.0,REORDER REQUIRED,3,0.2,2
6,BEAUTY,7.350172280144892,22.050516840434675,4.4101033680869355,26.46062020852161,14.700344560289784,11.760275648231827,True,12.0,REORDER REQUIRED,3,0.2,2
6,BEVERAGES,3145.606271129326,9436.818813387978,1887.3637626775956,11324.182576065574,6291.212542258652,5032.9700338069215,True,5033.0,REORDER REQUIRED,3,0.2,2
6,BOOKS,0.26575425421958326,0.7972627626587498,0.15945255253174997,0.9567153151904998,0.5315085084391665,0.42520680675133327,True,0.0,REORDER REQUIRED,3,0.2,2
6,BREAD/BAKERY,513.973938020539,1541.921814061617,308.3843628123234,1850.3061768739403,1027.947876041078,822.3583008328624,True,822.0,REORDER REQUIRED,3,0.2,2
6,CELEBRATION,12.188552931758647,36.56565879527594,7.313131759055188,43.878790554331125,24.377105863517293,19.501684690813832,True,20.0,REORDER REQUIRED,3,0.2,2
6,CLEANING,1109.698004448332,3329.0940133449963,665.8188026689993,3994.9128160139953,2219.396008896664,1775.5168071173312,True,1776.0,REORDER REQUIRED,3,0.2,2
6,DAIRY,927.9889483002954,2783.9668449008864,556.7933689801773,3340.7602138810635,1855.9778966005908,1484.7823172804726,True,1485.0,REORDER REQUIRED,3,0.2,2
6,DELI,326.0918527966601,978.2755583899802,195.65511167799605,1173.9306700679763,652.1837055933202,521.7469644746561,True,522.0,REORDER REQUIRED,3,0.2,2
6,EGGS,174.81230151142404,524.4369045342721,104.88738090685443,629.3242854411266,349.6246030228481,279.6996824182785,True,280.0,REORDER REQUIRED,3,0.2,2
6,FROZEN FOODS,142.07144854445002,426.21434563335004,85.24286912667002,511.45721476002007,284.14289708890004,227.31431767112002,True,227.0,REORDER REQUIRED,3,0.2,2
6,GROCERY I,4488.7641039943,13466.2923119829,2693.25846239658,16159.550774379479,8977.5282079886,7182.022566390879,True,7182.0,REORDER REQUIRED,3,0.2,2
6,GROCERY II,36.4037272898957,109.2111818696871,21.84223637393742,131.05341824362452,72.8074545797914,58.24596366383312,True,58.0,REORDER REQUIRED,3,0.2,2
6,HARDWARE,1.056410726591399,3.1692321797741965,0.6338464359548394,3.803078615729036,2.112821453182798,1.6902571625462381,True,2.0,REORDER REQUIRED,3,0.2,2
6,HOME AND KITCHEN I,27.119362775748048,81.35808832724415,16.27161766544883,97.62970599269298,54.238725551496096,43.39098044119688,True,43.0,REORDER REQUIRED,3,0.2,2
6,HOME AND KITCHEN II,50.392746991009446,151.17824097302832,30.235648194605666,181.41388916763398,100.78549398201889,80.62839518561509,True,81.0,REORDER REQUIRED,3,0.2,2
6,HOME APPLIANCES,0.26575425421958326,0.7972627626587498,0.15945255253174997,0.9567153151904998,0.5315085084391665,0.42520680675133327,True,0.0,REORDER REQUIRED,3,0.2,2
6,HOME CARE,277.8556857067541,833.5670571202623,166.71341142405248,1000.2804685443148,555.7113714135082,444.56909713080654,True,445.0,REORDER REQUIRED,3,0.2,2
6,LADIESWEAR,24.11809264575291,72.35427793725873,14.470855587451746,86.82513352471048,48.23618529150582,38.58894823320466,True,39.0,REORDER REQUIRED,3,0.2,2
6,LAWN AND GARDEN,22.047715135847863,66.14314540754359,13.228629081508718,79.3717744890523,44.095430271695726,35.27634421735657,True,35.0,REORDER REQUIRED,3,0.2,2
6,LINGERIE,12.231020855739695,36.69306256721909,7.338612513443818,44.03167508066291,24.46204171147939,19.569633369183517,True,20.0,REORDER REQUIRED,3,0.2,2
6,"LIQUOR,WINE,BEER",101.47004385847846,304.4101315754354,60.88202631508708,365.2921578905225,202.94008771695692,162.35207017356558,True,162.0,REORDER REQUIRED,3,0.2,2
6,MAGAZINES,7.382915278719687,22.148745836159062,4.429749167231813,26.578495003390874,14.765830557439374,11.8126644459515,True,12.0,REORDER REQUIRED,3,0.2,2
6,MEATS,454.3741355529472,1363.1224066588416,272.6244813317683,1635.7468879906098,908.7482711058944,726.9986168847154,True,727.0,REORDER REQUIRED,3,0.2,2
6,PERSONAL CARE,318.35197415945066,955.0559224783519,191.0111844956704,1146.0671069740224,636.7039483189013,509.3631586551211,True,509.0,REORDER REQUIRED,3,0.2,2
6,PET SUPPLIES,9.66200587549993,28.986017626499788,5.797203525299958,34.783221151799744,19.32401175099986,15.459209400799885,True,15.0,REORDER REQUIRED,3,0.2,2
6,PLAYERS AND ELECTRONICS,15.761230579639129,47.28369173891738,9.456738347783476,56.74043008670086,31.522461159278258,25.217968927422604,True,25.0,REORDER REQUIRED,3,0.2,2
6,POULTRY,513.9030065589947,1541.709019676984,308.34180393539685,1850.050823612381,1027.8060131179893,822.2448104943917,True,822.0,REORDER REQUIRED,3,0.2,2
6,PREPARED FOODS,98.34984974842598,295.04954924527794,59.00990984905559,354.05945909433353,196.69969949685196,157.35975959748157,True,157.0,REORDER REQUIRED,3,0.2,2
6,PRODUCE,2637.3321039017637,7911.996311705291,1582.3992623410584,9494.39557404635,5274.6642078035275,4219.731366242822,True,4220.0,REORDER REQUIRED,3,0.2,2
6,SCHOOL AND OFFICE SUPPLIES,1577.4854281804005,4732.456284541202,946.4912569082404,5678.947541449443,3154.970856360801,2523.9766850886417,True,2524.0,REORDER REQUIRED,3,0.2,2
6,SEAFOOD,39.61117884919477,118.83353654758432,23.766707309516864,142.6002438571012,79.22235769838954,63.37788615871165,True,63.0,REORDER REQUIRED,3,0.2,2
7,AUTOMOTIVE,5.250941358838006,15.752824076514017,3.1505648153028036,18.90338889181682,10.501882717676011,8.40150617414081,True,8.0,REORDER REQUIRED,3,0.2,2
7,BABY CARE,0.2712013763456075,0.8136041290368224,0.1627208258073645,0.9763249548441869,0.542402752691215,0.43392220215297195,True,0.0,REORDER REQUIRED,3,0.2,2
7,BEAUTY,7.344523361045623,22.03357008313687,4.406714016627374,26.44028409976424,14.689046722091247,11.751237377672995,True,12.0,REORDER REQUIRED,3,0.2,2
7,BEVERAGES,3668.615526037518,11005.846578112554,2201.169315622511,13207.015893735064,7337.231052075036,5869.784841660028,True,5870.0,REORDER REQUIRED,3,0.2,2
7,BOOKS,0.31995408160476624,0.9598622448142987,0.19197244896285975,1.1518346937771584,0.6399081632095325,0.5119265305676259,True,1.0,REORDER REQUIRED,3,0.2,2
7,BREAD/BAKERY,599.0283298637648,1797.0849895912945,359.4169979182589,2156.5019875095536,1198.0566597275297,958.4453277820239,True,958.0,REORDER REQUIRED,3,0.2,2
7,CELEBRATION,17.055931310505343,51.16779393151603,10.233558786303206,61.401352717819236,34.11186262101069,27.28949009680855,True,27.0,REORDER REQUIRED,3,0.2,2
7,CLEANING,915.9983567381342,2747.995070214403,549.5990140428806,3297.5940842572836,1831.9967134762685,1465.5973707810151,True,1466.0,REORDER REQUIRED,3,0.2,2
7,DAIRY,1206.466651939786,3619.399955819358,723.8799911638716,4343.27994698323,2412.933303879572,1930.3466431036577,True,1930.0,REORDER REQUIRED,3,0.2,2
7,DELI,186.10801807292503,558.3240542187751,111.66481084375503,669.9888650625302,372.21603614585007,297.7728289166801,True,298.0,REORDER REQUIRED,3,0.2,2
7,EGGS,258.58885595498543,775.7665678649563,155.15331357299127,930.9198814379475,517.1777119099709,413.74216952797667,True,414.0,REORDER REQUIRED,3,0.2,2
7,FROZEN FOODS,211.70414680751932,635.1124404225579,127.0224880845116,762.1349285070695,423.40829361503864,338.72663489203086,True,339.0,REORDER REQUIRED,3,0.2,2
7,GROCERY I,3616.6236691414592,10849.871007424377,2169.9742014848757,13019.845208909253,7233.2473382829185,5786.597870626335,True,5787.0,REORDER REQUIRED,3,0.2,2
7,GROCERY II,36.018620742671565,108.05586222801469,21.61117244560294,129.66703467361762,72.03724148534313,57.62979318827449,True,58.0,REORDER REQUIRED,3,0.2,2
7,HARDWARE,2.907120091542212,8.721360274626637,1.7442720549253274,10.465632329551964,5.814240183084424,4.65139214646754,True,5.0,REORDER REQUIRED,3,0.2,2
7,HOME AND KITCHEN I,32.896430257550854,98.68929077265256,19.737858154530514,118.42714892718307,65.79286051510171,52.63428841208136,True,53.0,REORDER REQUIRED,3,0.2,2
7,HOME AND KITCHEN II,46.38321438530789,139.14964315592366,27.829928631184732,166.9795717871084,92.76642877061578,74.21314301649262,True,74.0,REORDER REQUIRED,3,0.2,2
7,HOME APPLIANCES,0.8370833217695562,2.511249965308669,0.5022499930617338,3.0134999583704025,1.6741666435391125,1.33933331483129,True,1.0,REORDER REQUIRED,3,0.2,2
7,HOME CARE,222.0374395233067,666.11231856992,133.222463713984,799.334782283904,444.0748790466134,355.25990323729064,True,355.0,REORDER REQUIRED,3,0.2,2
7,LADIESWEAR,14.033659248902794,42.10097774670838,8.420195549341676,50.52117329605006,28.067318497805587,22.45385479824447,True,22.0,REORDER REQUIRED,3,0.2,2
7,LAWN AND GARDEN,40.32332414137274,120.96997242411821,24.193994484823644,145.16396690894186,80.64664828274547,64.51731862619638,True,65.0,REORDER REQUIRED,3,0.2,2
7,LINGERIE,9.633941697799463,28.901825093398386,5.780365018679678,34.68219011207806,19.267883395598925,15.414306716479135,True,15.0,REORDER REQUIRED,3,0.2,2
7,"LIQUOR,WINE,BEER",176.02435217693244,528.0730565307973,105.61461130615947,633.6876678369567,352.0487043538649,281.63896348309186,True,282.0,REORDER REQUIRED,3,0.2,2
7,MAGAZINES,15.553743295940423,46.66122988782127,9.332245977564254,55.99347586538553,31.107486591880846,24.88598927350468,True,25.0,REORDER REQUIRED,3,0.2,2
7,MEATS,448.76266070095,1346.28798210285,269.25759642057,1615.54557852342,897.5253214019,718.0202571215201,True,718.0,REORDER REQUIRED,3,0.2,2
7,PERSONAL CARE,229.64511281374192,688.9353384412258,137.78706768824517,826.722406129471,459.29022562748384,367.43218050198715,True,367.0,REORDER REQUIRED,3,0.2,2
7,PET SUPPLIES,7.144464281926143,21.433392845778428,4.2866785691556855,25.720071414934115,14.288928563852286,11.431142851081828,True,11.0,REORDER REQUIRED,3,0.2,2
7,PLAYERS AND ELECTRONICS,14.303279886793227,42.90983966037968,8.581967932075937,51.491807592455615,28.606559773586454,22.88524781886916,True,23.0,REORDER REQUIRED,3,0.2,2
7,POULTRY,613.0426869055532,1839.1280607166595,367.8256121433319,2206.9536728599915,1226.0853738111064,980.8682990488851,True,981.0,REORDER REQUIRED,3,0.2,2
7,PREPARED FOODS,124.29047423014597,372.87142269043795,74.5742845380876,447.4457072285255,248.58094846029195,198.86475876823357,True,199.0,REORDER REQUIRED,3,0.2,2
7,PRODUCE,4731.283138028537,14193.849414085611,2838.7698828171224,17032.619296902732,9462.566276057074,7570.0530208456585,True,7570.0,REORDER REQUIRED,3,0.2,2
7,SCHOOL AND OFFICE SUPPLIES,1539.143634931755,4617.430904795265,923.486180959053,5540.917085754318,3078.28726986351,2462.6298158908075,True,2463.0,REORDER REQUIRED,3,0.2,2
7,SEAFOOD,41.489260299360375,124.46778089808112,24.893556179616226,149.36133707769733,82.97852059872075,66.38281647897658,True,66.0,REORDER REQUIRED,3,0.2,2
8,AUTOMOTIVE,4.469688891276118,13.409066673828356,2.681813334765671,16.090880008594027,8.939377782552237,7.15150222604179,True,7.0,REORDER REQUIRED,3,0.2,2
8,BABY CARE,0.9962034318153664,2.988610295446099,0.5977220590892198,3.586332354535319,1.9924068636307328,1.5939254909045861,True,2.0,REORDER REQUIRED,3,0.2,2
8,BEAUTY,11.498663010373752,34.495989031121255,6.899197806224251,41.395186837345506,22.997326020747504,18.397860816598,True,18.0,REORDER REQUIRED,3,0.2,2
8,BEVERAGES,4365.752771213071,13097.258313639213,2619.4516627278426,15716.709976367056,8731.505542426143,6985.204433940913,True,6985.0,REORDER REQUIRED,3,0.2,2
8,BOOKS,0.26724302955579304,0.8017290886673791,0.16034581773347584,0.9620749064008549,0.5344860591115861,0.4275888472892688,True,0.0,REORDER REQUIRED,3,0.2,2
8,BREAD/BAKERY,771.3875338980838,2314.1626016942514,462.8325203388503,2776.995122033102,1542.7750677961676,1234.2200542369342,True,1234.0,REORDER REQUIRED,3,0.2,2
8,CELEBRATION,18.864259141729377,56.59277742518813,11.318555485037628,67.91133291022575,37.728518283458754,30.182814626766998,True,30.0,REORDER REQUIRED,3,0.2,2
8,CLEANING,1149.532491974595,3448.5974759237847,689.719495184757,4138.316971108542,2299.06498394919,1839.2519871593522,True,1839.0,REORDER REQUIRED,3,0.2,2
8,DAIRY,1339.081337590462,4017.244012771386,803.4488025542773,4820.692815325663,2678.162675180924,2142.530140144739,True,2143.0,REORDER REQUIRED,3,0.2,2
8,DELI,276.24376758236906,828.7313027471072,165.74626054942144,994.4775632965286,552.4875351647381,441.9900281317905,True,442.0,REORDER REQUIRED,3,0.2,2
8,EGGS,307.6065374570435,922.8196123711305,184.5639224742261,1107.3835348453565,615.213074914087,492.17045993126953,True,492.0,REORDER REQUIRED,3,0.2,2
8,FROZEN FOODS,159.15755062530906,477.47265187592717,95.49453037518543,572.9671822511126,318.3151012506181,254.6520810004945,True,255.0,REORDER REQUIRED,3,0.2,2
8,GROCERY I,4597.169555857769,13791.508667573307,2758.3017335146615,16549.81040108797,9194.339111715539,7355.47128937243,True,7355.0,REORDER REQUIRED,3,0.2,2
8,GROCERY II,40.10337643495484,120.31012930486452,24.062025860972906,144.37215516583743,80.20675286990968,64.16540229592775,True,64.0,REORDER REQUIRED,3,0.2,2
8,HARDWARE,3.5742655959270477,10.722796787781142,2.1445593575562287,12.867356145337371,7.1485311918540955,5.718824953483276,True,6.0,REORDER REQUIRED,3,0.2,2
8,HOME AND KITCHEN I,38.98551896604166,116.95655689812497,23.391311379624995,140.34786827774997,77.97103793208332,62.37683034566665,True,62.0,REORDER REQUIRED,3,0.2,2
8,HOME AND KITCHEN II,47.617421967064956,142.85226590119487,28.570453180238975,171.42271908143385,95.23484393412991,76.18787514730394,True,76.0,REORDER REQUIRED,3,0.2,2
8,HOME APPLIANCES,0.26575425421958326,0.7972627626587498,0.15945255253174997,0.9567153151904998,0.5315085084391665,0.42520680675133327,True,0.0,REORDER REQUIRED,3,0.2,2
8,HOME CARE,323.3260502252206,969.9781506756619,193.9956301351324,1163.9737808107943,646.6521004504413,517.3216803603531,True,517.0,REORDER REQUIRED,3,0.2,2
8,LADIESWEAR,28.911940161290886,86.73582048387266,17.34716409677453,104.08298458064719,57.82388032258177,46.25910425806542,True,46.0,REORDER REQUIRED,3,0.2,2
8,LAWN AND GARDEN,37.85679698279736,113.57039094839209,22.714078189678418,136.2844691380705,75.71359396559473,60.57087517247578,True,61.0,REORDER REQUIRED,3,0.2,2
8,LINGERIE,22.493590342775267,67.4807710283258,13.496154205665162,80.97692523399097,44.987180685550534,35.989744548440434,True,36.0,REORDER REQUIRED,3,0.2,2
8,"LIQUOR,WINE,BEER",145.67558226087422,437.0267467826227,87.40534935652454,524.4320961391472,291.35116452174844,233.0809316173988,True,233.0,REORDER REQUIRED,3,0.2,2
8,MAGAZINES,20.097256216889992,60.29176865066998,12.058353730133996,72.35012238080398,40.194512433779984,32.155609947024,True,32.0,REORDER REQUIRED,3,0.2,2
8,MEATS,426.24620917634127,1278.7386275290237,255.74772550580474,1534.4863530348284,852.4924183526825,681.9939346821459,True,682.0,REORDER REQUIRED,3,0.2,2
8,PERSONAL CARE,321.8698415820321,965.6095247460963,193.12190494921927,1158.7314296953157,643.7396831640642,514.9917465312515,True,515.0,REORDER REQUIRED,3,0.2,2
8,PET SUPPLIES,19.854795001532196,59.56438500459659,11.912877000919318,71.47726200551591,39.70959000306439,31.76767200245152,True,32.0,REORDER REQUIRED,3,0.2,2
8,PLAYERS AND ELECTRONICS,20.07741871387599,60.23225614162797,12.046451228325594,72.27870736995357,40.15483742775198,32.12386994220159,True,32.0,REORDER REQUIRED,3,0.2,2
8,POULTRY,590.0084279743803,1770.025283923141,354.0050567846282,2124.030340707769,1180.0168559487606,944.0134847590084,True,944.0,REORDER REQUIRED,3,0.2,2
8,PREPARED FOODS,145.44379226754737,436.3313768026421,87.26627536052843,523.5976521631706,290.88758453509473,232.71006762807582,True,233.0,REORDER REQUIRED,3,0.2,2
8,PRODUCE,4605.421569812973,13816.264709438918,2763.252941887784,16579.5176513267,9210.843139625946,7368.674511700754,True,7369.0,REORDER REQUIRED,3,0.2,2
8,SCHOOL AND OFFICE SUPPLIES,1496.3330948561666,4488.999284568499,897.7998569136998,5386.799141482199,2992.666189712333,2394.132951769866,True,2394.0,REORDER REQUIRED,3,0.2,2
8,SEAFOOD,37.76425096808824,113.29275290426472,22.658550580852946,135.95130348511765,75.52850193617648,60.422801548941166,True,60.0,REORDER REQUIRED,3,0.2,2
9,AUTOMOTIVE,12.89189687236765,38.675690617102944,7.735138123420589,46.410828740523534,25.7837937447353,20.627034995788236,True,21.0,REORDER REQUIRED,3,0.2,2
9,BABY CARE,0.4719762288192611,1.4159286864577834,0.28318573729155666,1.69911442374934,0.9439524576385222,0.7551619661108179,True,1.0,REORDER REQUIRED,3,0.2,2
9,BEAUTY,9.058938227523878,27.176814682571635,5.435362936514327,32.61217761908596,18.117876455047757,14.494301164038205,True,14.0,REORDER REQUIRED,3,0.2,2
9,BEVERAGES,3230.6791552898276,9692.037465869482,1938.4074931738965,11630.444959043378,6461.358310579655,5169.086648463723,True,5169.0,REORDER REQUIRED,3,0.2,2
9,BOOKS,0.26575425421958326,0.7972627626587498,0.15945255253174997,0.9567153151904998,0.5315085084391665,0.42520680675133327,True,0.0,REORDER REQUIRED,3,0.2,2
9,BREAD/BAKERY,461.9304275469522,1385.7912826408567,277.15825652817136,1662.949539169028,923.8608550939044,739.0886840751235,True,739.0,REORDER REQUIRED,3,0.2,2
9,CELEBRATION,14.991374564680557,44.97412369404167,8.994824738808335,53.968948432850006,29.982749129361114,23.986199303488892,True,24.0,REORDER REQUIRED,3,0.2,2
9,CLEANING,1438.8374577743532,4316.512373323059,863.302474664612,5179.814847987671,2877.6749155487064,2302.1399324389645,True,2302.0,REORDER REQUIRED,3,0.2,2
9,DAIRY,784.9719021230356,2354.915706369107,470.9831412738214,2825.898847642928,1569.9438042460713,1255.9550433968568,True,1256.0,REORDER REQUIRED,3,0.2,2
9,DELI,518.240128693971,1554.720386081913,310.9440772163826,1865.6644632982955,1036.480257387942,829.1842059103535,True,829.0,REORDER REQUIRED,3,0.2,2
9,EGGS,192.48847920095645,577.4654376028693,115.49308752057387,692.9585251234432,384.9769584019129,307.9815667215303,True,308.0,REORDER REQUIRED,3,0.2,2
9,FROZEN FOODS,111.59270958382751,334.77812875148254,66.9556257502965,401.73375450177906,223.18541916765503,178.54833533412403,True,179.0,REORDER REQUIRED,3,0.2,2
9,GROCERY I,6119.427938150787,18358.28381445236,3671.6567628904722,22029.94057734283,12238.855876301574,9791.084701041256,True,9791.0,REORDER REQUIRED,3,0.2,2
9,GROCERY II,11.390797556907808,34.172392670723426,6.834478534144686,41.00687120486811,22.781595113815616,18.225276091052496,True,18.0,REORDER REQUIRED,3,0.2,2
9,HARDWARE,1.5008652143121393,4.502595642936418,0.9005191285872837,5.403114771523702,3.0017304286242785,2.4013843428994237,True,2.0,REORDER REQUIRED,3,0.2,2
9,HOME AND KITCHEN I,50.46365464053444,151.39096392160332,30.278192784320666,181.66915670592397,100.92730928106889,80.74184742485508,True,81.0,REORDER REQUIRED,3,0.2,2
9,HOME AND KITCHEN II,47.483443827319576,142.45033148195873,28.490066296391745,170.94039777835047,94.96688765463915,75.97351012371132,True,76.0,REORDER REQUIRED,3,0.2,2
9,HOME APPLIANCES,0.26575425421958326,0.7972627626587498,0.15945255253174997,0.9567153151904998,0.5315085084391665,0.42520680675133327,True,0.0,REORDER REQUIRED,3,0.2,2
9,HOME CARE,372.580155225597,1117.740465676791,223.54809313535822,1341.2885588121492,745.160310451194,596.1282483609551,True,596.0,REORDER REQUIRED,3,0.2,2
9,LADIESWEAR,10.516124522689173,31.548373568067518,6.309674713613504,37.85804828168102,21.032249045378347,16.825799236302675,True,17.0,REORDER REQUIRED,3,0.2,2
9,LAWN AND GARDEN,554.4461422763458,1663.3384268290374,332.66768536580753,1996.006112194845,1108.8922845526915,887.1138276421534,True,887.0,REORDER REQUIRED,3,0.2,2
9,LINGERIE,9.018106441063052,27.054319323189155,5.4108638646378315,32.46518318782699,18.036212882126105,14.428970305700883,True,14.0,REORDER REQUIRED,3,0.2,2
9,"LIQUOR,WINE,BEER",63.77256569656953,191.3176970897086,38.26353941794172,229.58123650765032,127.54513139313906,102.03610511451126,True,102.0,REORDER REQUIRED,3,0.2,2
9,MAGAZINES,4.542518426767088,13.627555280301262,2.7255110560602525,16.353066336361515,9.085036853534175,7.268029482827339,True,7.0,REORDER REQUIRED,3,0.2,2
9,MEATS,359.208966723619,1077.626900170857,215.5253800341714,1293.1522802050283,718.417933447238,574.7343467577903,True,575.0,REORDER REQUIRED,3,0.2,2
9,PERSONAL CARE,423.19402780895496,1269.5820834268648,253.91641668537295,1523.4985001122377,846.3880556179099,677.1104444943278,True,677.0,REORDER REQUIRED,3,0.2,2
9,PET SUPPLIES,7.109069466593677,21.327208399781032,4.265441679956207,25.59265007973724,14.218138933187355,11.374511146549885,True,11.0,REORDER REQUIRED,3,0.2,2
9,PLAYERS AND ELECTRONICS,7.633166632559629,22.899499897678886,4.579899979535777,27.479399877214664,15.266333265119258,12.213066612095407,True,12.0,REORDER REQUIRED,3,0.2,2
9,POULTRY,398.6490054653916,1195.9470163961748,239.18940327923497,1435.1364196754098,797.2980109307832,637.8384087446266,True,638.0,REORDER REQUIRED,3,0.2,2
9,PREPARED FOODS,106.43755511500429,319.3126653450129,63.86253306900258,383.1751984140154,212.87511023000857,170.30008818400685,True,170.0,REORDER REQUIRED,3,0.2,2
9,PRODUCE,1558.732555333573,4676.1976660007185,935.2395332001438,5611.437199200862,3117.465110667146,2493.972088533716,True,2494.0,REORDER REQUIRED,3,0.2,2
9,SCHOOL AND OFFICE SUPPLIES,145.0045850278428,435.0137550835284,87.00275101670569,522.0165061002341,290.0091700556856,232.00733604454848,True,232.0,REORDER REQUIRED,3,0.2,2
9,SEAFOOD,17.519619873130463,52.558859619391384,10.511771923878278,63.07063154326966,35.039239746260925,28.031391797008737,True,28.0,REORDER REQUIRED,3,0.2,2
10,AUTOMOTIVE,1.6863394881200355,5.059018464360107,1.0118036928720213,6.070822157232128,3.372678976240071,2.6981431809920573,True,3.0,REORDER REQUIRED,3,0.2,2
10,BABY CARE,0.26575425421958326,0.7972627626587498,0.15945255253174997,0.9567153151904998,0.5315085084391665,0.42520680675133327,True,0.0,REORDER REQUIRED,3,0.2,2
10,BEAUTY,2.7641583070121754,8.292474921036526,1.6584949842073051,9.95096990524383,5.528316614024351,4.42265329121948,True,4.0,REORDER REQUIRED,3,0.2,2
10,BEVERAGES,1376.156946016794,4128.470838050383,825.6941676100765,4954.165005660459,2752.313892033588,2201.851113626871,True,2202.0,REORDER REQUIRED,3,0.2,2
10,BOOKS,0.26575425421958326,0.7972627626587498,0.15945255253174997,0.9567153151904998,0.5315085084391665,0.42520680675133327,True,0.0,REORDER REQUIRED,3,0.2,2
10,BREAD/BAKERY,100.83319788788063,302.4995936636419,60.49991873272839,362.9995123963703,201.66639577576126,161.33311662060902,True,161.0,REORDER REQUIRED,3,0.2,2
10,CELEBRATION,4.4918119775736285,13.475435932720885,2.695087186544177,16.170523119265063,8.983623955147257,7.186899164117806,True,7.0,REORDER REQUIRED,3,0.2,2
10,CLEANING,736.5356012985613,2209.606803895684,441.9213607791369,2651.528164674821,1473.0712025971227,1178.456962077698,True,1178.0,REORDER REQUIRED,3,0.2,2
10,DAIRY,303.09389997960534,909.281699938816,181.85633998776322,1091.1380399265793,606.1877999592107,484.9502399673686,True,485.0,REORDER REQUIRED,3,0.2,2
10,DELI,244.7276192807495,734.1828578422485,146.8365715684497,881.0194294106982,489.455238561499,391.5641908491992,True,392.0,REORDER REQUIRED,3,0.2,2
10,EGGS,52.65634377356147,157.9690313206844,31.59380626413688,189.56283758482127,105.31268754712293,84.25015003769833,True,84.0,REORDER REQUIRED,3,0.2,2
10,FROZEN FOODS,38.388252010212824,115.16475603063847,23.032951206127695,138.19770723676618,76.77650402042565,61.42120321634053,True,61.0,REORDER REQUIRED,3,0.2,2
10,GROCERY I,2572.131582686774,7716.394748060322,1543.2789496120645,9259.673697672386,5144.263165373548,4115.410532298838,True,4115.0,REORDER REQUIRED,3,0.2,2
10,GROCERY II,5.668972347066593,17.00691704119978,3.4013834082399566,20.408300449439736,11.337944694133187,9.070355755306549,True,9.0,REORDER REQUIRED,3,0.2,2
10,HARDWARE,0.5566127469198074,1.6698382407594223,0.3339676481518845,2.003805888911307,1.1132254938396149,0.8905803950716922,True,1.0,REORDER REQUIRED,3,0.2,2
10,HOME AND KITCHEN I,10.252234139348406,30.75670241804522,6.151340483609044,36.90804290165426,20.504468278696812,16.40357462295745,True,16.0,REORDER REQUIRED,3,0.2,2
10,HOME AND KITCHEN II,9.216243382078561,27.648730146235685,5.529746029247137,33.17847617548282,18.432486764157122,14.745989411325699,True,15.0,REORDER REQUIRED,3,0.2,2
10,HOME APPLIANCES,0.3210028907793212,0.9630086723379636,0.19260173446759274,1.1556104068055564,0.6420057815586424,0.513604625246914,True,1.0,REORDER REQUIRED,3,0.2,2
10,HOME CARE,167.862510826232,503.58753247869606,100.71750649573922,604.3050389744353,335.725021652464,268.5800173219713,True,269.0,REORDER REQUIRED,3,0.2,2
10,LADIESWEAR,4.732630259789935,14.197890779369803,2.839578155873961,17.037468935243766,9.46526051957987,7.572208415663896,True,8.0,REORDER REQUIRED,3,0.2,2
10,LAWN AND GARDEN,1454.870615729964,4364.611847189892,872.9223694379784,5237.53421662787,2909.741231459928,2327.792985167942,True,2328.0,REORDER REQUIRED,3,0.2,2
10,LINGERIE,101.43621708569026,304.3086512570708,60.86173025141416,365.1703815084849,202.87243417138052,162.2979473371044,True,162.0,REORDER REQUIRED,3,0.2,2
10,"LIQUOR,WINE,BEER",52.864931730944456,158.59479519283337,31.718959038566677,190.31375423140005,105.72986346188891,84.58389076951114,True,85.0,REORDER REQUIRED,3,0.2,2
10,MAGAZINES,0.6414001829031485,1.9242005487094453,0.3848401097418891,2.3090406584513343,1.282800365806297,1.0262402926450374,True,1.0,REORDER REQUIRED,3,0.2,2
10,MEATS,187.0554437567443,561.1663312702328,112.23326625404657,673.3995975242794,374.1108875134886,299.28871001079085,True,299.0,REORDER REQUIRED,3,0.2,2
10,PERSONAL CARE,171.5484481827433,514.6453445482299,102.92906890964599,617.5744134578758,343.0968963654866,274.47751709238923,True,274.0,REORDER REQUIRED,3,0.2,2
10,PET SUPPLIES,1.0755674301368978,3.2267022904106932,0.6453404580821387,3.8720427484928317,2.1511348602737956,1.720907888219036,True,2.0,REORDER REQUIRED,3,0.2,2
10,PLAYERS AND ELECTRONICS,3.6382360924187975,10.914708277256393,2.1829416554512786,13.097649932707672,7.276472184837595,5.821177747870077,True,6.0,REORDER REQUIRED,3,0.2,2
10,POULTRY,143.1642479318131,429.4927437954393,85.89854875908787,515.3912925545271,286.3284958636262,229.06279669090094,True,229.0,REORDER REQUIRED,3,0.2,2
10,PREPARED FOODS,26.490945453801334,79.472836361404,15.894567272280803,95.3674036336848,52.98189090760267,42.38551272608213,True,42.0,REORDER REQUIRED,3,0.2,2
10,PRODUCE,283.736190311825,851.208570935475,170.241714187095,1021.45028512257,567.47238062365,453.97790449892,True,454.0,REORDER REQUIRED,3,0.2,2
10,SCHOOL AND OFFICE SUPPLIES,1522.6428360369193,4567.928508110758,913.5857016221516,5481.51420973291,3045.2856720738387,2436.228537659071,True,2436.0,REORDER REQUIRED,3,0.2,2
10,SEAFOOD,2.1032750821438118,6.309825246431435,1.261965049286287,7.571790295717722,4.2065501642876235,3.365240131430099,True,3.0,REORDER REQUIRED,3,0.2,2
11,AUTOMOTIVE,7.836843970162189,23.510531910486566,4.7021063820973135,28.21263829258388,15.673687940324378,12.538950352259501,True,13.0,REORDER REQUIRED,3,0.2,2
11,BABY CARE,0.36401461138195096,1.092043834145853,0.2184087668291706,1.3104526009750235,0.7280292227639019,0.5824233782111216,True,1.0,REORDER REQUIRED,3,0.2,2
11,BEAUTY,5.117565241614093,15.35269572484228,3.070539144968456,18.423234869810734,10.235130483228186,8.188104386582548,True,8.0,REORDER REQUIRED,3,0.2,2
11,BEVERAGES,4341.913514450281,13025.740543350843,2605.1481086701688,15630.88865202101,8683.827028900561,6947.061623120449,True,6947.0,REORDER REQUIRED,3,0.2,2
11,BOOKS,0.26575425421958326,0.7972627626587498,0.15945255253174997,0.9567153151904998,0.5315085084391665,0.42520680675133327,True,0.0,REORDER REQUIRED,3,0.2,2
11,BREAD/BAKERY,676.16911938069,2028.5073581420697,405.70147162841397,2434.2088297704836,1352.33823876138,1081.8705910091037,True,1082.0,REORDER REQUIRED,3,0.2,2
11,CELEBRATION,13.364149261307142,40.09244778392143,8.018489556784287,48.11093734070572,26.728298522614285,21.382638818091433,True,21.0,REORDER REQUIRED,3,0.2,2
11,CLEANING,1674.4014211647482,5023.2042634942445,1004.6408526988489,6027.845116193093,3348.8028423294963,2679.042273863597,True,2679.0,REORDER REQUIRED,3,0.2,2
11,DAIRY,612.1549744113732,1836.4649232341199,367.292984646824,2203.757907880944,1224.3099488227465,979.4479590581975,True,979.0,REORDER REQUIRED,3,0.2,2
11,DELI,477.2180049279476,1431.6540147838427,286.33080295676854,1717.9848177406113,954.4360098558952,763.5488078847161,True,764.0,REORDER REQUIRED,3,0.2,2
11,EGGS,257.8088056001475,773.4264168004424,154.6852833600885,928.111700160531,515.617611200295,412.494088960236,True,412.0,REORDER REQUIRED,3,0.2,2
11,FROZEN FOODS,88.92535047425648,266.77605142276946,53.35521028455389,320.13126170732335,177.85070094851295,142.2805607588104,True,142.0,REORDER REQUIRED,3,0.2,2
11,GROCERY I,6544.486249048519,19633.45874714556,3926.691749429112,23560.15049657467,13088.972498097039,10471.177998477633,True,10471.0,REORDER REQUIRED,3,0.2,2
11,GROCERY II,26.99126621592347,80.97379864777041,16.194759729554082,97.16855837732449,53.98253243184694,43.186025945477546,True,43.0,REORDER REQUIRED,3,0.2,2
11,HARDWARE,0.8686741242589963,2.6060223727769887,0.5212044745553978,3.1272268473323863,1.7373482485179925,1.3898785988143938,True,1.0,REORDER REQUIRED,3,0.2,2
11,HOME AND KITCHEN I,28.959615437375177,86.87884631212553,17.375769262425106,104.25461557455064,57.919230874750355,46.33538469980029,True,46.0,REORDER REQUIRED,3,0.2,2
11,HOME AND KITCHEN II,19.431015368006978,58.29304610402093,11.658609220804188,69.95165532482511,38.862030736013956,31.089624588811155,True,31.0,REORDER REQUIRED,3,0.2,2
11,HOME APPLIANCES,0.3169279866327861,0.9507839598983583,0.19015679197967167,1.14094075187803,0.6338559732655722,0.5070847786124577,True,1.0,REORDER REQUIRED,3,0.2,2
11,HOME CARE,450.958501134087,1352.875503402261,270.57510068045224,1623.4506040827132,901.917002268174,721.5336018145392,True,722.0,REORDER REQUIRED,3,0.2,2
11,LADIESWEAR,9.325830157545981,27.977490472637946,5.595498094527589,33.57298856716554,18.651660315091963,14.921328252073575,True,15.0,REORDER REQUIRED,3,0.2,2
11,LAWN AND GARDEN,1469.5894458547739,4408.768337564322,881.7536675128645,5290.522005077186,2939.1788917095478,2351.343113367638,True,2351.0,REORDER REQUIRED,3,0.2,2
11,LINGERIE,9.215541744267979,27.646625232803935,5.529325046560787,33.17595027936472,18.431083488535958,14.744866790828763,True,15.0,REORDER REQUIRED,3,0.2,2
11,"LIQUOR,WINE,BEER",48.865913194491135,146.5977395834734,29.319547916694685,175.9172875001681,97.73182638898227,78.18546111118583,True,78.0,REORDER REQUIRED,3,0.2,2
11,MAGAZINES,2.4799177841688924,7.439753352506678,1.4879506705013357,8.927704023008014,4.959835568337785,3.9678684546702288,True,4.0,REORDER REQUIRED,3,0.2,2
11,MEATS,649.4793547130333,1948.4380641390999,389.68761282782,2338.12567696692,1298.9587094260667,1039.1669675408532,True,1039.0,REORDER REQUIRED,3,0.2,2
11,PERSONAL CARE,367.9645865374171,1103.8937596122514,220.77875192245028,1324.6725115347017,735.9291730748342,588.7433384598675,True,589.0,REORDER REQUIRED,3,0.2,2
11,PET SUPPLIES,2.7637828303025587,8.291348490907676,1.6582696981815355,9.949618189089211,5.527565660605117,4.422052528484094,True,4.0,REORDER REQUIRED,3,0.2,2
11,PLAYERS AND ELECTRONICS,15.429439428096767,46.2883182842903,9.25766365685806,55.545981941148355,30.858878856193535,24.68710308495482,True,25.0,REORDER REQUIRED,3,0.2,2
11,POULTRY,410.2868924887642,1230.8606774662926,246.17213549325854,1477.0328129595512,820.5737849775284,656.4590279820228,True,656.0,REORDER REQUIRED,3,0.2,2
11,PREPARED FOODS,100.01065171775306,300.0319551532592,60.00639103065185,360.0383461839111,200.02130343550613,160.01704274840495,True,160.0,REORDER REQUIRED,3,0.2,2
11,PRODUCE,1511.9942207263455,4535.982662179036,907.1965324358073,5443.179194614843,3023.988441452691,2419.1907531621523,True,2419.0,REORDER REQUIRED,3,0.2,2
11,SCHOOL AND OFFICE SUPPLIES,40.8569630060731,122.5708890182193,24.51417780364386,147.08506682186317,81.7139260121462,65.37114080971696,True,65.0,REORDER REQUIRED,3,0.2,2
11,SEAFOOD,9.843772986785831,29.531318960357495,5.906263792071499,35.437582752428995,19.687545973571662,15.750036778857332,True,16.0,REORDER REQUIRED,3,0.2,2
12,AUTOMOTIVE,6.017600802864019,18.052802408592058,3.610560481718412,21.66336289031047,12.035201605728037,9.628161284582433,True,10.0,REORDER REQUIRED,3,0.2,2
12,BABY CARE,0.26575425421958326,0.7972627626587498,0.15945255253174997,0.9567153151904998,0.5315085084391665,0.42520680675133327,True,0.0,REORDER REQUIRED,3,0.2,2
12,BEAUTY,1.74840855842802,5.24522567528406,1.0490451350568122,6.294270810340873,3.49681711685604,2.7974536934848326,True,3.0,REORDER REQUIRED,3,0.2,2
12,BEVERAGES,1537.8450453911364,4613.535136173409,922.7070272346818,5536.242163408091,3075.690090782273,2460.5520726258183,True,2461.0,REORDER REQUIRED,3,0.2,2
12,BOOKS,0.26575425421958326,0.7972627626587498,0.15945255253174997,0.9567153151904998,0.5315085084391665,0.42520680675133327,True,0.0,REORDER REQUIRED,3,0.2,2
12,BREAD/BAKERY,180.9225771867315,542.7677315601945,108.55354631203892,651.3212778722334,361.845154373463,289.4761234987704,True,289.0,REORDER REQUIRED,3,0.2,2
12,CELEBRATION,13.804607769787093,41.41382330936128,8.282764661872255,49.696587971233534,27.609215539574187,22.087372431659347,True,22.0,REORDER REQUIRED,3,0.2,2
12,CLEANING,801.7054441788737,2405.116332536621,481.02326650732425,2886.139599043945,1603.4108883577474,1282.7287106861977,True,1283.0,REORDER REQUIRED,3,0.2,2
12,DAIRY,384.210264587976,1152.630793763928,230.52615875278562,1383.1569525167138,768.420529175952,614.7364233407618,True,615.0,REORDER REQUIRED,3,0.2,2
12,DELI,198.10090873608382,594.3027262082514,118.8605452416503,713.1632714499017,396.20181747216765,316.96145397773404,True,317.0,REORDER REQUIRED,3,0.2,2
12,EGGS,60.474902363567494,181.4247070907025,36.2849414181405,217.709648508843,120.94980472713499,96.75984378170801,True,97.0,REORDER REQUIRED,3,0.2,2
12,FROZEN FOODS,44.950351701254164,134.8510551037625,26.9702110207525,161.82126612451498,89.90070340250833,71.92056272200665,True,72.0,REORDER REQUIRED,3,0.2,2
12,GROCERY I,2658.5987046178225,7975.796113853467,1595.1592227706935,9570.955336624162,5317.197409235645,4253.757927388517,True,4254.0,REORDER REQUIRED,3,0.2,2
12,GROCERY II,8.0212766558118,24.0638299674354,4.81276599348708,28.87659596092248,16.0425533116236,12.83404264929888,True,13.0,REORDER REQUIRED,3,0.2,2
12,HARDWARE,0.4337067910098388,1.3011203730295162,0.26022407460590324,1.5613444476354195,0.8674135820196776,0.6939308656157419,True,1.0,REORDER REQUIRED,3,0.2,2
12,HOME AND KITCHEN I,14.117068695232057,42.35120608569617,8.470241217139234,50.8214473028354,28.234137390464113,22.58730991237129,True,23.0,REORDER REQUIRED,3,0.2,2
12,HOME AND KITCHEN II,21.66429413549968,64.99288240649904,12.998576481299807,77.99145888779884,43.32858827099936,34.66287061679948,True,35.0,REORDER REQUIRED,3,0.2,2
12,HOME APPLIANCES,0.3309386732434541,0.9928160197303624,0.1985632039460725,1.191379223676435,0.6618773464869082,0.5295018771895267,True,1.0,REORDER REQUIRED,3,0.2,2
12,HOME CARE,159.05343646597987,477.1603093979396,95.43206187958793,572.5923712775275,318.10687293195974,254.48549834556775,True,254.0,REORDER REQUIRED,3,0.2,2
12,LADIESWEAR,7.501997571241646,22.50599271372494,4.501198542744988,27.007191256469927,15.003995142483292,12.003196113986634,True,12.0,REORDER REQUIRED,3,0.2,2
12,LAWN AND GARDEN,1450.6009370818174,4351.802811245452,870.3605622490904,5222.163373494543,2901.201874163635,2320.961499330908,True,2321.0,REORDER REQUIRED,3,0.2,2
12,LINGERIE,102.51939719372086,307.5581915811626,61.51163831623252,369.0698298973951,205.03879438744173,164.03103550995337,True,164.0,REORDER REQUIRED,3,0.2,2
12,"LIQUOR,WINE,BEER",45.562535792596066,136.6876073777882,27.33752147555764,164.02512885334585,91.12507158519213,72.90005726815372,True,73.0,REORDER REQUIRED,3,0.2,2
12,MAGAZINES,1.6447290819977654,4.9341872459932965,0.9868374491986593,5.921024695191956,3.2894581639955307,2.631566531196425,True,3.0,REORDER REQUIRED,3,0.2,2
12,MEATS,150.17360955999726,450.5208286799918,90.10416573599836,540.6249944159902,300.3472191199945,240.27777529599564,True,240.0,REORDER REQUIRED,3,0.2,2
12,PERSONAL CARE,188.25408237188302,564.7622471156491,112.95244942312982,677.7146965387789,376.50816474376603,301.20653179501284,True,301.0,REORDER REQUIRED,3,0.2,2
12,PET SUPPLIES,1.609402494255759,4.828207482767277,0.9656414965534554,5.793848979320732,3.218804988511518,2.5750439908092138,True,3.0,REORDER REQUIRED,3,0.2,2
12,PLAYERS AND ELECTRONICS,7.1214411672779745,21.364323501833923,4.272864700366784,25.637188202200708,14.242882334555949,11.394305867644759,True,11.0,REORDER REQUIRED,3,0.2,2
12,POULTRY,154.06144393225685,462.18433179677055,92.43686635935411,554.6211981561247,308.1228878645137,246.498310291611,True,246.0,REORDER REQUIRED,3,0.2,2
12,PREPARED FOODS,30.5143231822426,91.54296954672779,18.308593909345557,109.85156345607335,61.0286463644852,48.82291709158815,True,49.0,REORDER REQUIRED,3,0.2,2
12,PRODUCE,344.2076136858732,1032.6228410576196,206.52456821152393,1239.1474092691435,688.4152273717464,550.7321818973971,True,551.0,REORDER REQUIRED,3,0.2,2
12,SCHOOL AND OFFICE SUPPLIES,584.1082144928663,1752.3246434785988,350.4649286957198,2102.7895721743184,1168.2164289857326,934.5731431885858,True,935.0,REORDER REQUIRED,3,0.2,2
12,SEAFOOD,3.1828147949235115,9.548444384770534,1.9096888769541067,11.45813326172464,6.365629589847023,5.092503671877617,True,5.0,REORDER REQUIRED,3,0.2,2
13,AUTOMOTIVE,5.07813400458066,15.23440201374198,3.046880402748396,18.281282416490377,10.15626800916132,8.125014407329058,True,8.0,REORDER REQUIRED,3,0.2,2
13,BABY CARE,0.26575425421958326,0.7972627626587498,0.15945255253174997,0.9567153151904998,0.5315085084391665,0.42520680675133327,True,0.0,REORDER REQUIRED,3,0.2,2
13,BEAUTY,3.990558931221586,11.97167679366476,2.394335358732952,14.366012152397712,7.981117862443172,6.38489428995454,True,6.0,REORDER REQUIRED,3,0.2,2
13,BEVERAGES,1498.183429332021,4494.550287996063,898.9100575992127,5393.460345595276,2996.366858664042,2397.0934869312337,True,2397.0,REORDER REQUIRED,3,0.2,2
13,BOOKS,0.26575425421958326,0.7972627626587498,0.15945255253174997,0.9567153151904998,0.5315085084391665,0.42520680675133327,True,0.0,REORDER REQUIRED,3,0.2,2
13,BREAD/BAKERY,122.31479570711635,366.94438712134905,73.38887742426981,440.3332645456189,244.6295914142327,195.70367313138618,True,196.0,REORDER REQUIRED,3,0.2,2
13,CELEBRATION,7.832593791478582,23.497781374435746,4.69955627488715,28.197337649322897,15.665187582957165,12.532150066365732,True,13.0,REORDER REQUIRED,3,0.2,2
13,CLEANING,691.218071392033,2073.6542141760992,414.73084283521985,2488.385057011319,1382.436142784066,1105.948914227253,True,1106.0,REORDER REQUIRED,3,0.2,2
13,DAIRY,278.50683858740723,835.5205157622217,167.10410315244437,1002.6246189146661,557.0136771748145,445.6109417398517,True,446.0,REORDER REQUIRED,3,0.2,2
13,DELI,159.68824092868113,479.0647227860434,95.81294455720868,574.877667343252,319.37648185736225,255.50118548588978,True,256.0,REORDER REQUIRED,3,0.2,2
13,EGGS,44.48117010060784,133.44351030182352,26.688702060364704,160.13221236218823,88.96234020121568,71.16987216097255,True,71.0,REORDER REQUIRED,3,0.2,2
13,FROZEN FOODS,33.65186649012026,100.9555994703608,20.19111989407216,121.14671936443295,67.30373298024053,53.84298638419243,True,54.0,REORDER REQUIRED,3,0.2,2
13,GROCERY I,2666.5698179397486,7999.709453819246,1599.9418907638492,9599.651344583095,5333.139635879497,4266.511708703598,True,4267.0,REORDER REQUIRED,3,0.2,2
13,GROCERY II,14.43047241247668,43.29141723743004,8.658283447486008,51.949700684916046,28.86094482495336,23.088755859962685,True,23.0,REORDER REQUIRED,3,0.2,2
13,HARDWARE,0.30917608147216197,0.9275282444164858,0.18550564888329718,1.113033893299783,0.6183521629443239,0.49468173035545904,True,0.0,REORDER REQUIRED,3,0.2,2
13,HOME AND KITCHEN I,16.38111794976395,49.143353849291856,9.828670769858372,58.972024619150226,32.7622358995279,26.209788719622324,True,26.0,REORDER REQUIRED,3,0.2,2
13,HOME AND KITCHEN II,9.803800535215515,29.411401605646546,5.8822803211293095,35.293681926775854,19.60760107043103,15.686080856344823,True,16.0,REORDER REQUIRED,3,0.2,2
13,HOME APPLIANCES,0.2673487789163475,0.8020463367490425,0.1604092673498085,0.962455604098851,0.534697557832695,0.427758046266156,True,0.0,REORDER REQUIRED,3,0.2,2
13,HOME CARE,139.94708652839185,419.8412595851755,83.9682519170351,503.8095115022106,279.8941730567837,223.91533844542693,True,224.0,REORDER REQUIRED,3,0.2,2
13,LADIESWEAR,1.573012792234276,4.719038376702828,0.9438076753405658,5.662846052043394,3.146025584468552,2.5168204675748416,True,3.0,REORDER REQUIRED,3,0.2,2
13,LAWN AND GARDEN,1450.3849219241838,4351.154765772551,870.2309531545103,5221.385718927062,2900.7698438483676,2320.6158750786944,True,2321.0,REORDER REQUIRED,3,0.2,2
13,LINGERIE,2.674768936215973,8.02430680864792,1.604861361729584,9.629168170377504,5.349537872431946,4.279630297945558,True,4.0,REORDER REQUIRED,3,0.2,2
13,"LIQUOR,WINE,BEER",48.36917195242903,145.10751585728707,29.021503171457415,174.1290190287445,96.73834390485806,77.39067512388644,True,77.0,REORDER REQUIRED,3,0.2,2
13,MAGAZINES,1.0776016531829034,3.23280495954871,0.646560991909742,3.879365951458452,2.1552033063658067,1.7241626450926453,True,2.0,REORDER REQUIRED,3,0.2,2
13,MEATS,152.23801437210676,456.7140431163203,91.34280862326406,548.0568517395843,304.4760287442135,243.5808229953708,True,244.0,REORDER REQUIRED,3,0.2,2
13,PERSONAL CARE,184.16621884979563,552.4986565493869,110.49973130987738,662.9983878592642,368.33243769959125,294.66595015967295,True,295.0,REORDER REQUIRED,3,0.2,2
13,PET SUPPLIES,0.605530766317743,1.8165922989532293,0.36331845979064586,2.1799107587438753,1.211061532635486,0.9688492261083892,True,1.0,REORDER REQUIRED,3,0.2,2
13,PLAYERS AND ELECTRONICS,5.414935883579835,16.244807650739503,3.2489615301479007,19.493769180887405,10.82987176715967,8.663897413727735,True,9.0,REORDER REQUIRED,3,0.2,2
13,POULTRY,96.01740617427888,288.0522185228366,57.610443704567324,345.6626622274039,192.03481234855775,153.62784987884618,True,154.0,REORDER REQUIRED,3,0.2,2
13,PREPARED FOODS,21.656861744330165,64.97058523299049,12.994117046598099,77.96470227958858,43.31372348866033,34.65097879092825,True,35.0,REORDER REQUIRED,3,0.2,2
13,PRODUCE,253.04280384089537,759.1284115226861,151.82568230453722,910.9540938272232,506.08560768179075,404.8684861454325,True,405.0,REORDER REQUIRED,3,0.2,2
13,SCHOOL AND OFFICE SUPPLIES,719.4775977799983,2158.432793339995,431.686558667999,2590.119352007994,1438.9551955599966,1151.1641564479976,True,1151.0,REORDER REQUIRED,3,0.2,2
13,SEAFOOD,1.6064870559514355,4.819461167854307,0.9638922335708614,5.783353401425169,3.212974111902871,2.5703792895222977,True,3.0,REORDER REQUIRED,3,0.2,2
14,AUTOMOTIVE,3.8946035616642263,11.683810684992679,2.336762136998536,14.020572821991214,7.7892071233284526,6.231365698662762,True,6.0,REORDER REQUIRED,3,0.2,2
14,BABY CARE,0.26575425421958326,0.7972627626587498,0.15945255253174997,0.9567153151904998,0.5315085084391665,0.42520680675133327,True,0.0,REORDER REQUIRED,3,0.2,2
14,BEAUTY,2.514883371213301,7.544650113639904,1.5089300227279807,9.053580136367884,5.029766742426602,4.023813393941282,True,4.0,REORDER REQUIRED,3,0.2,2
14,BEVERAGES,1532.0910924949146,4596.273277484744,919.2546554969488,5515.527932981692,3064.1821849898292,2451.345747991863,True,2451.0,REORDER REQUIRED,3,0.2,2
14,BOOKS,0.26575425421958326,0.7972627626587498,0.15945255253174997,0.9567153151904998,0.5315085084391665,0.42520680675133327,True,0.0,REORDER REQUIRED,3,0.2,2
14,BREAD/BAKERY,162.5804916878137,487.74147506344104,97.54829501268821,585.2897700761292,325.1609833756274,260.12878670050185,True,260.0,REORDER REQUIRED,3,0.2,2
14,CELEBRATION,10.763276600383062,32.28982980114918,6.457965960229837,38.74779576137902,21.526553200766124,17.221242560612893,True,17.0,REORDER REQUIRED,3,0.2,2
14,CLEANING,950.0730035919006,2850.219010775702,570.0438021551404,3420.2628129308423,1900.1460071838012,1520.116805747041,True,1520.0,REORDER REQUIRED,3,0.2,2
14,DAIRY,366.14019596723773,1098.4205879017131,219.68411758034264,1318.1047054820558,732.2803919344755,585.8243135475803,True,586.0,REORDER REQUIRED,3,0.2,2
14,DELI,247.6331420287301,742.8994260861903,148.57988521723806,891.4793113034283,495.2662840574602,396.2130272459681,True,396.0,REORDER REQUIRED,3,0.2,2
14,EGGS,37.72945369322386,113.18836107967158,22.637672215934316,135.8260332956059,75.45890738644772,60.367125909158176,True,60.0,REORDER REQUIRED,3,0.2,2
14,FROZEN FOODS,46.06359597078974,138.19078791236922,27.638157582473845,165.82894549484305,92.12719194157948,73.70175355326357,True,74.0,REORDER REQUIRED,3,0.2,2
14,GROCERY I,2792.1657451038673,8376.497235311603,1675.2994470623207,10051.796682373923,5584.3314902077345,4467.465192166188,True,4467.0,REORDER REQUIRED,3,0.2,2
14,GROCERY II,5.609484045419652,16.828452136258957,3.3656904272517916,20.19414256351075,11.218968090839304,8.975174472671444,True,9.0,REORDER REQUIRED,3,0.2,2
14,HARDWARE,0.3464443868252924,1.039333160475877,0.20786663209517542,1.2471997925710525,0.6928887736505848,0.5543110189204677,True,1.0,REORDER REQUIRED,3,0.2,2
14,HOME AND KITCHEN I,9.336757288919957,28.010271866759872,5.602054373351975,33.61232624011185,18.673514577839914,14.938811662271934,True,15.0,REORDER REQUIRED,3,0.2,2
14,HOME AND KITCHEN II,21.157162686111686,63.471488058335055,12.694297611667011,76.16578567000207,42.31432537222337,33.851460297778694,True,34.0,REORDER REQUIRED,3,0.2,2
14,HOME APPLIANCES,0.3139184711116531,0.9417554133349593,0.18835108266699185,1.1301064960019511,0.6278369422233062,0.5022695537786449,True,1.0,REORDER REQUIRED,3,0.2,2
14,HOME CARE,183.10921806134854,549.3276541840456,109.86553083680913,659.1931850208548,366.2184361226971,292.9747488981577,True,293.0,REORDER REQUIRED,3,0.2,2
14,LADIESWEAR,1.1063200845334638,3.318960253600391,0.6637920507200783,3.9827523043204693,2.2126401690669275,1.7701121352535418,True,2.0,REORDER REQUIRED,3,0.2,2
14,LAWN AND GARDEN,1451.799870191049,4355.399610573147,871.0799221146294,5226.479532687776,2903.599740382098,2322.8797923056777,True,2323.0,REORDER REQUIRED,3,0.2,2
14,LINGERIE,5.390165628413794,16.170496885241384,3.234099377048277,19.40459626228966,10.780331256827589,8.624265005462073,True,9.0,REORDER REQUIRED,3,0.2,2
14,"LIQUOR,WINE,BEER",22.084500483494494,66.25350145048348,13.250700290096697,79.50420174058019,44.16900096698899,35.3352007735912,True,35.0,REORDER REQUIRED,3,0.2,2
14,MAGAZINES,2.5013902912866652,7.504170873859996,1.5008341747719993,9.005005048631995,5.0027805825733305,4.0022244660586646,True,4.0,REORDER REQUIRED,3,0.2,2
14,MEATS,247.74641778421548,743.2392533526464,148.6478506705293,891.8871040231757,495.49283556843096,396.3942684547447,True,396.0,REORDER REQUIRED,3,0.2,2
14,PERSONAL CARE,242.8812931452192,728.6438794356576,145.72877588713152,874.3726553227891,485.7625862904384,388.61006903235074,True,389.0,REORDER REQUIRED,3,0.2,2
14,PET SUPPLIES,1.0603978027512015,3.1811934082536046,0.636238681650721,3.8174320899043255,2.120795605502403,1.6966364844019224,True,2.0,REORDER REQUIRED,3,0.2,2
14,PLAYERS AND ELECTRONICS,5.249949869789732,15.749849609369196,3.1499699218738395,18.899819531243036,10.499899739579464,8.399919791663573,True,8.0,REORDER REQUIRED,3,0.2,2
14,POULTRY,90.13425319645538,270.40275958936616,54.08055191787324,324.48331150723936,180.26850639291075,144.2148051143286,True,144.0,REORDER REQUIRED,3,0.2,2
14,PREPARED FOODS,88.86120093154456,266.5836027946337,53.31672055892674,319.90032335356045,177.72240186308912,142.17792149047133,True,142.0,REORDER REQUIRED,3,0.2,2
14,PRODUCE,385.29379505432087,1155.8813851629625,231.1762770325925,1387.057662195555,770.5875901086417,616.4700720869132,True,616.0,REORDER REQUIRED,3,0.2,2
14,SCHOOL AND OFFICE SUPPLIES,1004.2681240743896,3012.8043722231687,602.5608744446338,3615.3652466678022,2008.5362481487791,1606.8289985190231,True,1607.0,REORDER REQUIRED,3,0.2,2
14,SEAFOOD,4.747427612350842,14.242282837052526,2.8484565674105053,17.090739404463033,9.494855224701684,7.595884179761349,True,8.0,REORDER REQUIRED,3,0.2,2
15,AUTOMOTIVE,4.257987595347654,12.773962786042961,2.5547925572085926,15.328755343251554,8.515975190695308,6.812780152556247,True,7.0,REORDER REQUIRED,3,0.2,2
15,BABY CARE,1.025051031213466,3.075153093640398,0.6150306187280796,3.6901837123684773,2.050102062426932,1.6400816499415454,True,2.0,REORDER REQUIRED,3,0.2,2
15,BEAUTY,4.103270597524902,12.309811792574706,2.4619623585149415,14.771774151089648,8.206541195049804,6.565232956039845,True,7.0,REORDER REQUIRED,3,0.2,2
15,BEVERAGES,1613.3469788514662,4840.040936554398,968.0081873108797,5808.049123865278,3226.6939577029325,2581.355166162345,True,2581.0,REORDER REQUIRED,3,0.2,2
15,BOOKS,0.25636169076538096,0.7690850722961429,0.15381701445922857,0.9229020867553714,0.5127233815307619,0.41017870522460953,True,0.0,REORDER REQUIRED,3,0.2,2
15,BREAD/BAKERY,153.5531260963848,460.6593782891544,92.13187565783089,552.7912539469853,307.1062521927696,245.6850017542157,True,246.0,REORDER REQUIRED,3,0.2,2
15,CELEBRATION,4.3191919417929965,12.957575825378989,2.5915151650757977,15.549090990454786,8.638383883585993,6.910707106868793,True,7.0,REORDER REQUIRED,3,0.2,2
15,CLEANING,806.2064328834289,2418.6192986502865,483.7238597300573,2902.343158380344,1612.4128657668577,1289.9302926134862,True,1290.0,REORDER REQUIRED,3,0.2,2
15,DAIRY,317.63822971908564,952.9146891572569,190.5829378314514,1143.4976269887084,635.2764594381713,508.2211675505371,True,508.0,REORDER REQUIRED,3,0.2,2
15,DELI,243.25748148870636,729.772444466119,145.9544888932238,875.7269333593429,486.5149629774127,389.21197038193014,True,389.0,REORDER REQUIRED,3,0.2,2
15,EGGS,99.35848042178127,298.0754412653438,59.61508825306876,357.6905295184125,198.71696084356253,158.97356867485,True,159.0,REORDER REQUIRED,3,0.2,2
15,FROZEN FOODS,66.88836612990848,200.66509838972542,40.133019677945086,240.7981180676705,133.77673225981695,107.02138580785353,True,107.0,REORDER REQUIRED,3,0.2,2
15,GROCERY I,2637.5037972398736,7912.511391719621,1582.5022783439244,9495.013670063545,5275.007594479747,4220.006075583798,True,4220.0,REORDER REQUIRED,3,0.2,2
15,GROCERY II,6.802966327770002,20.408898983310007,4.081779796662001,24.490678779972008,13.605932655540004,10.884746124432004,True,11.0,REORDER REQUIRED,3,0.2,2
15,HARDWARE,1.4634329914204114,4.390298974261234,0.8780597948522468,5.2683587691134806,2.9268659828408228,2.3414927862726578,True,2.0,REORDER REQUIRED,3,0.2,2
15,HOME AND KITCHEN I,11.700370636079178,35.101111908237534,7.020222381647507,42.12133428988504,23.400741272158356,18.720593017726685,True,19.0,REORDER REQUIRED,3,0.2,2
15,HOME AND KITCHEN II,17.542019920682225,52.62605976204668,10.525211952409336,63.151271714456016,35.08403984136445,28.067231873091565,True,28.0,REORDER REQUIRED,3,0.2,2
15,HOME APPLIANCES,0.3304076430871593,0.9912229292614779,0.1982445858522956,1.1894675151137735,0.6608152861743186,0.5286522289394548,True,1.0,REORDER REQUIRED,3,0.2,2
15,HOME CARE,196.68777477087716,590.0633243126315,118.01266486252631,708.0759891751578,393.3755495417543,314.7004396334035,True,315.0,REORDER REQUIRED,3,0.2,2
15,LADIESWEAR,7.310586470459263,21.93175941137779,4.386351882275558,26.31811129365335,14.621172940918527,11.696938352734822,True,12.0,REORDER REQUIRED,3,0.2,2
15,LAWN AND GARDEN,1453.363557763377,4360.090673290131,872.0181346580263,5232.108807948158,2906.727115526754,2325.381692421404,True,2325.0,REORDER REQUIRED,3,0.2,2
15,LINGERIE,30.916731350230688,92.75019405069206,18.550038810138414,111.30023286083048,61.833462700461375,49.4667701603691,True,49.0,REORDER REQUIRED,3,0.2,2
15,"LIQUOR,WINE,BEER",24.29617047434097,72.8885114230229,14.577702284604582,87.46621370762749,48.59234094868194,38.87387275894555,True,39.0,REORDER REQUIRED,3,0.2,2
15,MAGAZINES,2.035991088986613,6.1079732669598386,1.2215946533919677,7.329567920351806,4.071982177973226,3.2575857423785806,True,3.0,REORDER REQUIRED,3,0.2,2
15,MEATS,131.4456748691411,394.3370246074233,78.86740492148466,473.20442952890795,262.8913497382822,210.31307979062575,True,210.0,REORDER REQUIRED,3,0.2,2
15,PERSONAL CARE,171.67705314711,515.03115944133,103.00623188826602,618.0373913295961,343.35410629422,274.68328503537606,True,275.0,REORDER REQUIRED,3,0.2,2
15,PET SUPPLIES,1.0032659831991895,3.0097979495975684,0.6019595899195137,3.611757539517082,2.006531966398379,1.605225573118703,True,2.0,REORDER REQUIRED,3,0.2,2
15,PLAYERS AND ELECTRONICS,5.259004608227184,15.777013824681553,3.1554027649363108,18.932416589617866,10.518009216454368,8.414407373163497,True,8.0,REORDER REQUIRED,3,0.2,2
15,POULTRY,111.77958618397378,335.33875855192133,67.06775171038427,402.4065102623056,223.55917236794755,178.84733789435802,True,179.0,REORDER REQUIRED,3,0.2,2
15,PREPARED FOODS,39.80412610389616,119.41237831168849,23.882475662337697,143.29485397402618,79.60825220779232,63.68660176623386,True,64.0,REORDER REQUIRED,3,0.2,2
15,PRODUCE,657.0607015161081,1971.1821045483243,394.2364209096649,2365.4185254579893,1314.1214030322162,1051.297122425773,True,1051.0,REORDER REQUIRED,3,0.2,2
15,SCHOOL AND OFFICE SUPPLIES,955.1601563513249,2865.4804690539745,573.096093810795,3438.5765628647696,1910.3203127026497,1528.2562501621198,True,1528.0,REORDER REQUIRED,3,0.2,2
15,SEAFOOD,4.639180623202262,13.917541869606787,2.7835083739213573,16.701050243528144,9.278361246404524,7.42268899712362,True,7.0,REORDER REQUIRED,3,0.2,2
16,AUTOMOTIVE,5.171301283439257,15.51390385031777,3.1027807700635543,18.616684620381324,10.342602566878513,8.274082053502811,True,8.0,REORDER REQUIRED,3,0.2,2
16,BABY CARE,0.3729257126454907,1.1187771379364722,0.22375542758729444,1.3425325655237665,0.7458514252909814,0.5966811402327852,True,1.0,REORDER REQUIRED,3,0.2,2
16,BEAUTY,1.7982501240942979,5.394750372282894,1.0789500744565788,6.473700446739472,3.5965002481885957,2.8772001985508764,True,3.0,REORDER REQUIRED,3,0.2,2
16,BEVERAGES,1383.1782209377914,4149.534662813374,829.9069325626748,4979.441595376049,2766.3564418755827,2213.0851535004663,True,2213.0,REORDER REQUIRED,3,0.2,2
16,BOOKS,0.25636169076538096,0.7690850722961429,0.15381701445922857,0.9229020867553714,0.5127233815307619,0.41017870522460953,True,0.0,REORDER REQUIRED,3,0.2,2
16,BREAD/BAKERY,201.34537701961585,604.0361310588476,120.80722621176952,724.843357270617,402.6907540392317,322.15260323138534,True,322.0,REORDER REQUIRED,3,0.2,2
16,CELEBRATION,5.50397768058309,16.51193304174927,3.3023866083498543,19.814319650099122,11.00795536116618,8.806364288932942,True,9.0,REORDER REQUIRED,3,0.2,2
16,CLEANING,781.8270321250277,2345.4810963750833,469.09621927501667,2814.5773156501,1563.6540642500554,1250.9232514000446,True,1251.0,REORDER REQUIRED,3,0.2,2
16,DAIRY,300.4884638993038,901.4653916979114,180.29307833958228,1081.7584700374937,600.9769277986076,480.7815422388861,True,481.0,REORDER REQUIRED,3,0.2,2
16,DELI,155.2279097192488,465.68372915774637,93.13674583154928,558.8204749892957,310.4558194384976,248.3646555507981,True,248.0,REORDER REQUIRED,3,0.2,2
16,EGGS,130.01766234466933,390.05298703400797,78.0105974068016,468.06358444080956,260.03532468933867,208.0282597514709,True,208.0,REORDER REQUIRED,3,0.2,2
16,FROZEN FOODS,41.67128772877993,125.01386318633979,25.00277263726796,150.01663582360774,83.34257545755986,66.67406036604788,True,67.0,REORDER REQUIRED,3,0.2,2
16,GROCERY I,2010.0692611726433,6030.20778351793,1206.041556703586,7236.249340221516,4020.1385223452867,3216.1108178762292,True,3216.0,REORDER REQUIRED,3,0.2,2
16,GROCERY II,5.4620004382372125,16.38600131471164,3.277200262942328,19.663201577653965,10.924000876474425,8.73920070117954,True,9.0,REORDER REQUIRED,3,0.2,2
16,HARDWARE,0.3420296634160824,1.026088990248247,0.20521779804964943,1.2313067882978965,0.6840593268321647,0.5472474614657318,True,1.0,REORDER REQUIRED,3,0.2,2
16,HOME AND KITCHEN I,15.080786642772885,45.242359928318656,9.048471985663731,54.29083191398239,30.16157328554577,24.129258628436617,True,24.0,REORDER REQUIRED,3,0.2,2
16,HOME AND KITCHEN II,15.966313626907812,47.89894088072344,9.579788176144687,57.478729056868126,31.932627253815625,25.5461018030525,True,26.0,REORDER REQUIRED,3,0.2,2
16,HOME APPLIANCES,0.3440469173315172,1.0321407519945516,0.20642815039891033,1.2385689023934618,0.6880938346630344,0.5504750677304274,True,1.0,REORDER REQUIRED,3,0.2,2
16,HOME CARE,167.64195354200777,502.92586062602334,100.58517212520468,603.511032751228,335.28390708401554,268.2271256672124,True,268.0,REORDER REQUIRED,3,0.2,2
16,LADIESWEAR,0.25636169076538096,0.7690850722961429,0.15381701445922857,0.9229020867553714,0.5127233815307619,0.41017870522460953,True,0.0,REORDER REQUIRED,3,0.2,2
16,LAWN AND GARDEN,1448.6255478427458,4345.876643528238,869.1753287056476,5215.051972233885,2897.2510956854917,2317.8008765483933,True,2318.0,REORDER REQUIRED,3,0.2,2
16,LINGERIE,33.791516579067284,101.37454973720185,20.27490994744037,121.64945968464221,67.58303315813457,54.06642652650764,True,54.0,REORDER REQUIRED,3,0.2,2
16,"LIQUOR,WINE,BEER",41.585697258267636,124.75709177480292,24.951418354960584,149.7085101297635,83.17139451653527,66.53711561322824,True,67.0,REORDER REQUIRED,3,0.2,2
16,MAGAZINES,1.6749952056731596,5.024985617019479,1.004997123403896,6.029982740423375,3.3499904113463193,2.6799923290770553,True,3.0,REORDER REQUIRED,3,0.2,2
16,MEATS,55.977195403674614,167.93158621102384,33.58631724220477,201.5179034532286,111.95439080734923,89.56351264587937,True,90.0,REORDER REQUIRED,3,0.2,2
16,PERSONAL CARE,133.31817604219196,399.9545281265759,79.99090562531518,479.9454337518911,266.63635208438393,213.30908166750714,True,213.0,REORDER REQUIRED,3,0.2,2
16,PET SUPPLIES,1.1154274675719686,3.346282402715906,0.6692564805431812,4.0155388832590875,2.2308549351439373,1.7846839481151502,True,2.0,REORDER REQUIRED,3,0.2,2
16,PLAYERS AND ELECTRONICS,3.2382429616514035,9.71472888495421,1.9429457769908423,11.657674661945052,6.476485923302807,5.181188738642245,True,5.0,REORDER REQUIRED,3,0.2,2
16,POULTRY,67.93621193875282,203.80863581625846,40.76172716325169,244.57036297951015,135.87242387750564,108.69793910200451,True,109.0,REORDER REQUIRED,3,0.2,2
16,PREPARED FOODS,34.676124646462206,104.02837393938663,20.805674787877326,124.83404872726395,69.35224929292441,55.481799434339536,True,55.0,REORDER REQUIRED,3,0.2,2
16,PRODUCE,532.5176401601412,1597.5529204804238,319.5105840960848,1917.0635045765086,1065.0352803202825,852.0282242562262,True,852.0,REORDER REQUIRED,3,0.2,2
16,SCHOOL AND OFFICE SUPPLIES,1448.8676923553003,4346.603077065901,869.3206154131802,5215.923692479081,2897.7353847106006,2318.1883077684806,True,2318.0,REORDER REQUIRED,3,0.2,2
16,SEAFOOD,1.2564362292804054,3.7693086878412165,0.7538617375682434,4.52317042540946,2.512872458560811,2.010297966848649,True,2.0,REORDER REQUIRED,3,0.2,2
17,AUTOMOTIVE,8.386206157049802,25.158618471149406,5.031723694229882,30.19034216537929,16.772412314099604,13.417929851279684,True,13.0,REORDER REQUIRED,3,0.2,2
17,BABY CARE,0.7807577149480837,2.342273144844251,0.4684546289688502,2.810727773813101,1.5615154298961673,1.2492123439169338,True,1.0,REORDER REQUIRED,3,0.2,2
17,BEAUTY,3.175862414580593,9.52758724374178,1.905517448748356,11.433104692490135,6.351724829161186,5.081379863328949,True,5.0,REORDER REQUIRED,3,0.2,2
17,BEVERAGES,2935.154190227705,8805.462570683114,1761.0925141366229,10566.555084819736,5870.30838045541,4696.246704364326,True,4696.0,REORDER REQUIRED,3,0.2,2
17,BOOKS,0.2547721853711105,0.7643165561133316,0.15286331122266633,0.9171798673359979,0.509544370742221,0.40763549659377685,True,0.0,REORDER REQUIRED,3,0.2,2
17,BREAD/BAKERY,302.1541989311559,906.4625967934678,181.29251935869357,1087.7551161521615,604.3083978623118,483.4467182898496,True,483.0,REORDER REQUIRED,3,0.2,2
17,CELEBRATION,7.069145191787967,21.2074355753639,4.24148711507278,25.448922690436678,14.138290383575933,11.310632306860745,True,11.0,REORDER REQUIRED,3,0.2,2
17,CLEANING,1042.4794016664162,3127.4382049992482,625.4876409998496,3752.925845999098,2084.9588033328323,1667.9670426662656,True,1668.0,REORDER REQUIRED,3,0.2,2
17,DAIRY,726.9048209223956,2180.714462767187,436.1428925534374,2616.8573553206243,1453.8096418447913,1163.047713475833,True,1163.0,REORDER REQUIRED,3,0.2,2
17,DELI,473.6631580158469,1420.9894740475406,284.1978948095081,1705.1873688570488,947.3263160316938,757.861052825355,True,758.0,REORDER REQUIRED,3,0.2,2
17,EGGS,181.68157775395736,545.0447332618721,109.00894665237443,654.0536799142466,363.3631555079147,290.69052440633186,True,291.0,REORDER REQUIRED,3,0.2,2
17,FROZEN FOODS,107.47889613325088,322.43668839975265,64.48733767995053,386.9240260797032,214.95779226650177,171.96623381320143,True,172.0,REORDER REQUIRED,3,0.2,2
17,GROCERY I,4343.030460934055,13029.091382802164,2605.818276560433,15634.909659362596,8686.06092186811,6948.848737494487,True,6949.0,REORDER REQUIRED,3,0.2,2
17,GROCERY II,16.932381442501683,50.79714432750505,10.159428865501011,60.956573193006065,33.864762885003366,27.0918103080027,True,27.0,REORDER REQUIRED,3,0.2,2
17,HARDWARE,1.6895080296532483,5.0685240889597445,1.013704817791949,6.082228906751693,3.3790160593064966,2.7032128474451964,True,3.0,REORDER REQUIRED,3,0.2,2
17,HOME AND KITCHEN I,25.474509763268244,76.42352928980473,15.284705857960947,91.70823514776568,50.94901952653649,40.75921562122919,True,41.0,REORDER REQUIRED,3,0.2,2
17,HOME AND KITCHEN II,25.446914322928695,76.34074296878609,15.268148593757218,91.6088915625433,50.89382864585739,40.715062916685916,True,41.0,REORDER REQUIRED,3,0.2,2
17,HOME APPLIANCES,0.3187115436436106,0.9561346309308318,0.19122692618616638,1.1473615571169982,0.6374230872872212,0.509938469829777,True,1.0,REORDER REQUIRED,3,0.2,2
17,HOME CARE,268.67292018943834,806.018760568315,161.203752113663,967.222512681978,537.3458403788767,429.87667230310126,True,430.0,REORDER REQUIRED,3,0.2,2
17,LADIESWEAR,0.39618477733444063,1.1885543320033218,0.23771086640066438,1.4262651984039862,0.7923695546688813,0.633895643735105,True,1.0,REORDER REQUIRED,3,0.2,2
17,LAWN AND GARDEN,1444.7037933853278,4334.111380155983,866.8222760311967,5200.93365618718,2889.4075867706556,2311.526069416524,True,2312.0,REORDER REQUIRED,3,0.2,2
17,LINGERIE,9.004828436459217,27.01448530937765,5.402897061875531,32.41738237125318,18.009656872918434,14.407725498334749,True,14.0,REORDER REQUIRED,3,0.2,2
17,"LIQUOR,WINE,BEER",54.267175067629516,162.80152520288854,32.56030504057771,195.36183024346624,108.53435013525903,86.82748010820721,True,87.0,REORDER REQUIRED,3,0.2,2
17,MAGAZINES,4.6912501155525215,14.073750346657565,2.814750069331513,16.88850041598908,9.382500231105043,7.506000184884035,True,8.0,REORDER REQUIRED,3,0.2,2
17,MEATS,252.95479821768913,758.8643946530674,151.77287893061347,910.6372735836809,505.90959643537826,404.72767714830263,True,405.0,REORDER REQUIRED,3,0.2,2
17,PERSONAL CARE,254.34431561741792,763.0329468522538,152.60658937045076,915.6395362227045,508.68863123483584,406.9509049878686,True,407.0,REORDER REQUIRED,3,0.2,2
17,PET SUPPLIES,2.465216938526237,7.395650815578711,1.4791301631157423,8.874780978694453,4.930433877052474,3.944347101641979,True,4.0,REORDER REQUIRED,3,0.2,2
17,PLAYERS AND ELECTRONICS,8.96527549320709,26.89582647962127,5.379165295924254,32.27499177554552,17.93055098641418,14.344440789131344,True,14.0,REORDER REQUIRED,3,0.2,2
17,POULTRY,340.7793962328284,1022.3381886984852,204.46763773969704,1226.8058264381823,681.5587924656568,545.2470339725255,True,545.0,REORDER REQUIRED,3,0.2,2
17,PREPARED FOODS,61.717886093877475,185.15365828163243,37.03073165632649,222.1843899379589,123.43577218775495,98.74861775020396,True,99.0,REORDER REQUIRED,3,0.2,2
17,PRODUCE,1400.71011007131,4202.13033021393,840.4260660427861,5042.556396256717,2801.42022014262,2241.1361761140965,True,2241.0,REORDER REQUIRED,3,0.2,2
17,SCHOOL AND OFFICE SUPPLIES,70.09081974122977,210.27245922368928,42.05449184473786,252.32695106842715,140.18163948245953,112.14531158596762,True,112.0,REORDER REQUIRED,3,0.2,2
17,SEAFOOD,13.546249522929177,40.638748568787534,8.127749713757508,48.766498282545044,27.092499045858354,21.67399923668669,True,22.0,REORDER REQUIRED,3,0.2,2
18,AUTOMOTIVE,3.737487200039488,11.212461600118463,2.242492320023693,13.454953920142156,7.474974400078976,5.97997952006318,True,6.0,REORDER REQUIRED,3,0.2,2
18,BABY CARE,1.1269223850880539,3.3807671552641616,0.6761534310528323,4.056920586316994,2.2538447701761077,1.8030758161408862,True,2.0,REORDER REQUIRED,3,0.2,2
18,BEAUTY,5.240821914411875,15.722465743235624,3.144493148647125,18.86695889188275,10.48164382882375,8.385315063059,True,8.0,REORDER REQUIRED,3,0.2,2
18,BEVERAGES,2048.104548379935,6144.313645139804,1228.862729027961,7373.176374167765,4096.20909675987,3276.9672774078954,True,3277.0,REORDER REQUIRED,3,0.2,2
18,BOOKS,0.2547721853711105,0.7643165561133316,0.15286331122266633,0.9171798673359979,0.509544370742221,0.40763549659377685,True,0.0,REORDER REQUIRED,3,0.2,2
18,BREAD/BAKERY,528.8309622622797,1586.4928867868393,317.2985773573679,1903.791464144207,1057.6619245245595,846.1295396196476,True,846.0,REORDER REQUIRED,3,0.2,2
18,CELEBRATION,9.341419910892014,28.024259732676043,5.604851946535209,33.62911167921125,18.68283982178403,14.94627185742722,True,15.0,REORDER REQUIRED,3,0.2,2
18,CLEANING,559.4470511691205,1678.3411535073615,335.66823070147234,2014.0093842088338,1118.894102338241,895.1152818705928,True,895.0,REORDER REQUIRED,3,0.2,2
18,DAIRY,563.8726829240858,1691.6180487722572,338.32360975445147,2029.9416585267086,1127.7453658481716,902.196292678537,True,902.0,REORDER REQUIRED,3,0.2,2
18,DELI,197.86540593076083,593.5962177922825,118.7192435584565,712.3154613507389,395.73081186152166,316.58464948921727,True,317.0,REORDER REQUIRED,3,0.2,2
18,EGGS,173.11572979875174,519.3471893962552,103.86943787925105,623.2166272755062,346.2314595975035,276.9851676780027,True,277.0,REORDER REQUIRED,3,0.2,2
18,FROZEN FOODS,60.742233941135744,182.22670182340724,36.44534036468145,218.67204218808868,121.48446788227149,97.1875743058172,True,97.0,REORDER REQUIRED,3,0.2,2
18,GROCERY I,2647.860865801484,7943.582597404453,1588.7165194808906,9532.299116885344,5295.721731602968,4236.577385282376,True,4237.0,REORDER REQUIRED,3,0.2,2
18,GROCERY II,13.160585953447248,39.481757860341745,7.896351572068349,47.37810943241009,26.321171906894495,21.056937525515597,True,21.0,REORDER REQUIRED,3,0.2,2
18,HARDWARE,1.0857574606066716,3.2572723818200147,0.651454476364003,3.9087268581840178,2.171514921213343,1.7372119369706747,True,2.0,REORDER REQUIRED,3,0.2,2
18,HOME AND KITCHEN I,22.759869243742127,68.27960773122638,13.655921546245276,81.93552927747166,45.519738487484254,36.415790789987405,True,36.0,REORDER REQUIRED,3,0.2,2
18,HOME AND KITCHEN II,21.092644113047772,63.27793233914332,12.655586467828664,75.93351880697199,42.185288226095544,33.748230580876445,True,34.0,REORDER REQUIRED,3,0.2,2
18,HOME APPLIANCES,0.3058339315967919,0.9175017947903756,0.18350035895807515,1.1010021537484507,0.6116678631935838,0.4893342905548669,True,0.0,REORDER REQUIRED,3,0.2,2
18,HOME CARE,181.67884638997623,545.0365391699287,109.00730783398575,654.0438470039144,363.35769277995246,290.6861542239619,True,291.0,REORDER REQUIRED,3,0.2,2
18,LADIESWEAR,9.258630127457971,27.775890382373916,5.555178076474784,33.3310684588487,18.517260254915943,14.813808203932755,True,15.0,REORDER REQUIRED,3,0.2,2
18,LAWN AND GARDEN,1389.7176925628844,4169.153077688653,833.8306155377306,5002.983693226383,2779.435385125769,2223.5483081006146,True,2224.0,REORDER REQUIRED,3,0.2,2
18,LINGERIE,32.79549198571029,98.38647595713087,19.677295191426175,118.06377114855704,65.59098397142058,52.47278717713645,True,52.0,REORDER REQUIRED,3,0.2,2
18,"LIQUOR,WINE,BEER",62.063199686142895,186.18959905842868,37.237919811685735,223.42751887011443,124.12639937228579,99.30111949782864,True,99.0,REORDER REQUIRED,3,0.2,2
18,MAGAZINES,2.506400425527393,7.519201276582179,1.5038402553164358,9.023041531898615,5.012800851054786,4.010240680843829,True,4.0,REORDER REQUIRED,3,0.2,2
18,MEATS,102.2142673517337,306.64280205520106,61.328560411040215,367.97136246624126,204.4285347034674,163.54282776277387,True,164.0,REORDER REQUIRED,3,0.2,2
18,PERSONAL CARE,152.31217958938115,456.93653876814346,91.3873077536287,548.3238465217721,304.6243591787623,243.69948734300982,True,244.0,REORDER REQUIRED,3,0.2,2
18,PET SUPPLIES,3.729162883538664,11.187488650615993,2.2374977301231986,13.424986380739192,7.458325767077328,5.966660613661864,True,6.0,REORDER REQUIRED,3,0.2,2
18,PLAYERS AND ELECTRONICS,7.46843677226515,22.40531031679545,4.48106206335909,26.88637238015454,14.9368735445303,11.94949883562424,True,12.0,REORDER REQUIRED,3,0.2,2
18,POULTRY,171.6941387473177,515.0824162419531,103.01648324839061,618.0988994903437,343.3882774946354,274.71062199570827,True,275.0,REORDER REQUIRED,3,0.2,2
18,PREPARED FOODS,53.68215868266407,161.0464760479922,32.209295209598444,193.25577125759065,107.36431736532813,85.89145389226252,True,86.0,REORDER REQUIRED,3,0.2,2
18,PRODUCE,1675.2641499334388,5025.792449800317,1005.1584899600634,6030.95093976038,3350.5282998668777,2680.422639893502,True,2680.0,REORDER REQUIRED,3,0.2,2
18,SCHOOL AND OFFICE SUPPLIES,51.55573891840674,154.6672167552202,30.933443351044044,185.60066010626426,103.11147783681348,82.48918226945078,True,82.0,REORDER REQUIRED,3,0.2,2
18,SEAFOOD,13.836906166419785,41.510718499259355,8.302143699851872,49.81286219911122,27.67381233283957,22.13904986627165,True,22.0,REORDER REQUIRED,3,0.2,2
19,AUTOMOTIVE,6.203757158569587,18.61127147570876,3.7222542951417523,22.333525770850514,12.407514317139174,9.92601145371134,True,10.0,REORDER REQUIRED,3,0.2,2
19,BABY CARE,0.6622401616085379,1.986720484825614,0.3973440969651228,2.384064581790737,1.3244803232170759,1.059584258573661,True,1.0,REORDER REQUIRED,3,0.2,2
19,BEAUTY,3.633502139051241,10.900506417153723,2.1801012834307447,13.080607700584467,7.267004278102482,5.813603422481985,True,6.0,REORDER REQUIRED,3,0.2,2
19,BEVERAGES,2531.9437930859476,7595.831379257843,1519.1662758515686,9114.997655109411,5063.887586171895,4051.110068937516,True,4051.0,REORDER REQUIRED,3,0.2,2
19,BOOKS,0.2547721853711105,0.7643165561133316,0.15286331122266633,0.9171798673359979,0.509544370742221,0.40763549659377685,True,0.0,REORDER REQUIRED,3,0.2,2
19,BREAD/BAKERY,173.8686330531393,521.6058991594178,104.32117983188357,625.9270789913014,347.7372661062786,278.18981288502283,True,278.0,REORDER REQUIRED,3,0.2,2
19,CELEBRATION,6.820312385024255,20.460937155072763,4.092187431014553,24.553124586087314,13.64062477004851,10.912499816038805,True,11.0,REORDER REQUIRED,3,0.2,2
19,CLEANING,891.4566995954909,2674.3700987864727,534.8740197572946,3209.2441185437674,1782.9133991909819,1426.3307193527855,True,1426.0,REORDER REQUIRED,3,0.2,2
19,DAIRY,335.89302452297403,1007.6790735689221,201.53581471378445,1209.2148882827066,671.7860490459481,537.4288392367586,True,537.0,REORDER REQUIRED,3,0.2,2
19,DELI,288.2571049368378,864.7713148105133,172.9542629621027,1037.725577772616,576.5142098736756,461.21136789894035,True,461.0,REORDER REQUIRED,3,0.2,2
19,EGGS,60.285007917822334,180.855023753467,36.171004750693406,217.02602850416042,120.57001583564467,96.45601266851575,True,96.0,REORDER REQUIRED,3,0.2,2
19,FROZEN FOODS,44.019421033382486,132.05826310014746,26.411652620029493,158.46991572017694,88.03884206676497,70.43107365341197,True,70.0,REORDER REQUIRED,3,0.2,2
19,GROCERY I,3324.460897882938,9973.382693648813,1994.6765387297628,11968.059232378575,6648.921795765876,5319.137436612699,True,5319.0,REORDER REQUIRED,3,0.2,2
19,GROCERY II,18.253438334641654,54.76031500392496,10.952063000784992,65.71237800470995,36.50687666928331,29.20550133542664,True,29.0,REORDER REQUIRED,3,0.2,2
19,HARDWARE,1.5253779983665152,4.576133995099545,0.9152267990199091,5.491360794119455,3.0507559967330304,2.4406047973864244,True,2.0,REORDER REQUIRED,3,0.2,2
19,HOME AND KITCHEN I,13.461750215013524,40.38525064504057,8.077050129008114,48.462300774048686,26.923500430027048,21.538800344021638,True,22.0,REORDER REQUIRED,3,0.2,2
19,HOME AND KITCHEN II,18.189354123395844,54.56806237018753,10.913612474037507,65.48167484422504,36.37870824679169,29.10296659743335,True,29.0,REORDER REQUIRED,3,0.2,2
19,HOME APPLIANCES,0.3512972529313973,1.0538917587941918,0.21077835175883838,1.2646701105530302,0.7025945058627946,0.5620756046902357,True,1.0,REORDER REQUIRED,3,0.2,2
19,HOME CARE,176.51733722546822,529.5520116764046,105.91040233528093,635.4624140116855,353.03467445093645,282.42773956074905,True,282.0,REORDER REQUIRED,3,0.2,2
19,LADIESWEAR,8.969291939940502,26.907875819821506,5.3815751639643015,32.289450983785805,17.938583879881005,14.3508671039048,True,14.0,REORDER REQUIRED,3,0.2,2
19,LAWN AND GARDEN,1437.7109466856493,4313.132840056948,862.6265680113897,5175.7594080683375,2875.4218933712987,2300.337514697039,True,2300.0,REORDER REQUIRED,3,0.2,2
19,LINGERIE,6.335421133613749,19.006263400841245,3.801252680168249,22.807516081009496,12.670842267227497,10.136673813781998,True,10.0,REORDER REQUIRED,3,0.2,2
19,"LIQUOR,WINE,BEER",52.21395541598454,156.64186624795363,31.328373249590726,187.97023949754436,104.42791083196909,83.54232866557527,True,84.0,REORDER REQUIRED,3,0.2,2
19,MAGAZINES,3.2321110328315488,9.696333098494646,1.9392666196989294,11.635599718193575,6.4642220656630975,5.171377652530477,True,5.0,REORDER REQUIRED,3,0.2,2
19,MEATS,142.5400620134651,427.6201860403953,85.52403720807906,513.1442232484744,285.0801240269302,228.0640992215442,True,228.0,REORDER REQUIRED,3,0.2,2
19,PERSONAL CARE,182.64549924553603,547.9364977366081,109.58729954732162,657.5237972839298,365.29099849107206,292.2327987928577,True,292.0,REORDER REQUIRED,3,0.2,2
19,PET SUPPLIES,1.5822354059353254,4.7467062178059765,0.9493412435611953,5.696047461367172,3.164470811870651,2.5315766494965213,True,3.0,REORDER REQUIRED,3,0.2,2
19,PLAYERS AND ELECTRONICS,5.69461379863996,17.08384139591988,3.416768279183976,20.500609675103856,11.38922759727992,9.111382077823936,True,9.0,REORDER REQUIRED,3,0.2,2
19,POULTRY,140.0987359167647,420.2962077502941,84.05924155005883,504.3554493003529,280.1974718335294,224.15797746682352,True,224.0,REORDER REQUIRED,3,0.2,2
19,PREPARED FOODS,24.527984530827187,73.58395359248156,14.716790718496313,88.30074431097788,49.05596906165437,39.2447752493235,True,39.0,REORDER REQUIRED,3,0.2,2
19,PRODUCE,460.5268234892128,1381.5804704676384,276.3160940935277,1657.896564561166,921.0536469784256,736.8429175827405,True,737.0,REORDER REQUIRED,3,0.2,2
19,SCHOOL AND OFFICE SUPPLIES,950.4739876499336,2851.421962949801,570.2843925899602,3421.7063555397613,1900.9479752998673,1520.758380239894,True,1521.0,REORDER REQUIRED,3,0.2,2
19,SEAFOOD,5.19170608940839,15.57511826822517,3.115023653645034,18.690141921870204,10.38341217881678,8.306729743053424,True,8.0,REORDER REQUIRED,3,0.2,2
20,AUTOMOTIVE,8.282608150293411,24.847824450880232,4.969564890176047,29.817389341056277,16.565216300586822,13.252173040469454,True,13.0,REORDER REQUIRED,3,0.2,2
20,BABY CARE,0.33464936416919766,1.003948092507593,0.2007896185015186,1.2047377110091115,0.6692987283383953,0.5354389826707162,True,1.0,REORDER REQUIRED,3,0.2,2
20,BEAUTY,6.606138295558069,19.81841488667421,3.963682977334842,23.78209786400905,13.212276591116138,10.569821272892911,True,11.0,REORDER REQUIRED,3,0.2,2
20,BEVERAGES,4190.347806741042,12571.043420223126,2514.2086840446254,15085.25210426775,8380.695613482085,6704.556490785666,True,6705.0,REORDER REQUIRED,3,0.2,2
20,BOOKS,0.2547721853711105,0.7643165561133316,0.15286331122266633,0.9171798673359979,0.509544370742221,0.40763549659377685,True,0.0,REORDER REQUIRED,3,0.2,2
20,BREAD/BAKERY,489.8333531008759,1469.5000593026277,293.9000118605256,1763.4000711631534,979.6667062017518,783.7333649614015,True,784.0,REORDER REQUIRED,3,0.2,2
20,CELEBRATION,8.025743961015658,24.077231883046977,4.815446376609396,28.89267825965637,16.051487922031317,12.841190337625054,True,13.0,REORDER REQUIRED,3,0.2,2
20,CLEANING,1272.4329863861599,3817.2989591584796,763.459791831696,4580.758750990176,2544.8659727723198,2035.8927782178562,True,2036.0,REORDER REQUIRED,3,0.2,2
20,DAIRY,743.3069339742743,2229.920801922823,445.98416038456463,2675.904962307388,1486.6138679485487,1189.2910943588392,True,1189.0,REORDER REQUIRED,3,0.2,2
20,DELI,675.0113598411145,2025.0340795233437,405.00681590466877,2430.0408954280124,1350.022719682229,1080.0181757457833,True,1080.0,REORDER REQUIRED,3,0.2,2
20,EGGS,109.43612661965409,328.30837985896227,65.66167597179246,393.97005583075475,218.87225323930818,175.09780259144657,True,175.0,REORDER REQUIRED,3,0.2,2
20,FROZEN FOODS,93.42030497455214,280.2609149236564,56.05218298473128,336.3130979083877,186.84060994910428,149.47248795928343,True,149.0,REORDER REQUIRED,3,0.2,2
20,GROCERY I,5519.328806934244,16557.986420802732,3311.5972841605467,19869.58370496328,11038.657613868489,8830.92609109479,True,8831.0,REORDER REQUIRED,3,0.2,2
20,GROCERY II,12.837000612388366,38.5110018371651,7.7022003674330195,46.21320220459812,25.67400122477673,20.539200979821388,True,21.0,REORDER REQUIRED,3,0.2,2
20,HARDWARE,0.7026377280024613,2.107913184007384,0.4215826368014768,2.5294958208088607,1.4052754560049225,1.1242203648039382,True,1.0,REORDER REQUIRED,3,0.2,2
20,HOME AND KITCHEN I,20.66668762674982,62.00006288024946,12.400012576049892,74.40007545629935,41.33337525349964,33.06670020279971,True,33.0,REORDER REQUIRED,3,0.2,2
20,HOME AND KITCHEN II,17.924417718865513,53.77325315659654,10.754650631319308,64.52790378791585,35.848835437731026,28.67906835018482,True,29.0,REORDER REQUIRED,3,0.2,2
20,HOME APPLIANCES,0.2547721853711105,0.7643165561133316,0.15286331122266633,0.9171798673359979,0.509544370742221,0.40763549659377685,True,0.0,REORDER REQUIRED,3,0.2,2
20,HOME CARE,321.6042210225169,964.8126630675508,192.96253261351018,1157.775195681061,643.2084420450338,514.5667536360271,True,515.0,REORDER REQUIRED,3,0.2,2
20,LADIESWEAR,1.8129805996638206,5.438941798991462,1.0877883597982925,6.526730158789754,3.6259611993276413,2.900768959462113,True,3.0,REORDER REQUIRED,3,0.2,2
20,LAWN AND GARDEN,319.26746369563136,957.8023910868941,191.56047821737883,1149.3628693042729,638.5349273912627,510.82794191301014,True,511.0,REORDER REQUIRED,3,0.2,2
20,LINGERIE,6.408538050381104,19.22561415114331,3.8451228302286626,23.070736981371972,12.817076100762208,10.253660880609765,True,10.0,REORDER REQUIRED,3,0.2,2
20,"LIQUOR,WINE,BEER",61.564057055958735,184.6921711678762,36.938434233575244,221.63060540145145,123.12811411191747,98.50249128953398,True,99.0,REORDER REQUIRED,3,0.2,2
20,MAGAZINES,1.9988749847305067,5.99662495419152,1.1993249908383041,7.195949945029824,3.9977499694610135,3.1981999755688104,True,3.0,REORDER REQUIRED,3,0.2,2
20,MEATS,366.9421685921649,1100.8265057764947,220.16530115529895,1320.9918069317937,733.8843371843298,587.1074697474639,True,587.0,REORDER REQUIRED,3,0.2,2
20,PERSONAL CARE,357.9875509490101,1073.9626528470303,214.79253056940607,1288.7551834164365,715.9751018980202,572.7800815184163,True,573.0,REORDER REQUIRED,3,0.2,2
20,PET SUPPLIES,4.222233717201982,12.666701151605947,2.5333402303211896,15.200041381927136,8.444467434403965,6.755573947523171,True,7.0,REORDER REQUIRED,3,0.2,2
20,PLAYERS AND ELECTRONICS,7.294768080942023,21.88430424282607,4.376860848565214,26.261165091391284,14.589536161884046,11.671628929507238,True,12.0,REORDER REQUIRED,3,0.2,2
20,POULTRY,328.1754153493614,984.5262460480842,196.90524920961684,1181.431495257701,656.3508306987228,525.0806645589782,True,525.0,REORDER REQUIRED,3,0.2,2
20,PREPARED FOODS,71.09053594111263,213.2716078233379,42.65432156466758,255.92592938800547,142.18107188222527,113.7448575057802,True,114.0,REORDER REQUIRED,3,0.2,2
20,PRODUCE,1115.6346504165042,3346.903951249513,669.3807902499026,4016.2847414994153,2231.2693008330084,1785.015440666407,True,1785.0,REORDER REQUIRED,3,0.2,2
20,SCHOOL AND OFFICE SUPPLIES,89.68320861881502,269.04962585644506,53.80992517128902,322.8595510277341,179.36641723763003,143.49313379010405,True,143.0,REORDER REQUIRED,3,0.2,2
20,SEAFOOD,15.064572900879517,45.19371870263855,9.03874374052771,54.232462443166256,30.129145801759034,24.103316641407222,True,24.0,REORDER REQUIRED,3,0.2,2
21,AUTOMOTIVE,11.483897082109108,34.45169124632732,6.890338249265465,41.34202949559278,22.967794164218216,18.374235331374567,True,18.0,REORDER REQUIRED,3,0.2,2
21,BABY CARE,0.5735081475242894,1.720524442572868,0.34410488851457366,2.064629331087442,1.1470162950485787,0.9176130360388632,True,1.0,REORDER REQUIRED,3,0.2,2
21,BEAUTY,5.094567501442182,15.283702504326545,3.0567405008653092,18.340443005191855,10.189135002884363,8.151308002307491,True,8.0,REORDER REQUIRED,3,0.2,2
21,BEVERAGES,3085.3968449740546,9256.190534922163,1851.2381069844328,11107.428641906596,6170.793689948109,4936.634951958486,True,4937.0,REORDER REQUIRED,3,0.2,2
21,BOOKS,0.2547721853711105,0.7643165561133316,0.15286331122266633,0.9171798673359979,0.509544370742221,0.40763549659377685,True,0.0,REORDER REQUIRED,3,0.2,2
21,BREAD/BAKERY,443.70096264814106,1331.1028879444232,266.2205775888846,1597.3234655333079,887.4019252962821,709.9215402370257,True,710.0,REORDER REQUIRED,3,0.2,2
21,CELEBRATION,7.469968143354556,22.40990443006367,4.481980886012734,26.891885316076404,14.939936286709113,11.951949029367292,True,12.0,REORDER REQUIRED,3,0.2,2
21,CLEANING,1219.09790561369,3657.29371684107,731.4587433682141,4388.7524602092835,2438.19581122738,1950.5566489819034,True,1951.0,REORDER REQUIRED,3,0.2,2
21,DAIRY,624.03864520904,1872.11593562712,374.423187125424,2246.5391227525442,1248.07729041808,998.4618323344641,True,998.0,REORDER REQUIRED,3,0.2,2
21,DELI,316.40600683781565,949.218020513447,189.8436041026894,1139.0616246161364,632.8120136756313,506.24961094050514,True,506.0,REORDER REQUIRED,3,0.2,2
21,EGGS,285.88995502223156,857.6698650666947,171.53397301333894,1029.2038380800336,571.7799100444631,457.4239280355705,True,457.0,REORDER REQUIRED,3,0.2,2
21,FROZEN FOODS,91.92991591121998,275.78974773365996,55.157949546732,330.94769728039194,183.85983182243996,147.08786545795198,True,147.0,REORDER REQUIRED,3,0.2,2
21,GROCERY I,4020.263428104245,12060.790284312736,2412.1580568625473,14472.948341175283,8040.52685620849,6432.421484966792,True,6432.0,REORDER REQUIRED,3,0.2,2
21,GROCERY II,16.75289665789252,50.25868997367756,10.051737994735513,60.31042796841307,33.50579331578504,26.80463465262803,True,27.0,REORDER REQUIRED,3,0.2,2
21,HARDWARE,0.5665452045981524,1.6996356137944573,0.3399271227588915,2.0395627365533486,1.1330904091963048,0.9064723273570439,True,1.0,REORDER REQUIRED,3,0.2,2
21,HOME AND KITCHEN I,37.978708250844285,113.93612475253286,22.787224950506573,136.72334970303945,75.95741650168857,60.765933201350876,True,61.0,REORDER REQUIRED,3,0.2,2
21,HOME AND KITCHEN II,33.07315229342681,99.21945688028043,19.84389137605609,119.06334825633652,66.14630458685362,52.91704366948291,True,53.0,REORDER REQUIRED,3,0.2,2
21,HOME APPLIANCES,0.341216947907319,1.023650843721957,0.2047301687443914,1.2283810124663483,0.682433895814638,0.5459471166517104,True,1.0,REORDER REQUIRED,3,0.2,2
21,HOME CARE,302.8815367418757,908.6446102256272,181.72892204512544,1090.3735322707525,605.7630734837514,484.6104587870011,True,485.0,REORDER REQUIRED,3,0.2,2
21,LADIESWEAR,4.608605109537199,13.825815328611597,2.7651630657223194,16.590978394333916,9.217210219074397,7.373768175259519,True,7.0,REORDER REQUIRED,3,0.2,2
21,LAWN AND GARDEN,1074.738587463858,3224.215762391574,644.8431524783149,3869.058914869889,2149.477174927716,1719.581739942173,True,1720.0,REORDER REQUIRED,3,0.2,2
21,LINGERIE,10.567532889091936,31.702598667275808,6.340519733455162,38.04311840073097,21.135065778183872,16.908052622547096,True,17.0,REORDER REQUIRED,3,0.2,2
21,"LIQUOR,WINE,BEER",91.82443081263565,275.47329243790693,55.09465848758139,330.56795092548833,183.6488616252713,146.91908930021702,True,147.0,REORDER REQUIRED,3,0.2,2
21,MAGAZINES,2.567633030816064,7.702899092448193,1.5405798184896387,9.243478910937831,5.135266061632128,4.108212849305703,True,4.0,REORDER REQUIRED,3,0.2,2
21,MEATS,118.58126927132764,355.7438078139829,71.1487615627966,426.89256937677953,237.16253854265528,189.73003083412425,True,190.0,REORDER REQUIRED,3,0.2,2
21,PERSONAL CARE,277.71324173515137,833.1397252054542,166.62794504109084,999.767670246545,555.4264834703027,444.34118677624224,True,444.0,REORDER REQUIRED,3,0.2,2
21,PET SUPPLIES,2.945022937431043,8.835068812293128,1.7670137624586257,10.602082574751755,5.890045874862086,4.712036699889669,True,5.0,REORDER REQUIRED,3,0.2,2
21,PLAYERS AND ELECTRONICS,6.79806478133573,20.39419434400719,4.078838868801438,24.473033212808627,13.59612956267146,10.876903650137168,True,11.0,REORDER REQUIRED,3,0.2,2
21,POULTRY,171.94782752903885,515.8434825871166,103.16869651742331,619.0121791045399,343.8956550580777,275.1165240464622,True,275.0,REORDER REQUIRED,3,0.2,2
21,PREPARED FOODS,154.34827308025922,463.04481924077766,92.60896384815554,555.6537830889332,308.69654616051844,246.95723692841477,True,247.0,REORDER REQUIRED,3,0.2,2
21,PRODUCE,1350.7622074501562,4052.286622350469,810.4573244700938,4862.743946820563,2701.5244149003124,2161.2195319202506,True,2161.0,REORDER REQUIRED,3,0.2,2
21,SCHOOL AND OFFICE SUPPLIES,1309.284077224761,3927.852231674283,785.5704463348566,4713.422678009139,2618.568154449522,2094.8545235596175,True,2095.0,REORDER REQUIRED,3,0.2,2
21,SEAFOOD,6.6857551778354445,20.05726553350633,4.011453106701267,24.0687186402076,13.371510355670889,10.69720828453671,True,11.0,REORDER REQUIRED,3,0.2,2
22,AUTOMOTIVE,5.0312523081268425,15.093756924380529,3.018751384876106,18.112508309256633,10.062504616253685,8.050003693002948,True,8.0,REORDER REQUIRED,3,0.2,2
22,BABY CARE,0.33549603035938425,1.0064880910781526,0.20129761821563052,1.2077857092937831,0.6709920607187685,0.5367936485750147,True,1.0,REORDER REQUIRED,3,0.2,2
22,BEAUTY,2.841050214527489,8.523150643582468,1.7046301287164938,10.227780772298962,5.682100429054978,4.545680343243983,True,5.0,REORDER REQUIRED,3,0.2,2
22,BEVERAGES,1830.4666360259168,5491.39990807775,1098.27998161555,6589.6798896933005,3660.9332720518337,2928.746617641467,True,2929.0,REORDER REQUIRED,3,0.2,2
22,BOOKS,0.2547721853711105,0.7643165561133316,0.15286331122266633,0.9171798673359979,0.509544370742221,0.40763549659377685,True,0.0,REORDER REQUIRED,3,0.2,2
22,BREAD/BAKERY,133.70977567802944,401.1293270340883,80.22586540681766,481.35519244090597,267.4195513560589,213.93564108484708,True,214.0,REORDER REQUIRED,3,0.2,2
22,CELEBRATION,7.761444583894392,23.284333751683178,4.656866750336635,27.941200502019814,15.522889167788785,12.41831133423103,True,12.0,REORDER REQUIRED,3,0.2,2
22,CLEANING,676.8810980021148,2030.6432940063441,406.12865880126884,2436.771952807613,1353.7621960042295,1083.0097568033837,True,1083.0,REORDER REQUIRED,3,0.2,2
22,DAIRY,312.4579210496517,937.373763148955,187.47475262979103,1124.848515778746,624.9158420993034,499.9326736794427,True,500.0,REORDER REQUIRED,3,0.2,2
22,DELI,149.19236521320857,447.5770956396257,89.51541912792516,537.0925147675509,298.38473042641715,238.7077843411338,True,239.0,REORDER REQUIRED,3,0.2,2
22,EGGS,52.38673563330746,157.16020689992237,31.432041379984476,188.59224827990684,104.77347126661492,83.81877701329192,True,84.0,REORDER REQUIRED,3,0.2,2
22,FROZEN FOODS,60.33176344143878,180.99529032431633,36.199058064863266,217.1943483891796,120.66352688287756,96.53082150630203,True,97.0,REORDER REQUIRED,3,0.2,2
22,GROCERY I,2519.395684731459,7558.187054194377,1511.6374108388754,9069.824465033253,5038.791369462918,4031.033095570335,True,4031.0,REORDER REQUIRED,3,0.2,2
22,GROCERY II,8.558062607967058,25.67418782390117,5.134837564780234,30.809025388681405,17.116125215934115,13.69290017274729,True,14.0,REORDER REQUIRED,3,0.2,2
22,HARDWARE,0.9742169494505191,2.922650848351557,0.5845301696703115,3.5071810180218685,1.9484338989010381,1.5587471191208304,True,2.0,REORDER REQUIRED,3,0.2,2
22,HOME AND KITCHEN I,24.274323520037047,72.82297056011114,14.56459411202223,87.38756467213338,48.548647040074094,38.838917632059285,True,39.0,REORDER REQUIRED,3,0.2,2
22,HOME AND KITCHEN II,19.917875889791848,59.75362766937555,11.95072553387511,71.70435320325066,39.835751779583696,31.868601423666966,True,32.0,REORDER REQUIRED,3,0.2,2
22,HOME APPLIANCES,0.2547721853711105,0.7643165561133316,0.15286331122266633,0.9171798673359979,0.509544370742221,0.40763549659377685,True,0.0,REORDER REQUIRED,3,0.2,2
22,HOME CARE,173.55634553086074,520.6690365925822,104.13380731851645,624.8028439110986,347.1126910617215,277.69015284937717,True,278.0,REORDER REQUIRED,3,0.2,2
22,LADIESWEAR,0.7663401834303672,2.2990205502911016,0.45980411005822036,2.758824660349322,1.5326803668607345,1.2261442934885876,True,1.0,REORDER REQUIRED,3,0.2,2
22,LAWN AND GARDEN,1338.1751806529453,4014.5255419588357,802.9051083917672,4817.430650350603,2676.3503613058906,2141.0802890447126,True,2141.0,REORDER REQUIRED,3,0.2,2
22,LINGERIE,4.962555387912094,14.88766616373628,2.9775332327472563,17.865199396483536,9.925110775824187,7.940088620659349,True,8.0,REORDER REQUIRED,3,0.2,2
22,"LIQUOR,WINE,BEER",114.3960069228068,343.1880207684204,68.63760415368408,411.8256249221045,228.7920138456136,183.0336110764909,True,183.0,REORDER REQUIRED,3,0.2,2
22,MAGAZINES,3.299777858770466,9.899333576311399,1.97986671526228,11.879200291573678,6.599555717540932,5.279644574032746,True,5.0,REORDER REQUIRED,3,0.2,2
22,MEATS,114.80478262582716,344.4143478774815,68.8828695754963,413.29721745297775,229.60956525165432,183.68765220132343,True,184.0,REORDER REQUIRED,3,0.2,2
22,PERSONAL CARE,151.8116664473628,455.4349993420884,91.08699986841769,546.5219992105061,303.6233328947256,242.89866631578053,True,243.0,REORDER REQUIRED,3,0.2,2
22,PET SUPPLIES,1.4052555201481574,4.215766560444472,0.8431533120888943,5.058919872533366,2.8105110402963147,2.2484088322370512,True,2.0,REORDER REQUIRED,3,0.2,2
22,PLAYERS AND ELECTRONICS,6.0167421382746,18.050226414823797,3.6100452829647596,21.660271697788556,12.0334842765492,9.626787421239356,True,10.0,REORDER REQUIRED,3,0.2,2
22,POULTRY,149.4643812964547,448.39314388936407,89.67862877787282,538.0717726672369,298.9287625929094,239.14301007432755,True,239.0,REORDER REQUIRED,3,0.2,2
22,PREPARED FOODS,26.93371528029974,80.80114584089922,16.160229168179846,96.96137500907906,53.86743056059948,43.09394444847958,True,43.0,REORDER REQUIRED,3,0.2,2
22,PRODUCE,450.64279489663323,1351.9283846898998,270.38567693797995,1622.3140616278797,901.2855897932665,721.0284718346132,True,721.0,REORDER REQUIRED,3,0.2,2
22,SCHOOL AND OFFICE SUPPLIES,364.68378057835974,1094.0513417350792,218.81026834701584,1312.861610082095,729.3675611567195,583.4940489253755,True,583.0,REORDER REQUIRED,3,0.2,2
22,SEAFOOD,2.542836771526262,7.628510314578786,1.5257020629157572,9.154212377494543,5.085673543052524,4.06853883444202,True,4.0,REORDER REQUIRED,3,0.2,2
23,AUTOMOTIVE,2.1591592699471893,6.477477809841568,1.2954955619683137,7.772973371809882,4.318318539894379,3.4546548319155033,True,3.0,REORDER REQUIRED,3,0.2,2
23,BABY CARE,0.2547721853711105,0.7643165561133316,0.15286331122266633,0.9171798673359979,0.509544370742221,0.40763549659377685,True,0.0,REORDER REQUIRED,3,0.2,2
23,BEAUTY,2.926098372224738,8.778295116674213,1.7556590233348428,10.533954140009056,5.852196744449476,4.681757395559581,True,5.0,REORDER REQUIRED,3,0.2,2
23,BEVERAGES,1409.5807765554634,4228.74232966639,845.7484659332781,5074.490795599668,2819.161553110927,2255.329242488741,True,2255.0,REORDER REQUIRED,3,0.2,2
23,BOOKS,0.33299965205466914,0.9989989561640074,0.19979979123280148,1.198798747396809,0.6659993041093383,0.5327994432874706,True,1.0,REORDER REQUIRED,3,0.2,2
23,BREAD/BAKERY,252.18265520793747,756.5479656238124,151.30959312476247,907.8575587485749,504.36531041587494,403.49224833269994,True,403.0,REORDER REQUIRED,3,0.2,2
23,CELEBRATION,9.512965350617922,28.538896051853765,5.707779210370753,34.24667526222452,19.025930701235843,15.220744560988678,True,15.0,REORDER REQUIRED,3,0.2,2
23,CLEANING,499.40180891262787,1498.2054267378835,299.64108534757673,1797.8465120854603,998.8036178252557,799.0428942602045,True,799.0,REORDER REQUIRED,3,0.2,2
23,DAIRY,463.1761275965152,1389.5283827895455,277.9056765579091,1667.4340593474546,926.3522551930304,741.0818041544243,True,741.0,REORDER REQUIRED,3,0.2,2
23,DELI,124.89968843021974,374.69906529065923,74.93981305813185,449.6388783487911,249.79937686043948,199.8395014883516,True,200.0,REORDER REQUIRED,3,0.2,2
23,EGGS,48.24475064934008,144.73425194802024,28.94685038960405,173.68110233762428,96.48950129868015,77.19160103894413,True,77.0,REORDER REQUIRED,3,0.2,2
23,FROZEN FOODS,67.14227667819083,201.42683003457248,40.2853660069145,241.71219604148698,134.28455335638165,107.42764268510533,True,107.0,REORDER REQUIRED,3,0.2,2
23,GROCERY I,2061.1947039454494,6183.584111836348,1236.7168223672697,7420.3009342036175,4122.389407890899,3297.9115263127187,True,3298.0,REORDER REQUIRED,3,0.2,2
23,GROCERY II,22.520292982692382,67.56087894807715,13.51217578961543,81.07305473769257,45.040585965384764,36.03246877230781,True,36.0,REORDER REQUIRED,3,0.2,2
23,HARDWARE,0.5725213982810012,1.7175641948430038,0.3435128389686008,2.0610770338116047,1.1450427965620025,0.9160342372496022,True,1.0,REORDER REQUIRED,3,0.2,2
23,HOME AND KITCHEN I,12.121045815508,36.363137446524,7.2726274893048,43.6357649358288,24.242091631016,19.393673304812804,True,19.0,REORDER REQUIRED,3,0.2,2
23,HOME AND KITCHEN II,17.136707947056188,51.41012384116856,10.282024768233713,61.692148609402274,34.273415894112375,27.4187327152899,True,27.0,REORDER REQUIRED,3,0.2,2
23,HOME APPLIANCES,0.43703949918827545,1.3111184975648262,0.26222369951296526,1.5733421970777914,0.8740789983765509,0.6992631987012405,True,1.0,REORDER REQUIRED,3,0.2,2
23,HOME CARE,125.8250635018676,377.4751905056028,75.49503810112057,452.97022860672337,251.6501270037352,201.32010160298816,True,201.0,REORDER REQUIRED,3,0.2,2
23,LADIESWEAR,13.508670868517465,40.526012605552395,8.10520252111048,48.63121512666287,27.01734173703493,21.613873389627944,True,22.0,REORDER REQUIRED,3,0.2,2
23,LAWN AND GARDEN,1024.7450092655813,3074.235027796744,614.8470055593489,3689.082033356093,2049.4900185311626,1639.5920148249302,True,1640.0,REORDER REQUIRED,3,0.2,2
23,LINGERIE,60.07112087845313,180.21336263535937,36.04267252707188,216.25603516243126,120.14224175690626,96.113793405525,True,96.0,REORDER REQUIRED,3,0.2,2
23,"LIQUOR,WINE,BEER",61.466359246495934,184.3990777394878,36.879815547897564,221.27889328738536,122.93271849299187,98.34617479439349,True,98.0,REORDER REQUIRED,3,0.2,2
23,MAGAZINES,5.259408329471949,15.778224988415847,3.1556449976831695,18.933869986099015,10.518816658943898,8.415053327155118,True,8.0,REORDER REQUIRED,3,0.2,2
23,MEATS,692.1874128365117,2076.5622385095353,415.3124477019071,2491.874686211442,1384.3748256730235,1107.4998605384187,True,1107.0,REORDER REQUIRED,3,0.2,2
23,PERSONAL CARE,160.01169021550874,480.0350706465262,96.00701412930525,576.0420847758314,320.0233804310175,256.01870434481395,True,256.0,REORDER REQUIRED,3,0.2,2
23,PET SUPPLIES,4.085014672736526,12.255044018209578,2.4510088036419155,14.706052821851493,8.170029345473052,6.536023476378441,True,7.0,REORDER REQUIRED,3,0.2,2
23,PLAYERS AND ELECTRONICS,5.681195590853825,17.043586772561476,3.4087173545122953,20.45230412707377,11.36239118170765,9.08991294536612,True,9.0,REORDER REQUIRED,3,0.2,2
23,POULTRY,306.4688883850565,919.4066651551695,183.88133303103393,1103.2879981862034,612.937776770113,490.35022141609033,True,490.0,REORDER REQUIRED,3,0.2,2
23,PREPARED FOODS,29.817687419745994,89.45306225923798,17.8906124518476,107.34367471108558,59.63537483949199,47.708299871593596,True,48.0,REORDER REQUIRED,3,0.2,2
23,PRODUCE,1185.5424891171613,3556.6274673514836,711.3254934702968,4267.95296082178,2371.0849782343225,1896.8679825874574,True,1897.0,REORDER REQUIRED,3,0.2,2
23,SCHOOL AND OFFICE SUPPLIES,1341.9708287309227,4025.912486192768,805.1824972385537,4831.094983431321,2683.9416574618454,2147.153325969476,True,2147.0,REORDER REQUIRED,3,0.2,2
23,SEAFOOD,10.201520729596663,30.604562188789988,6.1209124377579975,36.725474626547985,20.403041459193325,16.32243316735466,True,16.0,REORDER REQUIRED,3,0.2,2
24,AUTOMOTIVE,2.6833611676253946,8.050083502876184,1.6100167005752368,9.660100203451421,5.366722335250789,4.293377868200632,True,4.0,REORDER REQUIRED,3,0.2,2
24,BABY CARE,0.44413321811372763,1.332399654341183,0.26647993086823657,1.5988795852094195,0.8882664362274553,0.7106131489819643,True,1.0,REORDER REQUIRED,3,0.2,2
24,BEAUTY,5.402216690268812,16.206650070806436,3.2413300141612873,19.447980084967725,10.804433380537624,8.6435467044301,True,9.0,REORDER REQUIRED,3,0.2,2
24,BEVERAGES,3311.426177150727,9934.278531452183,1986.8557062904365,11921.134237742619,6622.852354301454,5298.281883441165,True,5298.0,REORDER REQUIRED,3,0.2,2
24,BOOKS,0.41832774287223495,1.2549832286167049,0.25099664572334096,1.5059798743400459,0.8366554857444699,0.669324388595576,True,1.0,REORDER REQUIRED,3,0.2,2
24,BREAD/BAKERY,735.5470341716787,2206.641102515036,441.32822050300723,2647.9693230180433,1471.0940683433573,1176.875254674686,True,1177.0,REORDER REQUIRED,3,0.2,2
24,CELEBRATION,16.08657646083152,48.259729382494555,9.651945876498912,57.91167525899347,32.17315292166304,25.73852233733043,True,26.0,REORDER REQUIRED,3,0.2,2
24,CLEANING,1018.5130598589094,3055.539179576728,611.1078359153456,3666.647015492074,2037.0261197178188,1629.6208957742551,True,1630.0,REORDER REQUIRED,3,0.2,2
24,DAIRY,1199.8730883194742,3599.6192649584227,719.9238529916846,4319.543117950107,2399.7461766389483,1919.7969413111591,True,1920.0,REORDER REQUIRED,3,0.2,2
24,DELI,266.6620603813243,799.9861811439729,159.99723622879458,959.9834173727675,533.3241207626486,426.6592966101189,True,427.0,REORDER REQUIRED,3,0.2,2
24,EGGS,222.96892374258906,668.9067712277672,133.78135424555344,802.6881254733206,445.9378474851781,356.7502779881425,True,357.0,REORDER REQUIRED,3,0.2,2
24,FROZEN FOODS,165.77310290815953,497.31930872447856,99.46386174489572,596.7831704693742,331.54620581631906,265.23696465305517,True,265.0,REORDER REQUIRED,3,0.2,2
24,GROCERY I,3867.318453302881,11601.955359908643,2320.3910719817286,13922.346431890372,7734.636906605762,6187.709525284609,True,6188.0,REORDER REQUIRED,3,0.2,2
24,GROCERY II,37.93684611350931,113.81053834052793,22.762107668105585,136.5726460086335,75.87369222701862,60.69895378161489,True,61.0,REORDER REQUIRED,3,0.2,2
24,HARDWARE,1.0485743238450345,3.145722971535103,0.6291445943070206,3.774867565842124,2.097148647690069,1.6777189181520549,True,2.0,REORDER REQUIRED,3,0.2,2
24,HOME AND KITCHEN I,20.235852429642726,60.70755728892818,12.141511457785636,72.84906874671381,40.47170485928545,32.37736388742836,True,32.0,REORDER REQUIRED,3,0.2,2
24,HOME AND KITCHEN II,32.049282133678894,96.14784640103667,19.229569280207336,115.377415681244,64.09856426735779,51.278851413886215,True,51.0,REORDER REQUIRED,3,0.2,2
24,HOME APPLIANCES,0.41832774287223495,1.2549832286167049,0.25099664572334096,1.5059798743400459,0.8366554857444699,0.669324388595576,True,1.0,REORDER REQUIRED,3,0.2,2
24,HOME CARE,241.30120147845167,723.903604435355,144.780720887071,868.6843253224259,482.60240295690335,386.0819223655226,True,386.0,REORDER REQUIRED,3,0.2,2
24,LADIESWEAR,11.14359303452071,33.43077910356213,6.686155820712426,40.11693492427456,22.28718606904142,17.829748855233138,True,18.0,REORDER REQUIRED,3,0.2,2
24,LAWN AND GARDEN,36.41886461063469,109.25659383190407,21.851318766380814,131.10791259828488,72.83772922126938,58.2701833770155,True,58.0,REORDER REQUIRED,3,0.2,2
24,LINGERIE,10.20014430435942,30.600432913078258,6.120086582615652,36.72051949569391,20.40028860871884,16.320230886975068,True,16.0,REORDER REQUIRED,3,0.2,2
24,"LIQUOR,WINE,BEER",87.33004646758819,261.99013940276456,52.39802788055292,314.38816728331744,174.66009293517638,139.72807434814106,True,140.0,REORDER REQUIRED,3,0.2,2
24,MAGAZINES,13.083499085565608,39.250497256696825,7.850099451339365,47.10059670803619,26.166998171131215,20.933598536904977,True,21.0,REORDER REQUIRED,3,0.2,2
24,MEATS,395.5972444961391,1186.7917334884173,237.3583466976835,1424.1500801861007,791.1944889922783,632.9555911938224,True,633.0,REORDER REQUIRED,3,0.2,2
24,PERSONAL CARE,265.62237378336357,796.8671213500907,159.37342427001815,956.2405456201088,531.2447475667271,424.9957980533817,True,425.0,REORDER REQUIRED,3,0.2,2
24,PET SUPPLIES,16.53711791581815,49.61135374745445,9.922270749490892,59.53362449694534,33.0742358316363,26.459388665309042,True,26.0,REORDER REQUIRED,3,0.2,2
24,PLAYERS AND ELECTRONICS,9.336039074774362,28.008117224323087,5.601623444864618,33.6097406691877,18.672078149548724,14.937662519638977,True,15.0,REORDER REQUIRED,3,0.2,2
24,POULTRY,518.4167255289493,1555.2501765868478,311.0500353173696,1866.3002119042173,1036.8334510578986,829.4667608463187,True,829.0,REORDER REQUIRED,3,0.2,2
24,PREPARED FOODS,109.36873087335556,328.1061926200667,65.62123852401334,393.72743114408,218.73746174671112,174.9899693973689,True,175.0,REORDER REQUIRED,3,0.2,2
24,PRODUCE,3712.279263605786,11136.837790817359,2227.367558163472,13364.205348980831,7424.558527211572,5939.646821769259,True,5940.0,REORDER REQUIRED,3,0.2,2
24,SCHOOL AND OFFICE SUPPLIES,1359.2218625341868,4077.6655876025607,815.5331175205122,4893.198705123073,2718.4437250683736,2174.754980054699,True,2175.0,REORDER REQUIRED,3,0.2,2
24,SEAFOOD,23.806049931806164,71.41814979541849,14.283629959083697,85.70177975450218,47.61209986361233,38.089679890889855,True,38.0,REORDER REQUIRED,3,0.2,2
25,AUTOMOTIVE,3.547847011338698,10.643541034016094,2.128708206803219,12.772249240819313,7.095694022677396,5.676555218141917,True,6.0,REORDER REQUIRED,3,0.2,2
25,BABY CARE,0.2963933802288786,0.8891801406866359,0.17783602813732718,1.067016168823963,0.5927867604577572,0.47422940836620575,True,0.0,REORDER REQUIRED,3,0.2,2
25,BEAUTY,4.232102015980208,12.696306047940624,2.539261209588125,15.235567257528748,8.464204031960415,6.771363225568333,True,7.0,REORDER REQUIRED,3,0.2,2
25,BEVERAGES,2230.5896548196597,6691.768964458979,1338.3537928917958,8030.122757350775,4461.179309639319,3568.9434477114555,True,3569.0,REORDER REQUIRED,3,0.2,2
25,BOOKS,0.2536289993536653,0.7608869980609958,0.15217739961219917,0.9130643976731949,0.5072579987073306,0.40580639896586435,True,0.0,REORDER REQUIRED,3,0.2,2
25,BREAD/BAKERY,410.4012650840456,1231.2037952521368,246.24075905042739,1477.4445543025643,820.8025301680912,656.6420241344731,True,657.0,REORDER REQUIRED,3,0.2,2
25,CELEBRATION,8.24339667758041,24.73019003274123,4.946038006548246,29.676228039289477,16.48679335516082,13.189434684128656,True,13.0,REORDER REQUIRED,3,0.2,2
25,CLEANING,477.81965458223533,1433.458963746706,286.69179274934123,1720.1507564960473,955.6393091644707,764.5114473315766,True,765.0,REORDER REQUIRED,3,0.2,2
25,DAIRY,624.051039283323,1872.153117849969,374.4306235699938,2246.5837414199627,1248.102078566646,998.4816628533167,True,998.0,REORDER REQUIRED,3,0.2,2
25,DELI,165.00138518803055,495.00415556409166,99.00083111281833,594.00498667691,330.0027703760611,264.0022163008489,True,264.0,REORDER REQUIRED,3,0.2,2
25,EGGS,133.72748085102862,401.1824425530858,80.23648851061716,481.418931063703,267.45496170205723,213.96396936164575,True,214.0,REORDER REQUIRED,3,0.2,2
25,FROZEN FOODS,130.73624240652555,392.20872721957664,78.44174544391534,470.650472663492,261.4724848130511,209.1779878504409,True,209.0,REORDER REQUIRED,3,0.2,2
25,GROCERY I,1958.0998617642235,5874.299585292671,1174.8599170585342,7049.1595023512045,3916.199723528447,3132.9597788227575,True,3133.0,REORDER REQUIRED,3,0.2,2
25,GROCERY II,25.356039772427874,76.06811931728362,15.213623863456725,91.28174318074034,50.71207954485575,40.56966363588459,True,41.0,REORDER REQUIRED,3,0.2,2
25,HARDWARE,1.5922515554454468,4.77675466633634,0.955350933267268,5.732105599603608,3.1845031108908937,2.5476024887127147,True,3.0,REORDER REQUIRED,3,0.2,2
25,HOME AND KITCHEN I,24.519986377007413,73.55995913102224,14.711991826204448,88.2719509572267,49.039972754014826,39.23197820321187,True,39.0,REORDER REQUIRED,3,0.2,2
25,HOME AND KITCHEN II,18.309553919623017,54.928661758869055,10.985732351773812,65.91439411064286,36.619107839246034,29.295286271396826,True,29.0,REORDER REQUIRED,3,0.2,2
25,HOME APPLIANCES,0.25562601571211685,0.7668780471363505,0.15337560942727013,0.9202536565636207,0.5112520314242337,0.409001625139387,True,0.0,REORDER REQUIRED,3,0.2,2
25,HOME CARE,115.534023703446,346.602071110338,69.3204142220676,415.9224853324056,231.068047406892,184.8544379255136,True,185.0,REORDER REQUIRED,3,0.2,2
25,LADIESWEAR,0.2536289993536653,0.7608869980609958,0.15217739961219917,0.9130643976731949,0.5072579987073306,0.40580639896586435,True,0.0,REORDER REQUIRED,3,0.2,2
25,LAWN AND GARDEN,28.624725825385323,85.87417747615596,17.174835495231193,103.04901297138716,57.249451650770645,45.79956132061651,True,46.0,REORDER REQUIRED,3,0.2,2
25,LINGERIE,6.237270992700197,18.711812978100593,3.7423625956201185,22.45417557372071,12.474541985400394,9.979633588320317,True,10.0,REORDER REQUIRED,3,0.2,2
25,"LIQUOR,WINE,BEER",255.45799010137213,766.3739703041164,153.27479406082327,919.6487643649397,510.91598020274427,408.7327841621954,True,409.0,REORDER REQUIRED,3,0.2,2
25,MAGAZINES,13.71474813745898,41.144244412376935,8.228848882475388,49.373093294852325,27.42949627491796,21.943597019934366,True,22.0,REORDER REQUIRED,3,0.2,2
25,MEATS,242.35017776390356,727.0505332917107,145.41010665834216,872.4606399500528,484.7003555278071,387.7602844222457,True,388.0,REORDER REQUIRED,3,0.2,2
25,PERSONAL CARE,119.66442318759269,358.9932695627781,71.79865391255562,430.7919234753337,239.32884637518538,191.46307710014833,True,191.0,REORDER REQUIRED,3,0.2,2
25,PET SUPPLIES,5.497438031523002,16.492314094569004,3.298462818913801,19.790776913482805,10.994876063046004,8.795900850436801,True,9.0,REORDER REQUIRED,3,0.2,2
25,PLAYERS AND ELECTRONICS,7.315445226687877,21.94633568006363,4.389267136012726,26.335602816076356,14.630890453375754,11.704712362700603,True,12.0,REORDER REQUIRED,3,0.2,2
25,POULTRY,198.66782288944586,596.0034686683375,119.2006937336675,715.2041624020051,397.3356457788917,317.86851662311335,True,318.0,REORDER REQUIRED,3,0.2,2
25,PREPARED FOODS,44.48760608482184,133.46281825446553,26.692563650893106,160.15538190535864,88.97521216964368,71.18016973571495,True,71.0,REORDER REQUIRED,3,0.2,2
25,PRODUCE,1938.2315314827347,5814.694594448204,1162.938918889641,6977.633513337845,3876.4630629654694,3101.170450372376,True,3101.0,REORDER REQUIRED,3,0.2,2
25,SCHOOL AND OFFICE SUPPLIES,1247.3829399312478,3742.1488197937433,748.4297639587487,4490.578583752492,2494.7658798624957,1995.812703889996,True,1996.0,REORDER REQUIRED,3,0.2,2
25,SEAFOOD,6.6404571772928485,19.921371531878545,3.9842743063757093,23.905645838254255,13.280914354585697,10.624731483668558,True,11.0,REORDER REQUIRED,3,0.2,2
26,AUTOMOTIVE,4.075265833337793,12.22579750001338,2.445159500002676,14.670957000016056,8.150531666675587,6.520425333340469,True,7.0,REORDER REQUIRED,3,0.2,2
26,BABY CARE,0.2536289993536653,0.7608869980609958,0.15217739961219917,0.9130643976731949,0.5072579987073306,0.40580639896586435,True,0.0,REORDER REQUIRED,3,0.2,2
26,BEAUTY,1.4074064543778975,4.222219363133693,0.8444438726267386,5.066663235760432,2.814812908755795,2.251850327004637,True,2.0,REORDER REQUIRED,3,0.2,2
26,BEVERAGES,796.1238265421183,2388.371479626355,477.674295925271,2866.045775551626,1592.2476530842366,1273.7981224673892,True,1274.0,REORDER REQUIRED,3,0.2,2
26,BOOKS,0.2536289993536653,0.7608869980609958,0.15217739961219917,0.9130643976731949,0.5072579987073306,0.40580639896586435,True,0.0,REORDER REQUIRED,3,0.2,2
26,BREAD/BAKERY,207.88123109432263,623.6436932829679,124.72873865659358,748.3724319395615,415.76246218864526,332.6099697509162,True,333.0,REORDER REQUIRED,3,0.2,2
26,CELEBRATION,5.548846078348243,16.64653823504473,3.329307647008946,19.975845882053676,11.097692156696485,8.87815372535719,True,9.0,REORDER REQUIRED,3,0.2,2
26,CLEANING,312.8060188617798,938.4180565853394,187.68361131706789,1126.1016679024074,625.6120377235596,500.48963017884773,True,500.0,REORDER REQUIRED,3,0.2,2
26,DAIRY,233.05331159207742,699.1599347762323,139.83198695524646,838.9919217314787,466.10662318415484,372.8852985473238,True,373.0,REORDER REQUIRED,3,0.2,2
26,DELI,88.04243121322456,264.12729363967367,52.82545872793474,316.9527523676084,176.08486242644912,140.8678899411593,True,141.0,REORDER REQUIRED,3,0.2,2
26,EGGS,35.10205095268537,105.3061528580561,21.06123057161122,126.36738342966731,70.20410190537073,56.16328152429658,True,56.0,REORDER REQUIRED,3,0.2,2
26,FROZEN FOODS,33.892880328436306,101.67864098530892,20.335728197061783,122.0143691823707,67.78576065687261,54.22860852549809,True,54.0,REORDER REQUIRED,3,0.2,2
26,GROCERY I,1405.828255397753,4217.484766193259,843.4969532386518,5060.981719431911,2811.656510795506,2249.325208636405,True,2249.0,REORDER REQUIRED,3,0.2,2
26,GROCERY II,6.860883304636313,20.582649913908938,4.116529982781787,24.699179896690726,13.721766609272626,10.9774132874181,True,11.0,REORDER REQUIRED,3,0.2,2
26,HARDWARE,0.6286823724268564,1.8860471172805693,0.37720942345611386,2.263256540736683,1.2573647448537129,1.0058917958829703,True,1.0,REORDER REQUIRED,3,0.2,2
26,HOME AND KITCHEN I,10.161737635350512,30.485212906051537,6.0970425812103075,36.58225548726185,20.323475270701024,16.258780216560822,True,16.0,REORDER REQUIRED,3,0.2,2
26,HOME AND KITCHEN II,9.6641287940711,28.9923863822133,5.798477276442661,34.790863658655965,19.3282575881422,15.462606070513765,True,15.0,REORDER REQUIRED,3,0.2,2
26,HOME APPLIANCES,0.3738057752386972,1.1214173257160915,0.2242834651432183,1.34570079085931,0.7476115504773944,0.5980892403819156,True,1.0,REORDER REQUIRED,3,0.2,2
26,HOME CARE,78.33395134683,235.00185404049,47.000370808098005,282.002224848588,156.66790269366,125.334322154928,True,125.0,REORDER REQUIRED,3,0.2,2
26,LADIESWEAR,0.30537182759762593,0.9161154827928778,0.18322309655857558,1.0993385793514534,0.6107436551952519,0.48859492415620154,True,0.0,REORDER REQUIRED,3,0.2,2
26,LAWN AND GARDEN,340.0724974868451,1020.2174924605354,204.0434984921071,1224.2609909526425,680.1449949736902,544.1159959789522,True,544.0,REORDER REQUIRED,3,0.2,2
26,LINGERIE,357.6119298601356,1072.8357895804068,214.56715791608136,1287.4029474964882,715.2238597202712,572.179087776217,True,572.0,REORDER REQUIRED,3,0.2,2
26,"LIQUOR,WINE,BEER",30.35930870869294,91.07792612607882,18.215585225215765,109.29351135129458,60.71861741738588,48.574893933908704,True,49.0,REORDER REQUIRED,3,0.2,2
26,MAGAZINES,0.34674554203096797,1.040236626092904,0.2080473252185808,1.2482839513114847,0.6934910840619359,0.5547928672495488,True,1.0,REORDER REQUIRED,3,0.2,2
26,MEATS,273.10210912115707,819.3063273634712,163.86126547269424,983.1675928361653,546.2042182423141,436.9633745938512,True,437.0,REORDER REQUIRED,3,0.2,2
26,PERSONAL CARE,113.35476465570015,340.06429396710047,68.0128587934201,408.07715276052056,226.7095293114003,181.36762344912026,True,181.0,REORDER REQUIRED,3,0.2,2
26,PET SUPPLIES,2.4882577418176255,7.464773225452877,1.4929546450905755,8.957727870543453,4.976515483635251,3.9812123869082017,True,4.0,REORDER REQUIRED,3,0.2,2
26,PLAYERS AND ELECTRONICS,1.8464089536661485,5.539226860998445,1.107845372199689,6.647072233198134,3.692817907332297,2.954254325865837,True,3.0,REORDER REQUIRED,3,0.2,2
26,POULTRY,147.46116063292936,442.3834818987881,88.47669637975763,530.8601782785457,294.9223212658587,235.937857012687,True,236.0,REORDER REQUIRED,3,0.2,2
26,PREPARED FOODS,23.00580592121251,69.01741776363752,13.803483552727506,82.82090131636502,46.01161184242502,36.809289473940005,True,37.0,REORDER REQUIRED,3,0.2,2
26,PRODUCE,551.431350787195,1654.294052361585,330.85881047231703,1985.152862833902,1102.86270157439,882.2901612595119,True,882.0,REORDER REQUIRED,3,0.2,2
26,SCHOOL AND OFFICE SUPPLIES,1384.1017577988819,4152.305273396645,830.4610546793291,4982.766328075974,2768.2035155977637,2214.5628124782106,True,2215.0,REORDER REQUIRED,3,0.2,2
26,SEAFOOD,2.905447661153826,8.716342983461479,1.7432685966922958,10.459611580153775,5.810895322307652,4.6487162578461225,True,5.0,REORDER REQUIRED,3,0.2,2
27,AUTOMOTIVE,7.390457982885163,22.17137394865549,4.434274789731098,26.605648738386588,14.780915965770326,11.824732772616262,True,12.0,REORDER REQUIRED,3,0.2,2
27,BABY CARE,0.4793739295542706,1.4381217886628117,0.28762435773256234,1.725746146395374,0.9587478591085412,0.7669982872868328,True,1.0,REORDER REQUIRED,3,0.2,2
27,BEAUTY,3.499832539193894,10.499497617581682,2.0998995235163362,12.599397141098018,6.999665078387788,5.59973206271023,True,6.0,REORDER REQUIRED,3,0.2,2
27,BEVERAGES,2911.0634950110516,8733.190485033156,1746.6380970066311,10479.828582039787,5822.126990022103,4657.701592017684,True,4658.0,REORDER REQUIRED,3,0.2,2
27,BOOKS,0.3430405154729637,1.0291215464188912,0.20582430928377826,1.2349458557026693,0.6860810309459274,0.5488648247567419,True,1.0,REORDER REQUIRED,3,0.2,2
27,BREAD/BAKERY,608.0846650733257,1824.2539952199772,364.8507990439955,2189.1047942639725,1216.1693301466514,972.9354641173211,True,973.0,REORDER REQUIRED,3,0.2,2
27,CELEBRATION,16.82128140857468,50.463844225724046,10.09276884514481,60.556613070868856,33.64256281714936,26.914050253719495,True,27.0,REORDER REQUIRED,3,0.2,2
27,CLEANING,827.2099291473002,2481.6297874419006,496.32595748838014,2977.9557449302806,1654.4198582946003,1323.5358866356803,True,1324.0,REORDER REQUIRED,3,0.2,2
27,DAIRY,947.8551930824206,2843.5655792472617,568.7131158494524,3412.278695096714,1895.710386164841,1516.5683089318727,True,1517.0,REORDER REQUIRED,3,0.2,2
27,DELI,290.77269792153527,872.3180937646058,174.46361875292118,1046.781712517527,581.5453958430705,465.2363166744565,True,465.0,REORDER REQUIRED,3,0.2,2
27,EGGS,236.68820732304434,710.064621969133,142.0129243938266,852.0775463629595,473.3764146460887,378.70113171687086,True,379.0,REORDER REQUIRED,3,0.2,2
27,FROZEN FOODS,142.3779003266248,427.1337009798744,85.42674019597489,512.5604411758493,284.7558006532496,227.8046405225997,True,228.0,REORDER REQUIRED,3,0.2,2
27,GROCERY I,3748.499155939281,11245.497467817844,2249.099493563569,13494.596961381412,7496.998311878562,5997.59864950285,True,5998.0,REORDER REQUIRED,3,0.2,2
27,GROCERY II,33.596253647748675,100.78876094324602,20.157752188649205,120.94651313189522,67.19250729549735,53.754005836397866,True,54.0,REORDER REQUIRED,3,0.2,2
27,HARDWARE,3.6426554925173953,10.927966477552186,2.1855932955104374,13.113559773062622,7.285310985034791,5.828248788027832,True,6.0,REORDER REQUIRED,3,0.2,2
27,HOME AND KITCHEN I,21.706279045246955,65.11883713574086,13.023767427148172,78.14260456288903,43.41255809049391,34.730046472395124,True,35.0,REORDER REQUIRED,3,0.2,2
27,HOME AND KITCHEN II,31.671235042264087,95.01370512679226,19.002741025358453,114.0164461521507,63.34247008452817,50.67397606762253,True,51.0,REORDER REQUIRED,3,0.2,2
27,HOME APPLIANCES,0.32847795484883796,0.9854338645465139,0.1970867729093028,1.1825206374558168,0.6569559096976759,0.5255647277581409,True,1.0,REORDER REQUIRED,3,0.2,2
27,HOME CARE,211.5958839478847,634.7876518436541,126.95753036873083,761.7451822123849,423.1917678957694,338.5534143166155,True,339.0,REORDER REQUIRED,3,0.2,2
27,LADIESWEAR,7.865445242394105,23.596335727182314,4.719267145436463,28.315602872618776,15.73089048478821,12.584712387830566,True,13.0,REORDER REQUIRED,3,0.2,2
27,LAWN AND GARDEN,41.23241476379441,123.69724429138323,24.739448858276646,148.43669314965987,82.46482952758882,65.97186362207106,True,66.0,REORDER REQUIRED,3,0.2,2
27,LINGERIE,10.24288949304495,30.728668479134853,6.145733695826971,36.87440217496182,20.4857789860899,16.38862318887192,True,16.0,REORDER REQUIRED,3,0.2,2
27,"LIQUOR,WINE,BEER",186.08840398891098,558.265211966733,111.6530423933466,669.9182543600796,372.17680797782197,297.7414463822576,True,298.0,REORDER REQUIRED,3,0.2,2
27,MAGAZINES,4.407448157190168,13.222344471570505,2.6444688943141013,15.866813365884607,8.814896314380336,7.051917051504271,True,7.0,REORDER REQUIRED,3,0.2,2
27,MEATS,291.5186537706967,874.5559613120901,174.911192262418,1049.467153574508,583.0373075413934,466.4298460331147,True,466.0,REORDER REQUIRED,3,0.2,2
27,PERSONAL CARE,228.67686075954563,686.0305822786369,137.20611645572737,823.2366987343643,457.35372151909127,365.882977215273,True,366.0,REORDER REQUIRED,3,0.2,2
27,PET SUPPLIES,10.580841430480568,31.742524291441704,6.348504858288341,38.09102914973005,21.161682860961136,16.92934628876891,True,17.0,REORDER REQUIRED,3,0.2,2
27,PLAYERS AND ELECTRONICS,9.772560100060629,29.317680300181884,5.8635360600363775,35.18121636021826,19.545120200121257,15.636096160097,True,16.0,REORDER REQUIRED,3,0.2,2
27,POULTRY,381.568125174314,1144.704375522942,228.9408751045884,1373.6452506275305,763.136250348628,610.5090002789025,True,611.0,REORDER REQUIRED,3,0.2,2
27,PREPARED FOODS,79.78670089416613,239.3601026824984,47.87202053649968,287.2321232189981,159.57340178833226,127.65872143066582,True,128.0,REORDER REQUIRED,3,0.2,2
27,PRODUCE,2838.04948197797,8514.14844593391,1702.8296891867822,10216.978135120691,5676.09896395594,4540.879171164751,True,4541.0,REORDER REQUIRED,3,0.2,2
27,SCHOOL AND OFFICE SUPPLIES,1262.3017241802477,3786.905172540743,757.3810345081487,4544.286207048892,2524.6034483604953,2019.6827586883965,True,2020.0,REORDER REQUIRED,3,0.2,2
27,SEAFOOD,19.427832352941362,58.28349705882408,11.656699411764817,69.9401964705889,38.855664705882724,31.084531764706178,True,31.0,REORDER REQUIRED,3,0.2,2
28,AUTOMOTIVE,6.62311318615586,19.86933955846758,3.973867911693516,23.843207470161097,13.24622637231172,10.596981097849378,True,11.0,REORDER REQUIRED,3,0.2,2
28,BABY CARE,0.2536289993536653,0.7608869980609958,0.15217739961219917,0.9130643976731949,0.5072579987073306,0.40580639896586435,True,0.0,REORDER REQUIRED,3,0.2,2
28,BEAUTY,3.524427982788171,10.573283948364512,2.1146567896729027,12.687940738037415,7.048855965576342,5.639084772461073,True,6.0,REORDER REQUIRED,3,0.2,2
28,BEVERAGES,3461.8286791950986,10385.486037585295,2077.097207517059,12462.583245102354,6923.657358390197,5538.925886712157,True,5539.0,REORDER REQUIRED,3,0.2,2
28,BOOKS,0.2536289993536653,0.7608869980609958,0.15217739961219917,0.9130643976731949,0.5072579987073306,0.40580639896586435,True,0.0,REORDER REQUIRED,3,0.2,2
28,BREAD/BAKERY,608.411011815123,1825.2330354453688,365.0466070890738,2190.2796425344427,1216.822023630246,973.4576189041968,True,973.0,REORDER REQUIRED,3,0.2,2
28,CELEBRATION,14.606467006182255,43.81940101854676,8.763880203709354,52.58328122225612,29.21293401236451,23.37034720989161,True,23.0,REORDER REQUIRED,3,0.2,2
28,CLEANING,1121.8653674551733,3365.59610236552,673.1192204731041,4038.715322838624,2243.7307349103467,1794.9845879282775,True,1795.0,REORDER REQUIRED,3,0.2,2
28,DAIRY,840.5036356399931,2521.5109069199793,504.3021813839959,3025.8130883039753,1681.0072712799863,1344.805817023989,True,1345.0,REORDER REQUIRED,3,0.2,2
28,DELI,349.66657195456725,1048.9997158637018,209.79994317274037,1258.799659036442,699.3331439091345,559.4665151273076,True,559.0,REORDER REQUIRED,3,0.2,2
28,EGGS,236.74212825391376,710.2263847617413,142.04527695234827,852.2716617140895,473.4842565078275,378.787405206262,True,379.0,REORDER REQUIRED,3,0.2,2
28,FROZEN FOODS,79.40769869136582,238.22309607409747,47.6446192148195,285.867715288917,158.81539738273165,127.05231790618535,True,127.0,REORDER REQUIRED,3,0.2,2
28,GROCERY I,5043.322264202736,15129.966792608207,3025.9933585216418,18155.96015112985,10086.644528405472,8069.315622724378,True,8069.0,REORDER REQUIRED,3,0.2,2
28,GROCERY II,20.582604149260078,61.747812447780234,12.349562489556048,74.09737493733628,41.165208298520156,32.93216663881613,True,33.0,REORDER REQUIRED,3,0.2,2
28,HARDWARE,0.8922716638035323,2.676814991410597,0.5353629982821194,3.2121779896927163,1.7845433276070646,1.4276346620856517,True,1.0,REORDER REQUIRED,3,0.2,2
28,HOME AND KITCHEN I,32.92263420234212,98.76790260702634,19.75358052140527,118.52148312843161,65.84526840468423,52.67621472374738,True,53.0,REORDER REQUIRED,3,0.2,2
28,HOME AND KITCHEN II,20.990824467888434,62.972473403665305,12.594494680733062,75.56696808439837,41.98164893577687,33.5853191486215,True,34.0,REORDER REQUIRED,3,0.2,2
28,HOME APPLIANCES,0.8477566305378251,2.5432698916134755,0.5086539783226951,3.0519238699361706,1.6955132610756503,1.3564106088605203,True,1.0,REORDER REQUIRED,3,0.2,2
28,HOME CARE,255.93547442266484,767.8064232679945,153.5612846535989,921.3677079215935,511.8709488453297,409.4967590762638,True,409.0,REORDER REQUIRED,3,0.2,2
28,LADIESWEAR,0.2536289993536653,0.7608869980609958,0.15217739961219917,0.9130643976731949,0.5072579987073306,0.40580639896586435,True,0.0,REORDER REQUIRED,3,0.2,2
28,LAWN AND GARDEN,234.7554801097785,704.2664403293354,140.85328806586708,845.1197283952025,469.510960219557,375.60876817564554,True,376.0,REORDER REQUIRED,3,0.2,2
28,LINGERIE,5.884647872307903,17.653943616923712,3.5307887233847426,21.184732340308454,11.769295744615807,9.415436595692647,True,9.0,REORDER REQUIRED,3,0.2,2
28,"LIQUOR,WINE,BEER",61.47067667932494,184.41203003797483,36.882406007594966,221.2944360455698,122.94135335864988,98.35308268691992,True,98.0,REORDER REQUIRED,3,0.2,2
28,MAGAZINES,1.4083349048791816,4.225004714637545,0.845000942927509,5.070005657565054,2.816669809758363,2.253335847806691,True,2.0,REORDER REQUIRED,3,0.2,2
28,MEATS,213.41878146387248,640.2563443916174,128.0512688783235,768.3076132699409,426.83756292774495,341.470050342196,True,341.0,REORDER REQUIRED,3,0.2,2
28,PERSONAL CARE,287.0887558301211,861.2662674903634,172.2532534980727,1033.519520988436,574.1775116602422,459.34200932819374,True,459.0,REORDER REQUIRED,3,0.2,2
28,PET SUPPLIES,5.2459863736246675,15.737959120874002,3.1475918241748007,18.885550945048802,10.491972747249335,8.393578197799467,True,8.0,REORDER REQUIRED,3,0.2,2
28,PLAYERS AND ELECTRONICS,4.994983755012828,14.984951265038482,2.996990253007697,17.981941518046177,9.989967510025656,7.991974008020522,True,8.0,REORDER REQUIRED,3,0.2,2
28,POULTRY,209.02068504419694,627.0620551325908,125.41241102651816,752.4744661591089,418.0413700883939,334.43309607071507,True,334.0,REORDER REQUIRED,3,0.2,2
28,PREPARED FOODS,80.18619770480541,240.55859311441623,48.111718622883245,288.67031173729947,160.37239540961082,128.29791632768865,True,128.0,REORDER REQUIRED,3,0.2,2
28,PRODUCE,1632.0828312284705,4896.248493685412,979.2496987370823,5875.498192422494,3264.165662456941,2611.332529965553,True,2611.0,REORDER REQUIRED,3,0.2,2
28,SCHOOL AND OFFICE SUPPLIES,592.348283556014,1777.0448506680423,355.4089701336085,2132.4538208016506,1184.696567112028,947.7572536896225,True,948.0,REORDER REQUIRED,3,0.2,2
28,SEAFOOD,5.042508798134985,15.127526394404956,3.0255052788809915,18.15303167328595,10.08501759626997,8.068014077015977,True,8.0,REORDER REQUIRED,3,0.2,2
29,AUTOMOTIVE,6.309425031982799,18.928275095948397,3.7856550191896794,22.713930115138076,12.618850063965597,10.095080051172479,True,10.0,REORDER REQUIRED,3,0.2,2
29,BABY CARE,0.5655885623280397,1.696765686984119,0.3393531373968238,2.0361188243809427,1.1311771246560793,0.9049416997248634,True,1.0,REORDER REQUIRED,3,0.2,2
29,BEAUTY,3.6502258130903935,10.95067743927118,2.1901354878542363,13.140812927125417,7.300451626180787,5.84036130094463,True,6.0,REORDER REQUIRED,3,0.2,2
29,BEVERAGES,3085.3026263274514,9255.907878982354,1851.181575796471,11107.089454778825,6170.605252654903,4936.484202123922,True,4936.0,REORDER REQUIRED,3,0.2,2
29,BOOKS,0.28269673292521874,0.8480901987756562,0.16961803975513123,1.0177082385307874,0.5653934658504375,0.4523147726803499,True,0.0,REORDER REQUIRED,3,0.2,2
29,BREAD/BAKERY,668.1994369459475,2004.5983108378423,400.9196621675685,2405.5179730054106,1336.398873891895,1069.1190991135156,True,1069.0,REORDER REQUIRED,3,0.2,2
29,CELEBRATION,12.051541522018201,36.15462456605461,7.230924913210922,43.38554947926553,24.103083044036403,19.282466435229125,True,19.0,REORDER REQUIRED,3,0.2,2
29,CLEANING,899.250503140548,2697.7515094216437,539.5503018843287,3237.3018113059725,1798.501006281096,1438.8008050248766,True,1439.0,REORDER REQUIRED,3,0.2,2
29,DAIRY,701.9155617553808,2105.746685266143,421.1493370532286,2526.8960223193712,1403.8311235107617,1123.0648988086095,True,1123.0,REORDER REQUIRED,3,0.2,2
29,DELI,272.6758875722061,818.0276627166182,163.60553254332365,981.6331952599419,545.3517751444122,436.2814201155297,True,436.0,REORDER REQUIRED,3,0.2,2
29,EGGS,222.0638887525039,666.1916662575118,133.23833325150235,799.4299995090141,444.1277775050078,355.3022220040063,True,355.0,REORDER REQUIRED,3,0.2,2
29,FROZEN FOODS,90.86503467551611,272.59510402654837,54.51902080530968,327.114124831858,181.73006935103223,145.3840554808258,True,145.0,REORDER REQUIRED,3,0.2,2
29,GROCERY I,3802.2010106047996,11406.603031814398,2281.32060636288,13687.923638177279,7604.402021209599,6083.52161696768,True,6084.0,REORDER REQUIRED,3,0.2,2
29,GROCERY II,18.826741823358528,56.48022547007558,11.296045094015117,67.7762705640907,37.653483646717056,30.122786917373638,True,30.0,REORDER REQUIRED,3,0.2,2
29,HARDWARE,1.6129000253863572,4.838700076159071,0.9677400152318143,5.806440091390885,3.2258000507727145,2.580640040618171,True,3.0,REORDER REQUIRED,3,0.2,2
29,HOME AND KITCHEN I,27.724379752845735,83.1731392585372,16.634627851707442,99.80776711024464,55.44875950569147,44.35900760455317,True,44.0,REORDER REQUIRED,3,0.2,2
29,HOME AND KITCHEN II,20.764789117840824,62.294367353522475,12.458873470704496,74.75324082422696,41.52957823568165,33.22366258854532,True,33.0,REORDER REQUIRED,3,0.2,2
29,HOME APPLIANCES,0.28269673292521874,0.8480901987756562,0.16961803975513123,1.0177082385307874,0.5653934658504375,0.4523147726803499,True,0.0,REORDER REQUIRED,3,0.2,2
29,HOME CARE,232.34704056538607,697.0411216961581,139.40822433923162,836.4493460353898,464.69408113077213,371.75526490461766,True,372.0,REORDER REQUIRED,3,0.2,2
29,LADIESWEAR,0.28269673292521874,0.8480901987756562,0.16961803975513123,1.0177082385307874,0.5653934658504375,0.4523147726803499,True,0.0,REORDER REQUIRED,3,0.2,2
29,LAWN AND GARDEN,115.7918068103084,347.3754204309252,69.47508408618505,416.85050451711027,231.5836136206168,185.26689089649346,True,185.0,REORDER REQUIRED,3,0.2,2
29,LINGERIE,7.273471122701663,21.820413368104987,4.364082673620998,26.184496041725986,14.546942245403326,11.63755379632266,True,12.0,REORDER REQUIRED,3,0.2,2
29,"LIQUOR,WINE,BEER",108.54222573063939,325.62667719191813,65.12533543838363,390.75201263030175,217.08445146127877,173.66756116902297,True,174.0,REORDER REQUIRED,3,0.2,2
29,MAGAZINES,1.6322615606129784,4.896784681838936,0.9793569363677872,5.876141618206723,3.264523121225957,2.611618496980766,True,3.0,REORDER REQUIRED,3,0.2,2
29,MEATS,122.06054845093703,366.1816453528111,73.23632907056222,439.41797442337327,244.12109690187407,195.2968775214992,True,195.0,REORDER REQUIRED,3,0.2,2
29,PERSONAL CARE,209.87131828041927,629.6139548412579,125.92279096825158,755.5367458095094,419.74263656083855,335.79410924867085,True,336.0,REORDER REQUIRED,3,0.2,2
29,PET SUPPLIES,4.747915598040408,14.243746794121225,2.848749358824245,17.092496152945472,9.495831196080816,7.596664956864656,True,8.0,REORDER REQUIRED,3,0.2,2
29,PLAYERS AND ELECTRONICS,5.4520700762014,16.356210228604198,3.2712420457208395,19.627452274325037,10.9041401524028,8.723312121922238,True,9.0,REORDER REQUIRED,3,0.2,2
29,POULTRY,185.8760684845639,557.6282054536916,111.52564109073833,669.1538465444299,371.7521369691278,297.40170957530216,True,297.0,REORDER REQUIRED,3,0.2,2
29,PREPARED FOODS,68.0141219499336,204.04236584980077,40.80847316996016,244.85083901976094,136.0282438998672,108.82259511989375,True,109.0,REORDER REQUIRED,3,0.2,2
29,PRODUCE,1268.3860190741627,3805.1580572224884,761.0316114444977,4566.189668666986,2536.7720381483255,2029.4176305186606,True,2029.0,REORDER REQUIRED,3,0.2,2
29,SCHOOL AND OFFICE SUPPLIES,1052.0155374464337,3156.0466123393007,631.2093224678601,3787.255934807161,2104.0310748928673,1683.2248599142936,True,1683.0,REORDER REQUIRED,3,0.2,2
29,SEAFOOD,7.475567926917363,22.42670378075209,4.485340756150418,26.912044536902506,14.951135853834726,11.96090868306778,True,12.0,REORDER REQUIRED,3,0.2,2
30,AUTOMOTIVE,3.3142318842407743,9.942695652722323,1.9885391305444646,11.931234783266788,6.628463768481549,5.30277101478524,True,5.0,REORDER REQUIRED,3,0.2,2
30,BABY CARE,0.5691498734117687,1.7074496202353062,0.34148992404706124,2.0489395442823675,1.1382997468235374,0.9106397974588301,True,1.0,REORDER REQUIRED,3,0.2,2
30,BEAUTY,1.1556485345383318,3.4669456036149953,0.6933891207229991,4.160334724337995,2.3112970690766637,1.849037655261331,True,2.0,REORDER REQUIRED,3,0.2,2
30,BEVERAGES,1490.1296187069167,4470.3888561207505,894.0777712241502,5364.4666273449,2980.2592374138335,2384.2073899310667,True,2384.0,REORDER REQUIRED,3,0.2,2
30,BOOKS,0.26704229286418896,0.8011268785925669,0.1602253757185134,0.9613522543110803,0.5340845857283779,0.4272676685827024,True,0.0,REORDER REQUIRED,3,0.2,2
30,BREAD/BAKERY,167.96030789493307,503.8809236847992,100.77618473695985,604.6571084217591,335.92061578986613,268.73649263189293,True,269.0,REORDER REQUIRED,3,0.2,2
30,CELEBRATION,5.2874645920020225,15.862393776006067,3.1724787552012135,19.03487253120728,10.574929184004045,8.459943347203236,True,8.0,REORDER REQUIRED,3,0.2,2
30,CLEANING,493.9342060216341,1481.8026180649024,296.3605236129805,1778.1631416778828,987.8684120432682,790.2947296346146,True,790.0,REORDER REQUIRED,3,0.2,2
30,DAIRY,282.96128711904805,848.8838613571442,169.77677227142885,1018.660633628573,565.9225742380961,452.7380593904769,True,453.0,REORDER REQUIRED,3,0.2,2
30,DELI,123.29514983429617,369.8854495028885,73.9770899005777,443.8625394034662,246.59029966859234,197.27223973487386,True,197.0,REORDER REQUIRED,3,0.2,2
30,EGGS,136.66874770637327,410.0062431191198,82.00124862382397,492.0074917429438,273.33749541274653,218.66999633019725,True,219.0,REORDER REQUIRED,3,0.2,2
30,FROZEN FOODS,50.381739676461955,151.14521902938586,30.229043805877172,181.37426283526304,100.76347935292391,80.61078348233913,True,81.0,REORDER REQUIRED,3,0.2,2
30,GROCERY I,2151.2851594646604,6453.855478393982,1290.7710956787964,7744.626574072778,4302.570318929321,3442.056255143457,True,3442.0,REORDER REQUIRED,3,0.2,2
30,GROCERY II,6.7856999447123165,20.35709983413695,4.07141996682739,24.428519800964338,13.571399889424633,10.857119911539705,True,11.0,REORDER REQUIRED,3,0.2,2
30,HARDWARE,0.5070122289422893,1.5210366868268679,0.3042073373653736,1.8252440241922414,1.0140244578845785,0.8112195663076629,True,1.0,REORDER REQUIRED,3,0.2,2
30,HOME AND KITCHEN I,13.401595275960567,40.2047858278817,8.04095716557634,48.24574299345804,26.803190551921134,21.442552441536904,True,21.0,REORDER REQUIRED,3,0.2,2
30,HOME AND KITCHEN II,9.205707530321392,27.61712259096418,5.5234245181928365,33.14054710915701,18.411415060642785,14.729132048514227,True,15.0,REORDER REQUIRED,3,0.2,2
30,HOME APPLIANCES,0.3173372898151106,0.9520118694453319,0.1904023738890664,1.1424142433343982,0.6346745796302212,0.507739663704177,True,1.0,REORDER REQUIRED,3,0.2,2
30,HOME CARE,150.1566940052917,450.47008201587516,90.09401640317503,540.5640984190502,300.3133880105834,240.25071040846677,True,240.0,REORDER REQUIRED,3,0.2,2
30,LADIESWEAR,0.8323828782933225,2.4971486348799674,0.4994297269759935,2.9965783618559607,1.664765756586645,1.3318126052693158,True,1.0,REORDER REQUIRED,3,0.2,2
30,LAWN AND GARDEN,1382.6139813198868,4147.84194395966,829.5683887919321,4977.410332751592,2765.2279626397735,2212.1823701118187,True,2212.0,REORDER REQUIRED,3,0.2,2
30,LINGERIE,14.97482622230062,44.92447866690186,8.984895733380373,53.90937440028223,29.94965244460124,23.95972195568099,True,24.0,REORDER REQUIRED,3,0.2,2
30,"LIQUOR,WINE,BEER",47.80601711331716,143.4180513399515,28.6836102679903,172.1016616079418,95.61203422663432,76.48962738130747,True,76.0,REORDER REQUIRED,3,0.2,2
30,MAGAZINES,1.0012973351125034,3.0038920053375104,0.6007784010675021,3.6046704064050124,2.002594670225007,1.6020757361800055,True,2.0,REORDER REQUIRED,3,0.2,2
30,MEATS,79.8427488869486,239.5282466608458,47.90564933216916,287.43389599301497,159.6854977738972,127.74839821911777,True,128.0,REORDER REQUIRED,3,0.2,2
30,PERSONAL CARE,87.92555270608361,263.7766581182508,52.755331623650164,316.53198974190093,175.85110541216721,140.68088432973371,True,141.0,REORDER REQUIRED,3,0.2,2
30,PET SUPPLIES,2.350305531627026,7.050916594881079,1.4101833189762158,8.461099913857295,4.700611063254052,3.7604888506032426,True,4.0,REORDER REQUIRED,3,0.2,2
30,PLAYERS AND ELECTRONICS,4.34285108665071,13.02855325995213,2.6057106519904263,15.634263911942556,8.68570217330142,6.948561738641136,True,7.0,REORDER REQUIRED,3,0.2,2
30,POULTRY,112.38456243112283,337.1536872933685,67.4307374586737,404.5844247520422,224.76912486224566,179.81529988979653,True,180.0,REORDER REQUIRED,3,0.2,2
30,PREPARED FOODS,23.06599482476179,69.19798447428538,13.839596894857076,83.03758136914246,46.13198964952358,36.905591719618876,True,37.0,REORDER REQUIRED,3,0.2,2
30,PRODUCE,656.7842846182427,1970.3528538547282,394.07057077094566,2364.4234246256738,1313.5685692364855,1050.8548553891883,True,1051.0,REORDER REQUIRED,3,0.2,2
30,SCHOOL AND OFFICE SUPPLIES,1338.9655545128337,4016.8966635385013,803.3793327077003,4820.275996246201,2677.9311090256674,2142.344887220534,True,2142.0,REORDER REQUIRED,3,0.2,2
30,SEAFOOD,4.328534325893861,12.985602977681582,2.5971205955363166,15.582723573217898,8.657068651787721,6.925654921430176,True,7.0,REORDER REQUIRED,3,0.2,2
31,AUTOMOTIVE,8.46210711304388,25.38632133913164,5.077264267826329,30.46358560695797,16.92421422608776,13.539371380870211,True,14.0,REORDER REQUIRED,3,0.2,2
31,BABY CARE,0.32766942300192564,0.9830082690057769,0.19660165380115538,1.1796099228069323,0.6553388460038513,0.524271076803081,True,1.0,REORDER REQUIRED,3,0.2,2
31,BEAUTY,2.27444321122245,6.82332963366735,1.36466592673347,8.18799556040082,4.5488864224449,3.63910913795592,True,4.0,REORDER REQUIRED,3,0.2,2
31,BEVERAGES,3232.370516618128,9697.111549854384,1939.422309970877,11636.53385982526,6464.741033236256,5171.792826589004,True,5172.0,REORDER REQUIRED,3,0.2,2
31,BOOKS,0.26704229286418896,0.8011268785925669,0.1602253757185134,0.9613522543110803,0.5340845857283779,0.4272676685827024,True,0.0,REORDER REQUIRED,3,0.2,2
31,BREAD/BAKERY,552.1915190488437,1656.574557146531,331.3149114293062,1987.8894685758373,1104.3830380976874,883.5064304781499,True,884.0,REORDER REQUIRED,3,0.2,2
31,CELEBRATION,9.486399257530278,28.459197772590834,5.691839554518167,34.151037327109,18.972798515060557,15.178238812048445,True,15.0,REORDER REQUIRED,3,0.2,2
31,CLEANING,1132.5004928940605,3397.501478682181,679.5002957364363,4077.0017744186175,2265.000985788121,1812.0007886304966,True,1812.0,REORDER REQUIRED,3,0.2,2
31,DAIRY,673.9629618736286,2021.888885620886,404.3777771241772,2426.266662745063,1347.9259237472572,1078.3407389978058,True,1078.0,REORDER REQUIRED,3,0.2,2
31,DELI,238.02427684322595,714.0728305296778,142.81456610593557,856.8873966356134,476.0485536864519,380.8388429491615,True,381.0,REORDER REQUIRED,3,0.2,2
31,EGGS,308.43166857239737,925.2950057171921,185.05900114343842,1110.3540068606305,616.8633371447947,493.4906697158358,True,493.0,REORDER REQUIRED,3,0.2,2
31,FROZEN FOODS,90.74279490757436,272.2283847227231,54.44567694454462,326.6740616672677,181.48558981514873,145.188471852119,True,145.0,REORDER REQUIRED,3,0.2,2
31,GROCERY I,4530.2004393660545,13590.601318098164,2718.120263619633,16308.721581717797,9060.400878732109,7248.320702985688,True,7248.0,REORDER REQUIRED,3,0.2,2
31,GROCERY II,13.511995154703056,40.53598546410917,8.107197092821833,48.643182556931,27.023990309406113,21.61919224752489,True,22.0,REORDER REQUIRED,3,0.2,2
31,HARDWARE,0.5811963336891,1.7435890010672999,0.34871780021346,2.0923068012807597,1.1623926673782,0.9299141339025598,True,1.0,REORDER REQUIRED,3,0.2,2
31,HOME AND KITCHEN I,24.36802525978211,73.10407577934633,14.620815155869266,87.7248909352156,48.73605051956422,38.988840415651374,True,39.0,REORDER REQUIRED,3,0.2,2
31,HOME AND KITCHEN II,20.574145116412744,61.72243534923823,12.344487069847647,74.06692241908588,41.14829023282549,32.918632186260396,True,33.0,REORDER REQUIRED,3,0.2,2
31,HOME APPLIANCES,0.2730280572912089,0.8190841718736266,0.16381683437472533,0.9829010062483519,0.5460561145824178,0.4368448916659341,True,0.0,REORDER REQUIRED,3,0.2,2
31,HOME CARE,264.83468045648266,794.504041369448,158.90080827388962,953.4048496433377,529.6693609129653,423.73548873037237,True,424.0,REORDER REQUIRED,3,0.2,2
31,LADIESWEAR,1.0276681469635862,3.0830044408907584,0.6166008881781517,3.69960532906891,2.0553362939271724,1.6442690351417375,True,2.0,REORDER REQUIRED,3,0.2,2
31,LAWN AND GARDEN,198.02285648708255,594.0685694612476,118.81371389224954,712.8822833534972,396.0457129741651,316.8365703793321,True,317.0,REORDER REQUIRED,3,0.2,2
31,LINGERIE,9.230482530475955,27.691447591427867,5.538289518285573,33.22973710971344,18.46096506095191,14.76877204876153,True,15.0,REORDER REQUIRED,3,0.2,2
31,"LIQUOR,WINE,BEER",21.93195172006542,65.79585516019625,13.159171032039252,78.95502619223551,43.86390344013084,35.09112275210467,True,35.0,REORDER REQUIRED,3,0.2,2
31,MAGAZINES,1.6203869071489572,4.861160721446872,0.9722321442893744,5.833392865736246,3.2407738142979143,2.592619051438332,True,3.0,REORDER REQUIRED,3,0.2,2
31,MEATS,380.6020008274226,1141.8060024822678,228.36120049645356,1370.1672029787214,761.2040016548452,608.9632013238762,True,609.0,REORDER REQUIRED,3,0.2,2
31,PERSONAL CARE,239.07164702925766,717.214941087773,143.4429882175546,860.6579293053276,478.1432940585153,382.51463524681225,True,383.0,REORDER REQUIRED,3,0.2,2
31,PET SUPPLIES,4.237341993415893,12.712025980247681,2.542405196049536,15.254431176297217,8.474683986831787,6.77974718946543,True,7.0,REORDER REQUIRED,3,0.2,2
31,PLAYERS AND ELECTRONICS,6.9342078770349485,20.802623631104844,4.160524726220969,24.963148357325814,13.868415754069897,11.094732603255917,True,11.0,REORDER REQUIRED,3,0.2,2
31,POULTRY,132.36344210629116,397.0903263188735,79.41806526377471,476.5083915826482,264.7268842125823,211.78150737006587,True,212.0,REORDER REQUIRED,3,0.2,2
31,PREPARED FOODS,68.13686299083025,204.41058897249076,40.88211779449816,245.2927067669889,136.2737259816605,109.01898078532841,True,109.0,REORDER REQUIRED,3,0.2,2
31,PRODUCE,1400.346280195061,4201.038840585183,840.2077681170366,5041.246608702219,2800.692560390122,2240.5540483120976,True,2241.0,REORDER REQUIRED,3,0.2,2
31,SCHOOL AND OFFICE SUPPLIES,1003.1225996535738,3009.3677989607213,601.8735597921443,3611.2413587528654,2006.2451993071477,1604.9961594457177,True,1605.0,REORDER REQUIRED,3,0.2,2
31,SEAFOOD,6.020123626057535,18.060370878172606,3.6120741756345214,21.672445053807127,12.04024725211507,9.632197801692058,True,10.0,REORDER REQUIRED,3,0.2,2
32,AUTOMOTIVE,1.7233025503485098,5.169907651045529,1.0339815302091058,6.203889181254635,3.4466051006970195,2.757284080557615,True,3.0,REORDER REQUIRED,3,0.2,2
32,BABY CARE,0.26704229286418896,0.8011268785925669,0.1602253757185134,0.9613522543110803,0.5340845857283779,0.4272676685827024,True,0.0,REORDER REQUIRED,3,0.2,2
32,BEAUTY,1.5024779286844037,4.507433786053211,0.9014867572106422,5.408920543263853,3.0049558573688073,2.4039646858950454,True,2.0,REORDER REQUIRED,3,0.2,2
32,BEVERAGES,985.3109238042343,2955.932771412703,591.1865542825407,3547.119325695244,1970.6218476084687,1576.4974780867751,True,1576.0,REORDER REQUIRED,3,0.2,2
32,BOOKS,0.26704229286418896,0.8011268785925669,0.1602253757185134,0.9613522543110803,0.5340845857283779,0.4272676685827024,True,0.0,REORDER REQUIRED,3,0.2,2
32,BREAD/BAKERY,127.35763130545122,382.0728939163537,76.41457878327074,458.4874726996244,254.71526261090244,203.77221008872195,True,204.0,REORDER REQUIRED,3,0.2,2
32,CELEBRATION,4.096377062532788,12.289131187598365,2.457826237519673,14.746957425118037,8.192754125065576,6.55420330005246,True,7.0,REORDER REQUIRED,3,0.2,2
32,CLEANING,561.1242798068855,1683.3728394206564,336.6745678841313,2020.0474073047876,1122.248559613771,897.7988476910166,True,898.0,REORDER REQUIRED,3,0.2,2
32,DAIRY,162.34289650539787,487.0286895161936,97.40573790323873,584.4344274194323,324.68579301079575,259.7486344086365,True,260.0,REORDER REQUIRED,3,0.2,2
32,DELI,94.21707605120535,282.65122815361605,56.530245630723215,339.18147378433923,188.4341521024107,150.74732168192853,True,151.0,REORDER REQUIRED,3,0.2,2
32,EGGS,214.2598518808954,642.7795556426862,128.55591112853725,771.3354667712234,428.5197037617908,342.8157630094326,True,343.0,REORDER REQUIRED,3,0.2,2
32,FROZEN FOODS,21.01269887566172,63.03809662698516,12.607619325397032,75.64571595238219,42.02539775132344,33.62031820105875,True,34.0,REORDER REQUIRED,3,0.2,2
32,GROCERY I,1785.3615785409768,5356.084735622931,1071.216947124586,6427.301682747517,3570.7231570819536,2856.578525665563,True,2857.0,REORDER REQUIRED,3,0.2,2
32,GROCERY II,1.9411460957148647,5.823438287144594,1.1646876574289189,6.988125944573513,3.8822921914297295,3.1058337531437834,True,3.0,REORDER REQUIRED,3,0.2,2
32,HARDWARE,0.3746503260517191,1.1239509781551573,0.22479019563103148,1.3487411737861887,0.7493006521034382,0.5994405216827505,True,1.0,REORDER REQUIRED,3,0.2,2
32,HOME AND KITCHEN I,9.006757952755063,27.02027385826519,5.404054771653038,32.42432862991823,18.013515905510125,14.410812724408103,True,14.0,REORDER REQUIRED,3,0.2,2
32,HOME AND KITCHEN II,6.012172463223365,18.036517389670095,3.6073034779340194,21.643820867604113,12.02434492644673,9.619475941157383,True,10.0,REORDER REQUIRED,3,0.2,2
32,HOME APPLIANCES,0.3192224620652609,0.9576673861957827,0.19153347723915656,1.1492008634349393,0.6384449241305218,0.5107559393044175,True,1.0,REORDER REQUIRED,3,0.2,2
32,HOME CARE,85.85214191090198,257.5564257327059,51.511285146541184,309.0677108792471,171.70428382180395,137.36342705744315,True,137.0,REORDER REQUIRED,3,0.2,2
32,LADIESWEAR,0.26704229286418896,0.8011268785925669,0.1602253757185134,0.9613522543110803,0.5340845857283779,0.4272676685827024,True,0.0,REORDER REQUIRED,3,0.2,2
32,LAWN AND GARDEN,1314.184937717169,3942.554813151507,788.5109626303015,4731.065775781808,2628.369875434338,2102.69590034747,True,2103.0,REORDER REQUIRED,3,0.2,2
32,LINGERIE,696.8221746794155,2090.4665240382465,418.0933048076493,2508.559828845896,1393.644349358831,1114.9154794870649,True,1115.0,REORDER REQUIRED,3,0.2,2
32,"LIQUOR,WINE,BEER",48.032427749928665,144.097283249786,28.8194566499572,172.9167398997432,96.06485549985733,76.85188439988586,True,77.0,REORDER REQUIRED,3,0.2,2
32,MAGAZINES,0.5453222277128336,1.6359666831385007,0.32719333662770017,1.963160019766201,1.0906444554256671,0.8725155643405338,True,1.0,REORDER REQUIRED,3,0.2,2
32,MEATS,79.38316769644679,238.14950308934039,47.62990061786808,285.7794037072085,158.76633539289358,127.01306831431489,True,127.0,REORDER REQUIRED,3,0.2,2
32,PERSONAL CARE,76.0068346714417,228.02050401432507,45.60410080286502,273.62460481719006,152.0136693428834,121.61093547430667,True,122.0,REORDER REQUIRED,3,0.2,2
32,PET SUPPLIES,0.6226375753211653,1.8679127259634958,0.3735825451926992,2.241495271156195,1.2452751506423305,0.9962201205138643,True,1.0,REORDER REQUIRED,3,0.2,2
32,PLAYERS AND ELECTRONICS,1.2402983105423975,3.7208949316271926,0.7441789863254386,4.4650739179526315,2.480596621084795,1.9844772968678366,True,2.0,REORDER REQUIRED,3,0.2,2
32,POULTRY,58.71130294717025,176.13390884151076,35.22678176830215,211.3606906098129,117.4226058943405,93.9380847154724,True,94.0,REORDER REQUIRED,3,0.2,2
32,PREPARED FOODS,11.168748578125767,33.5062457343773,6.701249146875461,40.207494881252764,22.337497156251533,17.86999772500123,True,18.0,REORDER REQUIRED,3,0.2,2
32,PRODUCE,290.36117729896006,871.0835318968802,174.21670637937606,1045.3002382762563,580.7223545979201,464.5778836783362,True,465.0,REORDER REQUIRED,3,0.2,2
32,SCHOOL AND OFFICE SUPPLIES,1312.4895216185826,3937.468564855748,787.4937129711496,4724.962277826898,2624.979043237165,2099.9832345897325,True,2100.0,REORDER REQUIRED,3,0.2,2
32,SEAFOOD,2.2414480274864967,6.72434408245949,1.344868816491898,8.069212898951388,4.4828960549729935,3.586316843978395,True,4.0,REORDER REQUIRED,3,0.2,2
33,AUTOMOTIVE,7.480984395346514,22.442953186039542,4.488590637207909,26.931543823247452,14.961968790693028,11.969575032554424,True,12.0,REORDER REQUIRED,3,0.2,2
33,BABY CARE,0.26704229286418896,0.8011268785925669,0.1602253757185134,0.9613522543110803,0.5340845857283779,0.4272676685827024,True,0.0,REORDER REQUIRED,3,0.2,2
33,BEAUTY,2.8195356987422593,8.458607096226778,1.6917214192453558,10.150328515472134,5.639071397484519,4.511257117987616,True,5.0,REORDER REQUIRED,3,0.2,2
33,BEVERAGES,2078.0925013646993,6234.277504094098,1246.8555008188196,7481.133004912917,4156.185002729399,3324.948002183519,True,3325.0,REORDER REQUIRED,3,0.2,2
33,BOOKS,0.26704229286418896,0.8011268785925669,0.1602253757185134,0.9613522543110803,0.5340845857283779,0.4272676685827024,True,0.0,REORDER REQUIRED,3,0.2,2
33,BREAD/BAKERY,218.82081531561306,656.4624459468391,131.29248918936784,787.754935136207,437.6416306312261,350.1133045049809,True,350.0,REORDER REQUIRED,3,0.2,2
33,CELEBRATION,8.938617464760636,26.815852394281908,5.363170478856382,32.179022873138294,17.877234929521272,14.301787943617022,True,14.0,REORDER REQUIRED,3,0.2,2
33,CLEANING,945.9251988789615,2837.7755966368845,567.5551193273769,3405.3307159642613,1891.850397757923,1513.4803182063383,True,1513.0,REORDER REQUIRED,3,0.2,2
33,DAIRY,425.6896077140686,1277.0688231422057,255.41376462844116,1532.482587770647,851.3792154281372,681.1033723425097,True,681.0,REORDER REQUIRED,3,0.2,2
33,DELI,177.67371762777282,533.0211528833185,106.6042305766637,639.6253834599821,355.34743525554563,284.2779482044365,True,284.0,REORDER REQUIRED,3,0.2,2
33,EGGS,191.9920505258488,575.9761515775465,115.1952303155093,691.1713818930558,383.9841010516976,307.1872808413582,True,307.0,REORDER REQUIRED,3,0.2,2
33,FROZEN FOODS,74.21799913623664,222.65399740870993,44.53079948174199,267.18479689045193,148.43599827247328,118.74879861797865,True,119.0,REORDER REQUIRED,3,0.2,2
33,GROCERY I,2813.4597437581087,8440.379231274326,1688.0758462548654,10128.455077529192,5626.9194875162175,4501.535590012974,True,4502.0,REORDER REQUIRED,3,0.2,2
33,GROCERY II,3.8795927829557555,11.638778348867266,2.3277556697734534,13.966534018640719,7.759185565911511,6.2073484527292075,True,6.0,REORDER REQUIRED,3,0.2,2
33,HARDWARE,0.5773049308208544,1.7319147924625633,0.34638295849251266,2.078297750955076,1.1546098616417089,0.9236878893133671,True,1.0,REORDER REQUIRED,3,0.2,2
33,HOME AND KITCHEN I,32.526274541134065,97.5788236234022,19.51576472468044,117.09458834808264,65.05254908226813,52.04203926581451,True,52.0,REORDER REQUIRED,3,0.2,2
33,HOME AND KITCHEN II,19.44001711717429,58.320051351522864,11.664010270304573,69.98406162182744,38.88003423434858,31.104027387478858,True,31.0,REORDER REQUIRED,3,0.2,2
33,HOME APPLIANCES,0.33938805608471717,1.0181641682541516,0.20363283365083032,1.221797001904982,0.6787761121694343,0.5430208897355476,True,1.0,REORDER REQUIRED,3,0.2,2
33,HOME CARE,213.9512484246323,641.853745273897,128.3707490547794,770.2244943286763,427.9024968492646,342.3219974794117,True,342.0,REORDER REQUIRED,3,0.2,2
33,LADIESWEAR,0.26704229286418896,0.8011268785925669,0.1602253757185134,0.9613522543110803,0.5340845857283779,0.4272676685827024,True,0.0,REORDER REQUIRED,3,0.2,2
33,LAWN AND GARDEN,1270.373016107828,3811.119048323484,762.2238096646969,4573.342857988181,2540.746032215656,2032.5968257725249,True,2033.0,REORDER REQUIRED,3,0.2,2
33,LINGERIE,27.62655789072481,82.87967367217443,16.575934734434888,99.45560840660931,55.25311578144962,44.20249262515969,True,44.0,REORDER REQUIRED,3,0.2,2
33,"LIQUOR,WINE,BEER",40.902788703952076,122.70836611185624,24.541673222371248,147.2500393342275,81.80557740790415,65.44446192632334,True,65.0,REORDER REQUIRED,3,0.2,2
33,MAGAZINES,1.729615146913781,5.188845440741343,1.0377690881482686,6.226614528889611,3.459230293827562,2.767384235062049,True,3.0,REORDER REQUIRED,3,0.2,2
33,MEATS,268.2578069470136,804.7734208410408,160.95468416820816,965.7281050092489,536.5156138940272,429.2124911152217,True,429.0,REORDER REQUIRED,3,0.2,2
33,PERSONAL CARE,203.6065192980728,610.8195578942184,122.16391157884368,732.9834694730621,407.2130385961456,325.77043087691646,True,326.0,REORDER REQUIRED,3,0.2,2
33,PET SUPPLIES,2.3046295163676502,6.913888549102951,1.3827777098205902,8.29666625892354,4.6092590327353005,3.68740722618824,True,4.0,REORDER REQUIRED,3,0.2,2
33,PLAYERS AND ELECTRONICS,3.722230503780639,11.166691511341917,2.2333383022683835,13.400029813610299,7.444461007561278,5.955568806049021,True,6.0,REORDER REQUIRED,3,0.2,2
33,POULTRY,215.96186619067197,647.8855985720159,129.57711971440318,777.462718286419,431.92373238134394,345.53898590507504,True,346.0,REORDER REQUIRED,3,0.2,2
33,PREPARED FOODS,28.119550487934976,84.35865146380493,16.871730292760986,101.23038175656592,56.23910097586995,44.991280780695966,True,45.0,REORDER REQUIRED,3,0.2,2
33,PRODUCE,1315.1672072092022,3945.5016216276063,789.1003243255213,4734.601945953127,2630.3344144184043,2104.267531534723,True,2104.0,REORDER REQUIRED,3,0.2,2
33,SCHOOL AND OFFICE SUPPLIES,1266.4478840171075,3799.3436520513224,759.8687304102646,4559.2123824615865,2532.895768034215,2026.3166144273714,True,2026.0,REORDER REQUIRED,3,0.2,2
33,SEAFOOD,0.9141280524447601,2.74238415733428,0.5484768314668561,3.2908609888011364,1.8282561048895203,1.4626048839116161,True,1.0,REORDER REQUIRED,3,0.2,2
34,AUTOMOTIVE,3.4902937969269026,10.470881390780708,2.0941762781561417,12.565057668936849,6.980587593853805,5.584470075083043,True,6.0,REORDER REQUIRED,3,0.2,2
34,BABY CARE,0.486191918779277,1.458575756337831,0.2917151512675662,1.7502909076053972,0.972383837558554,0.7779070700468432,True,1.0,REORDER REQUIRED,3,0.2,2
34,BEAUTY,2.3444035043604203,7.033210513081261,1.4066421026162523,8.439852615697514,4.688807008720841,3.7510456069766738,True,4.0,REORDER REQUIRED,3,0.2,2
34,BEVERAGES,2400.2345275658654,7200.703582697596,1440.1407165395194,8640.844299237117,4800.469055131731,3840.3752441053857,True,3840.0,REORDER REQUIRED,3,0.2,2
34,BOOKS,0.26704229286418896,0.8011268785925669,0.1602253757185134,0.9613522543110803,0.5340845857283779,0.4272676685827024,True,0.0,REORDER REQUIRED,3,0.2,2
34,BREAD/BAKERY,657.2118066508272,1971.6354199524815,394.3270839904963,2365.962503942978,1314.4236133016543,1051.5388906413236,True,1052.0,REORDER REQUIRED,3,0.2,2
34,CELEBRATION,9.513779884271747,28.54133965281524,5.708267930563048,34.249607583378285,19.027559768543494,15.222047814834792,True,15.0,REORDER REQUIRED,3,0.2,2
34,CLEANING,841.1054357776706,2523.3163073330115,504.6632614666023,3027.979568799614,1682.210871555341,1345.7686972442727,True,1346.0,REORDER REQUIRED,3,0.2,2
34,DAIRY,621.0897886961748,1863.2693660885243,372.65387321770487,2235.9232393062293,1242.1795773923495,993.7436619138798,True,994.0,REORDER REQUIRED,3,0.2,2
34,DELI,214.79942554411898,644.3982766323569,128.87965532647138,773.2779319588283,429.59885108823795,343.6790808705903,True,344.0,REORDER REQUIRED,3,0.2,2
34,EGGS,119.11155203680812,357.33465611042436,71.46693122208488,428.80158733250926,238.22310407361624,190.57848325889302,True,191.0,REORDER REQUIRED,3,0.2,2
34,FROZEN FOODS,70.26508383410079,210.7952515023024,42.15905030046048,252.95430180276287,140.53016766820159,112.42413413456129,True,112.0,REORDER REQUIRED,3,0.2,2
34,GROCERY I,3933.4020824903137,11800.206247470942,2360.0412494941884,14160.24749696513,7866.804164980627,6293.443331984503,True,6293.0,REORDER REQUIRED,3,0.2,2
34,GROCERY II,8.46835381447052,25.40506144341156,5.081012288682313,30.486073732093875,16.93670762894104,13.549366103152835,True,14.0,REORDER REQUIRED,3,0.2,2
34,HARDWARE,3.8622218865639244,11.586665659691773,2.3173331319383546,13.903998791630128,7.724443773127849,6.179555018502279,True,6.0,REORDER REQUIRED,3,0.2,2
34,HOME AND KITCHEN I,25.706610635131547,77.11983190539465,15.42396638107893,92.54379828647357,51.413221270263094,41.13057701621048,True,41.0,REORDER REQUIRED,3,0.2,2
34,HOME AND KITCHEN II,37.94656521588504,113.8396956476551,22.767939129531023,136.60763477718612,75.89313043177008,60.714504345416046,True,61.0,REORDER REQUIRED,3,0.2,2
34,HOME APPLIANCES,0.3033668809948194,0.9101006429844583,0.18202012859689165,1.09212077158135,0.6067337619896388,0.4853870095917111,True,0.0,REORDER REQUIRED,3,0.2,2
34,HOME CARE,191.62274256714565,574.8682277014369,114.9736455402874,689.8418732417243,383.2454851342913,306.59638810743303,True,307.0,REORDER REQUIRED,3,0.2,2
34,LADIESWEAR,1.7889193654202695,5.366758096260808,1.0733516192521617,6.440109715512969,3.577838730840539,2.8622709846724304,True,3.0,REORDER REQUIRED,3,0.2,2
34,LAWN AND GARDEN,627.3113626047121,1881.9340878141365,376.38681756282733,2258.3209053769638,1254.6227252094243,1003.6981801675395,True,1004.0,REORDER REQUIRED,3,0.2,2
34,LINGERIE,66.75527669728667,200.26583009186004,40.05316601837201,240.31899611023204,133.51055339457335,106.80844271565869,True,107.0,REORDER REQUIRED,3,0.2,2
34,"LIQUOR,WINE,BEER",35.49640206555865,106.48920619667595,21.29784123933519,127.78704743601114,70.9928041311173,56.79424330489384,True,57.0,REORDER REQUIRED,3,0.2,2
34,MAGAZINES,2.587909075254201,7.763727225762603,1.5527454451525207,9.316472670915124,5.175818150508402,4.140654520406722,True,4.0,REORDER REQUIRED,3,0.2,2
34,MEATS,176.25285214353937,528.7585564306181,105.75171128612362,634.5102677167417,352.50570428707874,282.004563429663,True,282.0,REORDER REQUIRED,3,0.2,2
34,PERSONAL CARE,246.6769914494179,740.0309743482537,148.00619486965076,888.0371692179044,493.3539828988358,394.6831863190686,True,395.0,REORDER REQUIRED,3,0.2,2
34,PET SUPPLIES,3.445409733340952,10.336229200022856,2.0672458400045715,12.403475040027427,6.890819466681904,5.512655573345523,True,6.0,REORDER REQUIRED,3,0.2,2
34,PLAYERS AND ELECTRONICS,6.943799970897022,20.831399912691065,4.166279982538213,24.99767989522928,13.887599941794043,11.110079953435235,True,11.0,REORDER REQUIRED,3,0.2,2
34,POULTRY,147.16710773850332,441.50132321550996,88.300264643102,529.8015878586119,294.33421547700664,235.4673723816053,True,235.0,REORDER REQUIRED,3,0.2,2
34,PREPARED FOODS,28.85838040269531,86.57514120808594,17.31502824161719,103.89016944970312,57.71676080539062,46.1734086443125,True,46.0,REORDER REQUIRED,3,0.2,2
34,PRODUCE,718.9732768426003,2156.919830527801,431.3839661055602,2588.3037966333613,1437.9465536852006,1150.3572429481608,True,1150.0,REORDER REQUIRED,3,0.2,2
34,SCHOOL AND OFFICE SUPPLIES,711.0033528486799,2133.0100585460395,426.60201170920794,2559.6120702552475,1422.0067056973598,1137.6053645578877,True,1138.0,REORDER REQUIRED,3,0.2,2
34,SEAFOOD,3.074479095957823,9.22343728787347,1.844687457574694,11.068124745448163,6.148958191915646,4.919166553532516,True,5.0,REORDER REQUIRED,3,0.2,2
35,AUTOMOTIVE,3.8671119504892726,11.601335851467818,2.3202671702935636,13.921603021761381,7.734223900978545,6.187379120782836,True,6.0,REORDER REQUIRED,3,0.2,2
35,BABY CARE,0.26704229286418896,0.8011268785925669,0.1602253757185134,0.9613522543110803,0.5340845857283779,0.4272676685827024,True,0.0,REORDER REQUIRED,3,0.2,2
35,BEAUTY,1.3530955646000262,4.059286693800079,0.8118573387600159,4.871144032560094,2.7061911292000524,2.164952903360042,True,2.0,REORDER REQUIRED,3,0.2,2
35,BEVERAGES,1454.1995619802108,4362.598685940632,872.5197371881264,5235.118423128759,2908.3991239604215,2326.7192991683373,True,2327.0,REORDER REQUIRED,3,0.2,2
35,BOOKS,0.26704229286418896,0.8011268785925669,0.1602253757185134,0.9613522543110803,0.5340845857283779,0.4272676685827024,True,0.0,REORDER REQUIRED,3,0.2,2
35,BREAD/BAKERY,109.90536883692226,329.7161065107668,65.94322130215336,395.65932781292014,219.81073767384453,175.8485901390756,True,176.0,REORDER REQUIRED,3,0.2,2
35,CELEBRATION,2.9439341477330028,8.831802443199008,1.7663604886398017,10.598162931838809,5.8878682954660055,4.7102946363728035,True,5.0,REORDER REQUIRED,3,0.2,2
35,CLEANING,426.75587569475636,1280.267627084269,256.0535254168538,1536.3211525011227,853.5117513895127,682.80940111161,True,683.0,REORDER REQUIRED,3,0.2,2
35,DAIRY,233.1238286821371,699.3714860464113,139.87429720928228,839.2457832556936,466.2476573642742,372.9981258914194,True,373.0,REORDER REQUIRED,3,0.2,2
35,DELI,96.13055709923805,288.39167129771414,57.67833425954283,346.070005557257,192.2611141984761,153.8088913587809,True,154.0,REORDER REQUIRED,3,0.2,2
35,EGGS,153.34979987350346,460.04939962051037,92.00987992410208,552.0592795446124,306.6995997470069,245.3596797976055,True,245.0,REORDER REQUIRED,3,0.2,2
35,FROZEN FOODS,69.71650742519091,209.14952227557274,41.82990445511455,250.9794267306873,139.43301485038182,111.54641188030547,True,112.0,REORDER REQUIRED,3,0.2,2
35,GROCERY I,1835.2948259907726,5505.884477972318,1101.1768955944635,6607.061373566781,3670.589651981545,2936.471721585236,True,2936.0,REORDER REQUIRED,3,0.2,2
35,GROCERY II,7.293689205086124,21.88106761525837,4.376213523051674,26.257281138310045,14.587378410172247,11.669902728137798,True,12.0,REORDER REQUIRED,3,0.2,2
35,HARDWARE,0.6425457870970308,1.9276373612910924,0.3855274722582185,2.313164833549311,1.2850915741940616,1.0280732593552493,True,1.0,REORDER REQUIRED,3,0.2,2
35,HOME AND KITCHEN I,10.462038424089574,31.38611527226872,6.277223054453745,37.66333832672247,20.924076848179148,16.73926147854332,True,17.0,REORDER REQUIRED,3,0.2,2
35,HOME AND KITCHEN II,20.8793262997925,62.6379788993775,12.5275957798755,75.165574679253,41.758652599585,33.406922079668,True,33.0,REORDER REQUIRED,3,0.2,2
35,HOME APPLIANCES,0.3651350764919815,1.0954052294759444,0.2190810458951889,1.3144862753711333,0.730270152983963,0.5842161223871702,True,1.0,REORDER REQUIRED,3,0.2,2
35,HOME CARE,93.5862424150552,280.7587272451656,56.151745449033115,336.9104726941987,187.1724848301104,149.7379878640883,True,150.0,REORDER REQUIRED,3,0.2,2
35,LADIESWEAR,0.26704229286418896,0.8011268785925669,0.1602253757185134,0.9613522543110803,0.5340845857283779,0.4272676685827024,True,0.0,REORDER REQUIRED,3,0.2,2
35,LAWN AND GARDEN,1251.11696198075,3753.35088594225,750.67017718845,4504.0210631307,2502.2339239615,2001.7871391692001,True,2002.0,REORDER REQUIRED,3,0.2,2
35,LINGERIE,839.9000181258798,2519.7000543776394,503.9400108755279,3023.6400652531674,1679.8000362517596,1343.8400290014079,True,1344.0,REORDER REQUIRED,3,0.2,2
35,"LIQUOR,WINE,BEER",78.87807173833319,236.63421521499959,47.32684304299992,283.9610582579995,157.75614347666638,126.20491478133314,True,126.0,REORDER REQUIRED,3,0.2,2
35,MAGAZINES,1.0136445990533398,3.0409337971600197,0.608186759432004,3.6491205565920235,2.0272891981066796,1.6218313584853439,True,2.0,REORDER REQUIRED,3,0.2,2
35,MEATS,206.40634545536216,619.2190363660865,123.8438072732173,743.0628436393038,412.8126909107243,330.25015272857945,True,330.0,REORDER REQUIRED,3,0.2,2
35,PERSONAL CARE,76.5818355857119,229.7455067571357,45.949101351427146,275.6946081085629,153.1636711714238,122.53093693713907,True,123.0,REORDER REQUIRED,3,0.2,2
35,PET SUPPLIES,1.0508893677919513,3.152668103375854,0.6305336206751708,3.7832017240510245,2.1017787355839026,1.681422988467122,True,2.0,REORDER REQUIRED,3,0.2,2
35,PLAYERS AND ELECTRONICS,1.1974944689654883,3.5924834068964646,0.718496681379293,4.310980088275757,2.3949889379309766,1.9159911503447806,True,2.0,REORDER REQUIRED,3,0.2,2
35,POULTRY,59.4603797449091,178.3811392347273,35.67622784694546,214.05736708167277,118.9207594898182,95.13660759185457,True,95.0,REORDER REQUIRED,3,0.2,2
35,PREPARED FOODS,20.69859079481614,62.09577238444842,12.419154476889686,74.51492686133811,41.39718158963228,33.11774527170583,True,33.0,REORDER REQUIRED,3,0.2,2
35,PRODUCE,391.12679540411824,1173.3803862123548,234.67607724247097,1408.0564634548257,782.2535908082365,625.8028726465892,True,626.0,REORDER REQUIRED,3,0.2,2
35,SCHOOL AND OFFICE SUPPLIES,1249.7815165986226,3749.344549795868,749.8689099591736,4499.213459755041,2499.563033197245,1999.650426557796,True,2000.0,REORDER REQUIRED,3,0.2,2
35,SEAFOOD,1.4258837014881018,4.277651104464305,0.8555302208928611,5.1331813253571665,2.8517674029762037,2.281413922380963,True,2.0,REORDER REQUIRED,3,0.2,2
36,AUTOMOTIVE,5.321572234099518,15.964716702298555,3.192943340459711,19.157660042758266,10.643144468199036,8.51451557455923,True,9.0,REORDER REQUIRED,3,0.2,2
36,BABY CARE,0.26713797065539885,0.8014139119661965,0.16028278239323931,0.9616966943594358,0.5342759413107977,0.42742075304863814,True,0.0,REORDER REQUIRED,3,0.2,2
36,BEAUTY,1.5891689989624798,4.767506996887439,0.9535013993774879,5.721008396264927,3.1783379979249595,2.5426703983399674,True,3.0,REORDER REQUIRED,3,0.2,2
36,BEVERAGES,3678.2405491967143,11034.721647590142,2206.9443295180286,13241.66597710817,7356.4810983934285,5885.184878714742,True,5885.0,REORDER REQUIRED,3,0.2,2
36,BOOKS,0.26713797065539885,0.8014139119661965,0.16028278239323931,0.9616966943594358,0.5342759413107977,0.42742075304863814,True,0.0,REORDER REQUIRED,3,0.2,2
36,BREAD/BAKERY,527.2566990314368,1581.7700970943106,316.35401941886215,1898.1241165131728,1054.5133980628736,843.6107184502991,True,844.0,REORDER REQUIRED,3,0.2,2
36,CELEBRATION,10.361222351495625,31.083667054486874,6.216733410897375,37.30040046538425,20.72244470299125,16.577955762393,True,17.0,REORDER REQUIRED,3,0.2,2
36,CLEANING,833.0933902229054,2499.2801706687164,499.8560341337433,2999.13620480246,1666.1867804458109,1332.949424356649,True,1333.0,REORDER REQUIRED,3,0.2,2
36,DAIRY,589.9208638000072,1769.7625914000214,353.9525182800043,2123.7151096800258,1179.8417276000143,943.8733820800114,True,944.0,REORDER REQUIRED,3,0.2,2
36,DELI,201.57578788644997,604.72736365935,120.94547273187,725.67283639122,403.15157577289995,322.52126061832007,True,323.0,REORDER REQUIRED,3,0.2,2
36,EGGS,141.04244486283505,423.12733458850516,84.62546691770103,507.7528015062062,282.0848897256701,225.6679117805361,True,226.0,REORDER REQUIRED,3,0.2,2
36,FROZEN FOODS,112.70351786578287,338.1105535973486,67.62211071946972,405.73266431681833,225.40703573156574,180.3256285852526,True,180.0,REORDER REQUIRED,3,0.2,2
36,GROCERY I,3759.941675492556,11279.825026477669,2255.965005295534,13535.790031773202,7519.883350985112,6015.90668078809,True,6016.0,REORDER REQUIRED,3,0.2,2
36,GROCERY II,8.954499690494428,26.863499071483282,5.372699814296657,32.23619888577994,17.908999380988856,14.327199504791086,True,14.0,REORDER REQUIRED,3,0.2,2
36,HARDWARE,0.5309217081250794,1.5927651243752383,0.31855302487504766,1.911318149250286,1.0618434162501589,0.8494747330001271,True,1.0,REORDER REQUIRED,3,0.2,2
36,HOME AND KITCHEN I,30.719674749056228,92.15902424716869,18.43180484943374,110.59082909660242,61.439349498112456,49.15147959848996,True,49.0,REORDER REQUIRED,3,0.2,2
36,HOME AND KITCHEN II,22.513007640524915,67.53902292157474,13.507804584314949,81.0468275058897,45.02601528104983,36.020812224839865,True,36.0,REORDER REQUIRED,3,0.2,2
36,HOME APPLIANCES,0.30848719505594296,0.925461585167829,0.1850923170335658,1.1105539022013948,0.6169743901118859,0.4935795120895089,True,0.0,REORDER REQUIRED,3,0.2,2
36,HOME CARE,205.88872236159952,617.6661670847985,123.53323341695972,741.1994005017582,411.77744472319904,329.42195577855915,True,329.0,REORDER REQUIRED,3,0.2,2
36,LADIESWEAR,0.26713797065539885,0.8014139119661965,0.16028278239323931,0.9616966943594358,0.5342759413107977,0.42742075304863814,True,0.0,REORDER REQUIRED,3,0.2,2
36,LAWN AND GARDEN,26.046283812772106,78.13885143831632,15.627770287663266,93.76662172597959,52.09256762554421,41.67405410043538,True,42.0,REORDER REQUIRED,3,0.2,2
36,LINGERIE,5.258063862404937,15.77419158721481,3.1548383174429624,18.929029904657774,10.516127724809873,8.412902179847901,True,8.0,REORDER REQUIRED,3,0.2,2
36,"LIQUOR,WINE,BEER",82.01944031379654,246.0583209413896,49.21166418827792,295.26998512966753,164.03888062759307,131.23110450207446,True,131.0,REORDER REQUIRED,3,0.2,2
36,MAGAZINES,1.5805829040277835,4.74174871208335,0.94834974241667,5.69009845450002,3.161165808055567,2.528932646444453,True,3.0,REORDER REQUIRED,3,0.2,2
36,MEATS,243.14935828107147,729.4480748432144,145.8896149686429,875.3376898118572,486.29871656214294,389.0389732497143,True,389.0,REORDER REQUIRED,3,0.2,2
36,PERSONAL CARE,198.2658050094048,594.7974150282143,118.95948300564288,713.7568980338572,396.5316100188096,317.22528801504757,True,317.0,REORDER REQUIRED,3,0.2,2
36,PET SUPPLIES,4.115924807596227,12.347774422788682,2.4695548845577364,14.817329307346418,8.231849615192454,6.585479692153964,True,7.0,REORDER REQUIRED,3,0.2,2
36,PLAYERS AND ELECTRONICS,3.871907929756076,11.615723789268227,2.3231447578536453,13.938868547121873,7.743815859512152,6.195052687609721,True,6.0,REORDER REQUIRED,3,0.2,2
36,POULTRY,126.21220808068422,378.6366242420527,75.72732484841053,454.3639490904632,252.42441616136844,201.93953292909478,True,202.0,REORDER REQUIRED,3,0.2,2
36,PREPARED FOODS,43.9177714053841,131.75331421615232,26.350662843230467,158.10397705938277,87.8355428107682,70.26843424861457,True,70.0,REORDER REQUIRED,3,0.2,2
36,PRODUCE,1426.868315287455,4280.604945862366,856.1209891724732,5136.725935034839,2853.73663057491,2282.9893044599285,True,2283.0,REORDER REQUIRED,3,0.2,2
36,SCHOOL AND OFFICE SUPPLIES,1121.634704491292,3364.9041134738764,672.9808226947753,4037.8849361686516,2243.269408982584,1794.6155271860675,True,1795.0,REORDER REQUIRED,3,0.2,2
36,SEAFOOD,1.6741398772266194,5.022419631679858,1.0044839263359717,6.02690355801583,3.3482797544532388,2.678623803562591,True,3.0,REORDER REQUIRED,3,0.2,2
37,AUTOMOTIVE,3.4876734974612815,10.463020492383844,2.092604098476769,12.555624590860614,6.975346994922563,5.580277595938051,True,6.0,REORDER REQUIRED,3,0.2,2
37,BABY CARE,0.26713797065539885,0.8014139119661965,0.16028278239323931,0.9616966943594358,0.5342759413107977,0.42742075304863814,True,0.0,REORDER REQUIRED,3,0.2,2
37,BEAUTY,8.475421571446738,25.426264714340213,5.085252942868043,30.511517657208255,16.950843142893476,13.56067451431478,True,14.0,REORDER REQUIRED,3,0.2,2
37,BEVERAGES,2438.433913145925,7315.301739437775,1463.060347887555,8778.36208732533,4876.86782629185,3901.4942610334792,True,3901.0,REORDER REQUIRED,3,0.2,2
37,BOOKS,0.26713797065539885,0.8014139119661965,0.16028278239323931,0.9616966943594358,0.5342759413107977,0.42742075304863814,True,0.0,REORDER REQUIRED,3,0.2,2
37,BREAD/BAKERY,464.9725611365772,1394.9176834097316,278.9835366819463,1673.901220091678,929.9451222731544,743.9560978185235,True,744.0,REORDER REQUIRED,3,0.2,2
37,CELEBRATION,6.541775127247533,19.6253253817426,3.92506507634852,23.55039045809112,13.083550254495066,10.466840203596053,True,10.0,REORDER REQUIRED,3,0.2,2
37,CLEANING,825.2046248030258,2475.6138744090777,495.12277488181553,2970.736649290893,1650.4092496060516,1320.3273996848416,True,1320.0,REORDER REQUIRED,3,0.2,2
37,DAIRY,799.8951324200939,2399.6853972602817,479.93707945205637,2879.622476712338,1599.7902648401878,1279.8322118721503,True,1280.0,REORDER REQUIRED,3,0.2,2
37,DELI,151.67394260387124,455.0218278116137,91.00436556232275,546.0261933739365,303.3478852077425,242.67830816619403,True,243.0,REORDER REQUIRED,3,0.2,2
37,EGGS,118.58207170835392,355.7462151250618,71.14924302501235,426.89545815007415,237.16414341670784,189.7313147333663,True,190.0,REORDER REQUIRED,3,0.2,2
37,FROZEN FOODS,107.68589562515578,323.0576868754673,64.61153737509346,387.6692242505608,215.37179125031156,172.2974330002492,True,172.0,REORDER REQUIRED,3,0.2,2
37,GROCERY I,3526.5574977859565,10579.67249335787,2115.934498671574,12695.606992029443,7053.114995571913,5642.49199645753,True,5642.0,REORDER REQUIRED,3,0.2,2
37,GROCERY II,44.49214563091445,133.47643689274335,26.69528737854867,160.17172427129202,88.9842912618289,71.18743300946312,True,71.0,REORDER REQUIRED,3,0.2,2
37,HARDWARE,1.5942402564226015,4.782720769267804,0.956544153853561,5.7392649231213655,3.188480512845203,2.5507844102761625,True,3.0,REORDER REQUIRED,3,0.2,2
37,HOME AND KITCHEN I,30.55761823928615,91.67285471785846,18.33457094357169,110.00742566143015,61.1152364785723,48.89218918285785,True,49.0,REORDER REQUIRED,3,0.2,2
37,HOME AND KITCHEN II,25.312912151869384,75.93873645560815,15.187747291121632,91.12648374672978,50.62582430373877,40.50065944299101,True,41.0,REORDER REQUIRED,3,0.2,2
37,HOME APPLIANCES,0.32693843565645453,0.9808153069693636,0.19616306139387274,1.1769783683632364,0.6538768713129091,0.5231014970503274,True,1.0,REORDER REQUIRED,3,0.2,2
37,HOME CARE,212.91186957977214,638.7356087393164,127.74712174786328,766.4827304871797,425.8237391595443,340.65899132763536,True,341.0,REORDER REQUIRED,3,0.2,2
37,LADIESWEAR,21.305902284940913,63.91770685482274,12.78354137096455,76.70124822578728,42.611804569881826,34.089443655905455,True,34.0,REORDER REQUIRED,3,0.2,2
37,LAWN AND GARDEN,23.952547304997637,71.85764191499291,14.371528382998584,86.22917029799149,47.905094609995274,38.32407568799621,True,38.0,REORDER REQUIRED,3,0.2,2
37,LINGERIE,218.00832687183043,654.0249806154914,130.80499612309828,784.8299767385896,436.01665374366087,348.81332299492874,True,349.0,REORDER REQUIRED,3,0.2,2
37,"LIQUOR,WINE,BEER",107.57617550252289,322.72852650756863,64.54570530151373,387.2742318090824,215.15235100504577,172.1218808040366,True,172.0,REORDER REQUIRED,3,0.2,2
37,MAGAZINES,10.01120317277638,30.03360951832914,6.006721903665828,36.04033142199497,20.02240634555276,16.01792507644221,True,16.0,REORDER REQUIRED,3,0.2,2
37,MEATS,216.73365310298323,650.2009593089497,130.04019186178994,780.2411511707396,433.46730620596645,346.77384496477316,True,347.0,REORDER REQUIRED,3,0.2,2
37,PERSONAL CARE,249.59761685973942,748.7928505792182,149.75857011584364,898.5514206950619,499.19523371947884,399.35618697558306,True,399.0,REORDER REQUIRED,3,0.2,2
37,PET SUPPLIES,12.312571173175025,36.937713519525076,7.387542703905016,44.32525622343009,24.62514234635005,19.70011387708004,True,20.0,REORDER REQUIRED,3,0.2,2
37,PLAYERS AND ELECTRONICS,13.554821766761288,40.664465300283865,8.132893060056773,48.79735836034064,27.109643533522576,21.687714826818063,True,22.0,REORDER REQUIRED,3,0.2,2
37,POULTRY,241.86608546947483,725.5982564084245,145.1196512816849,870.7179076901094,483.73217093894965,386.9857367511598,True,387.0,REORDER REQUIRED,3,0.2,2
37,PREPARED FOODS,67.77849632909552,203.33548898728657,40.667097797457316,244.00258678474387,135.55699265819104,108.44559412655283,True,108.0,REORDER REQUIRED,3,0.2,2
37,PRODUCE,2523.3852276209773,7570.155682862932,1514.0311365725865,9084.18681943552,5046.770455241955,4037.4163641935647,True,4037.0,REORDER REQUIRED,3,0.2,2
37,SCHOOL AND OFFICE SUPPLIES,1265.5659187039917,3796.6977561119747,759.339551222395,4556.03730733437,2531.1318374079833,2024.9054699263866,True,2025.0,REORDER REQUIRED,3,0.2,2
37,SEAFOOD,11.299148880205813,33.89744664061744,6.779489328123488,40.67693596874093,22.598297760411626,18.078638208329302,True,18.0,REORDER REQUIRED,3,0.2,2
38,AUTOMOTIVE,5.961574755869791,17.884724267609375,3.576944853521875,21.46166912113125,11.923149511739583,9.538519609391669,True,10.0,REORDER REQUIRED,3,0.2,2
38,BABY CARE,0.26713797065539885,0.8014139119661965,0.16028278239323931,0.9616966943594358,0.5342759413107977,0.42742075304863814,True,0.0,REORDER REQUIRED,3,0.2,2
38,BEAUTY,8.367382365754331,25.102147097262993,5.020429419452599,30.12257651671559,16.734764731508662,13.387811785206928,True,13.0,REORDER REQUIRED,3,0.2,2
38,BEVERAGES,2016.6798344345277,6050.039503303583,1210.0079006607166,7260.0474039642995,4033.3596688690554,3226.687735095244,True,3227.0,REORDER REQUIRED,3,0.2,2
38,BOOKS,0.26713797065539885,0.8014139119661965,0.16028278239323931,0.9616966943594358,0.5342759413107977,0.42742075304863814,True,0.0,REORDER REQUIRED,3,0.2,2
38,BREAD/BAKERY,426.8598944640118,1280.5796833920353,256.1159366784071,1536.6956200704424,853.7197889280236,682.9758311424188,True,683.0,REORDER REQUIRED,3,0.2,2
38,CELEBRATION,12.866928247446282,38.600784742338845,7.7201569484677695,46.32094169080661,25.733856494892564,20.58708519591405,True,21.0,REORDER REQUIRED,3,0.2,2
38,CLEANING,906.5800415234779,2719.7401245704336,543.9480249140868,3263.68814948452,1813.1600830469558,1450.5280664375643,True,1451.0,REORDER REQUIRED,3,0.2,2
38,DAIRY,759.9127438698808,2279.7382316096428,455.9476463219286,2735.685877931571,1519.8254877397617,1215.8603901918095,True,1216.0,REORDER REQUIRED,3,0.2,2
38,DELI,141.5857867223355,424.75736016700654,84.95147203340132,509.70883220040787,283.171573444671,226.53725875573684,True,227.0,REORDER REQUIRED,3,0.2,2
38,EGGS,87.55561689840575,262.66685069521725,52.533370139043456,315.2002208342607,175.1112337968115,140.0889870374492,True,140.0,REORDER REQUIRED,3,0.2,2
38,FROZEN FOODS,114.85517988868799,344.56553966606396,68.9131079332128,413.47864759927677,229.71035977737597,183.7682878219008,True,184.0,REORDER REQUIRED,3,0.2,2
38,GROCERY I,3445.2898783045043,10335.869634913513,2067.1739269827026,12403.043561896216,6890.579756609009,5512.463805287208,True,5512.0,REORDER REQUIRED,3,0.2,2
38,GROCERY II,26.38103041175811,79.14309123527434,15.82861824705487,94.9717094823292,52.76206082351622,42.20964865881298,True,42.0,REORDER REQUIRED,3,0.2,2
38,HARDWARE,1.0475300182302407,3.1425900546907224,0.6285180109381445,3.7711080656288667,2.0950600364604814,1.6760480291683852,True,2.0,REORDER REQUIRED,3,0.2,2
38,HOME AND KITCHEN I,38.927540386078064,116.78262115823419,23.35652423164684,140.13914538988104,77.85508077215613,62.28406461772491,True,62.0,REORDER REQUIRED,3,0.2,2
38,HOME AND KITCHEN II,37.343385707323826,112.03015712197148,22.4060314243943,134.43618854636577,74.68677141464765,59.74941713171812,True,60.0,REORDER REQUIRED,3,0.2,2
38,HOME APPLIANCES,0.26713797065539885,0.8014139119661965,0.16028278239323931,0.9616966943594358,0.5342759413107977,0.42742075304863814,True,0.0,REORDER REQUIRED,3,0.2,2
38,HOME CARE,306.3420755167577,919.0262265502731,183.80524531005463,1102.8314718603278,612.6841510335154,490.14732082681246,True,490.0,REORDER REQUIRED,3,0.2,2
38,LADIESWEAR,24.317462387235608,72.95238716170682,14.590477432341366,87.54286459404818,48.634924774471216,38.90793981957697,True,39.0,REORDER REQUIRED,3,0.2,2
38,LAWN AND GARDEN,34.7496064163766,104.24881924912981,20.849763849825962,125.09858309895577,69.4992128327532,55.59937026620257,True,56.0,REORDER REQUIRED,3,0.2,2
38,LINGERIE,9.834250481675326,29.50275144502598,5.900550289005196,35.403301734031174,19.668500963350652,15.734800770680522,True,16.0,REORDER REQUIRED,3,0.2,2
38,"LIQUOR,WINE,BEER",116.005964176469,348.01789252940705,69.60357850588142,417.62147103528844,232.011928352938,185.60954268235042,True,186.0,REORDER REQUIRED,3,0.2,2
38,MAGAZINES,12.805404456682727,38.41621337004818,7.683242674009637,46.09945604405782,25.610808913365453,20.488647130692364,True,20.0,REORDER REQUIRED,3,0.2,2
38,MEATS,156.02740778990295,468.08222336970886,93.61644467394177,561.6986680436506,312.0548155798059,249.64385246384472,True,250.0,REORDER REQUIRED,3,0.2,2
38,PERSONAL CARE,352.2117000146673,1056.635100044002,211.32702000880042,1267.9621200528024,704.4234000293346,563.5387200234678,True,564.0,REORDER REQUIRED,3,0.2,2
38,PET SUPPLIES,8.30750601057634,24.92251803172902,4.984503606345804,29.907021638074823,16.61501202115268,13.292009616922144,True,13.0,REORDER REQUIRED,3,0.2,2
38,PLAYERS AND ELECTRONICS,10.749097115670626,32.24729134701188,6.449458269402377,38.69674961641426,21.49819423134125,17.198555385073007,True,17.0,REORDER REQUIRED,3,0.2,2
38,POULTRY,132.72017989655888,398.1605396896766,79.63210793793533,477.7926476276119,265.44035979311775,212.35228783449418,True,212.0,REORDER REQUIRED,3,0.2,2
38,PREPARED FOODS,79.7698476307296,239.3095428921888,47.86190857843776,287.17145147062655,159.5396952614592,127.63175620916735,True,128.0,REORDER REQUIRED,3,0.2,2
38,PRODUCE,2108.521516856412,6325.5645505692355,1265.1129101138472,7590.677460683082,4217.043033712824,3373.6344269702586,True,3374.0,REORDER REQUIRED,3,0.2,2
38,SCHOOL AND OFFICE SUPPLIES,323.24911523026054,969.7473456907817,193.94946913815636,1163.696814828938,646.4982304605211,517.1985843684168,True,517.0,REORDER REQUIRED,3,0.2,2
38,SEAFOOD,16.820235660782114,50.46070698234634,10.092141396469268,60.552848378815604,33.64047132156423,26.912377057251376,True,27.0,REORDER REQUIRED,3,0.2,2
39,AUTOMOTIVE,8.57838358903738,25.73515076711214,5.147030153422428,30.882180920534566,17.15676717807476,13.725413742459807,True,14.0,REORDER REQUIRED,3,0.2,2
39,BABY CARE,0.36770398277370736,1.103111948321122,0.22062238966422443,1.3237343379853463,0.7354079655474147,0.5883263724379316,True,1.0,REORDER REQUIRED,3,0.2,2
39,BEAUTY,3.6152816310374427,10.845844893112329,2.1691689786224657,13.015013871734794,7.230563262074885,5.784450609659909,True,6.0,REORDER REQUIRED,3,0.2,2
39,BEVERAGES,3262.207670316786,9786.623010950358,1957.3246021900716,11743.94761314043,6524.415340633572,5219.532272506858,True,5220.0,REORDER REQUIRED,3,0.2,2
39,BOOKS,0.2675247128579568,0.8025741385738705,0.1605148277147741,0.9630889662886446,0.5350494257159136,0.42803954057273097,True,0.0,REORDER REQUIRED,3,0.2,2
39,BREAD/BAKERY,650.6729346166633,1952.0188038499898,390.403760769998,2342.422564619988,1301.3458692333265,1041.0766953866614,True,1041.0,REORDER REQUIRED,3,0.2,2
39,CELEBRATION,5.8944408580306495,17.68332257409195,3.53666451481839,21.21998708891034,11.788881716061299,9.431105372849041,True,9.0,REORDER REQUIRED,3,0.2,2
39,CLEANING,1368.5586156675402,4105.675847002621,821.1351694005242,4926.811016403145,2737.1172313350803,2189.6937850680647,True,2190.0,REORDER REQUIRED,3,0.2,2
39,DAIRY,617.0549009642356,1851.1647028927068,370.2329405785414,2221.397643471248,1234.1098019284711,987.287841542777,True,987.0,REORDER REQUIRED,3,0.2,2
39,DELI,182.38187893104845,547.1456367931453,109.42912735862906,656.5747641517744,364.7637578620969,291.8110062896775,True,292.0,REORDER REQUIRED,3,0.2,2
39,EGGS,473.5712601380355,1420.7137804141064,284.1427560828213,1704.8565364969277,947.142520276071,757.7140162208567,True,758.0,REORDER REQUIRED,3,0.2,2
39,FROZEN FOODS,72.5246136336612,217.5738409009836,43.514768180196725,261.0886090811803,145.0492272673224,116.03938181385791,True,116.0,REORDER REQUIRED,3,0.2,2
39,GROCERY I,4944.0910530933115,14832.273159279935,2966.4546318559874,17798.727791135923,9888.182106186623,7910.5456849493,True,7911.0,REORDER REQUIRED,3,0.2,2
39,GROCERY II,32.29871029578489,96.89613088735467,19.379226177470937,116.27535706482561,64.59742059156979,51.677936473255826,True,52.0,REORDER REQUIRED,3,0.2,2
39,HARDWARE,1.8173039156273758,5.451911746882128,1.0903823493764255,6.542294096258553,3.6346078312547516,2.9076862650038016,True,3.0,REORDER REQUIRED,3,0.2,2
39,HOME AND KITCHEN I,26.375309670644846,79.12592901193455,15.82518580238691,94.95111481432146,52.75061934128969,42.200495473031765,True,42.0,REORDER REQUIRED,3,0.2,2
39,HOME AND KITCHEN II,18.38913912979626,55.167417389388774,11.033483477877756,66.20090086726653,36.77827825959252,29.422622607674008,True,29.0,REORDER REQUIRED,3,0.2,2
39,HOME APPLIANCES,0.2923865084469037,0.8771595253407112,0.17543190506814224,1.0525914304088535,0.5847730168938075,0.46781841351504605,True,0.0,REORDER REQUIRED,3,0.2,2
39,HOME CARE,318.96925904322836,956.9077771296851,191.38155542593702,1148.2893325556222,637.9385180864567,510.35081446916547,True,510.0,REORDER REQUIRED,3,0.2,2
39,LADIESWEAR,5.592819468154414,16.778458404463244,3.355691680892649,20.13415008535589,11.185638936308829,8.948511149047063,True,9.0,REORDER REQUIRED,3,0.2,2
39,LAWN AND GARDEN,40.466406754026444,121.39922026207933,24.279844052415868,145.67906431449518,80.93281350805289,64.74625080644229,True,65.0,REORDER REQUIRED,3,0.2,2
39,LINGERIE,8.666443101991236,25.99932930597371,5.199865861194742,31.19919516716845,17.332886203982472,13.866308963185979,True,14.0,REORDER REQUIRED,3,0.2,2
39,"LIQUOR,WINE,BEER",61.81774966314932,185.45324898944796,37.09064979788959,222.54389878733755,123.63549932629864,98.90839946103891,True,99.0,REORDER REQUIRED,3,0.2,2
39,MAGAZINES,5.375903572793583,16.12771071838075,3.2255421436761504,19.3532528620569,10.751807145587167,8.601445716469735,True,9.0,REORDER REQUIRED,3,0.2,2
39,MEATS,168.73272560535878,506.19817681607634,101.23963536321527,607.4378121792917,337.46545121071756,269.9723609685741,True,270.0,REORDER REQUIRED,3,0.2,2
39,PERSONAL CARE,290.2501108662877,870.750332598863,174.15006651977262,1044.9003991186355,580.5002217325754,464.40017738606014,True,464.0,REORDER REQUIRED,3,0.2,2
39,PET SUPPLIES,7.067042389940652,21.201127169821955,4.240225433964391,25.441352603786346,14.134084779881304,11.307267823905041,True,11.0,REORDER REQUIRED,3,0.2,2
39,PLAYERS AND ELECTRONICS,9.505251696211937,28.515755088635814,5.703151017727163,34.21890610636298,19.010503392423875,15.208402713939105,True,15.0,REORDER REQUIRED,3,0.2,2
39,POULTRY,227.75519269819918,683.2655780945976,136.65311561891951,819.9186937135171,455.51038539639836,364.4083083171187,True,364.0,REORDER REQUIRED,3,0.2,2
39,PREPARED FOODS,52.99631003189701,158.98893009569105,31.79778601913821,190.78671611482926,105.99262006379402,84.79409605103524,True,85.0,REORDER REQUIRED,3,0.2,2
39,PRODUCE,1690.279614337232,5070.838843011696,1014.1677686023392,6085.006611614035,3380.559228674464,2704.447382939571,True,2704.0,REORDER REQUIRED,3,0.2,2
39,SCHOOL AND OFFICE SUPPLIES,252.26136160072105,756.7840848021631,151.3568169604326,908.1409017625957,504.5227232014421,403.6181785611536,True,404.0,REORDER REQUIRED,3,0.2,2
39,SEAFOOD,14.855476097620286,44.56642829286086,8.913285658572173,53.479713951433034,29.710952195240573,23.76876175619246,True,24.0,REORDER REQUIRED,3,0.2,2
40,AUTOMOTIVE,3.3247319656084833,9.97419589682545,1.99483917936509,11.96903507619054,6.6494639312169666,5.319571144973573,True,5.0,REORDER REQUIRED,3,0.2,2
40,BABY CARE,0.30595672702167576,0.9178701810650273,0.18357403621300547,1.1014442172780328,0.6119134540433515,0.48953076323468125,True,0.0,REORDER REQUIRED,3,0.2,2
40,BEAUTY,3.4103049714854348,10.230914914456305,2.046182982891261,12.277097897347566,6.8206099429708695,5.456487954376697,True,5.0,REORDER REQUIRED,3,0.2,2
40,BEVERAGES,4795.454957938254,14386.36487381476,2877.2729747629523,17263.637848577713,9590.909915876508,7672.727932701206,True,7673.0,REORDER REQUIRED,3,0.2,2
40,BOOKS,0.2675247128579568,0.8025741385738705,0.1605148277147741,0.9630889662886446,0.5350494257159136,0.42803954057273097,True,0.0,REORDER REQUIRED,3,0.2,2
40,BREAD/BAKERY,421.5194146951031,1264.5582440853093,252.91164881706186,1517.4698929023712,843.0388293902062,674.431063512165,True,674.0,REORDER REQUIRED,3,0.2,2
40,CELEBRATION,10.371624147858645,31.114872443575933,6.222974488715187,37.33784693229112,20.74324829571729,16.59459863657383,True,17.0,REORDER REQUIRED,3,0.2,2
40,CLEANING,1514.3816559746606,4543.144967923981,908.6289935847963,5451.773961508778,3028.763311949321,2423.0106495594564,True,2423.0,REORDER REQUIRED,3,0.2,2
40,DAIRY,660.6561147527627,1981.9683442582882,396.39366885165765,2378.362013109946,1321.3122295055255,1057.0497836044206,True,1057.0,REORDER REQUIRED,3,0.2,2
40,DELI,263.48813909188397,790.4644172756518,158.0928834551304,948.5573007307822,526.9762781837679,421.5810225470143,True,422.0,REORDER REQUIRED,3,0.2,2
40,EGGS,176.19945974850796,528.5983792455239,105.71967584910479,634.3180550946287,352.3989194970159,281.91913559761275,True,282.0,REORDER REQUIRED,3,0.2,2
40,FROZEN FOODS,72.77149492789796,218.3144847836939,43.662896956738784,261.9773817404327,145.54298985579592,116.43439188463677,True,116.0,REORDER REQUIRED,3,0.2,2
40,GROCERY I,5474.631058486833,16423.8931754605,3284.7786350921,19708.6718105526,10949.262116973667,8759.409693578935,True,8759.0,REORDER REQUIRED,3,0.2,2
40,GROCERY II,10.142204833554192,30.426614500662577,6.085322900132516,36.51193740079509,20.284409667108385,16.227527733686706,True,16.0,REORDER REQUIRED,3,0.2,2
40,HARDWARE,2.4927042978166725,7.478112893450017,1.4956225786900035,8.97373547214002,4.985408595633345,3.988326876506676,True,4.0,REORDER REQUIRED,3,0.2,2
40,HOME AND KITCHEN I,27.196763914636925,81.59029174391077,16.318058348782156,97.90835009269293,54.39352782927385,43.51482226341908,True,44.0,REORDER REQUIRED,3,0.2,2
40,HOME AND KITCHEN II,23.397036990648477,70.19111097194543,14.038222194389087,84.22933316633453,46.794073981296954,37.43525918503757,True,37.0,REORDER REQUIRED,3,0.2,2
40,HOME APPLIANCES,0.3387900727426924,1.0163702182280772,0.20327404364561544,1.2196442618736927,0.6775801454853848,0.5420641163883079,True,1.0,REORDER REQUIRED,3,0.2,2
40,HOME CARE,337.8040215836099,1013.4120647508296,202.68241295016594,1216.0944777009954,675.6080431672198,540.4864345337757,True,540.0,REORDER REQUIRED,3,0.2,2
40,LADIESWEAR,0.2675247128579568,0.8025741385738705,0.1605148277147741,0.9630889662886446,0.5350494257159136,0.42803954057273097,True,0.0,REORDER REQUIRED,3,0.2,2
40,LAWN AND GARDEN,1289.1185468395138,3867.3556405185413,773.4711281037083,4640.82676862225,2578.2370936790276,2062.5896749432222,True,2063.0,REORDER REQUIRED,3,0.2,2
40,LINGERIE,9.153100371441028,27.459301114323083,5.4918602228646165,32.9511613371877,18.306200742882055,14.644960594305644,True,15.0,REORDER REQUIRED,3,0.2,2
40,"LIQUOR,WINE,BEER",39.73365947911685,119.20097843735056,23.840195687470114,143.04117412482066,79.4673189582337,63.57385516658695,True,64.0,REORDER REQUIRED,3,0.2,2
40,MAGAZINES,2.489297154687055,7.467891464061164,1.493578292812233,8.961469756873397,4.97859430937411,3.9828754474992873,True,4.0,REORDER REQUIRED,3,0.2,2
40,MEATS,140.75955669873733,422.27867009621195,84.4557340192424,506.73440411545437,281.51911339747465,225.2152907179797,True,225.0,REORDER REQUIRED,3,0.2,2
40,PERSONAL CARE,278.61569467402563,835.8470840220768,167.1694168044154,1003.0165008264922,557.2313893480513,445.78511147844097,True,446.0,REORDER REQUIRED,3,0.2,2
40,PET SUPPLIES,3.3648963237357115,10.094688971207134,2.018937794241427,12.113626765448561,6.729792647471423,5.3838341179771385,True,5.0,REORDER REQUIRED,3,0.2,2
40,PLAYERS AND ELECTRONICS,10.355555452941317,31.06666635882395,6.213333271764791,37.27999963058874,20.711110905882634,16.568888724706106,True,17.0,REORDER REQUIRED,3,0.2,2
40,POULTRY,173.67249598361414,521.0174879508425,104.2034975901685,625.2209855410109,347.3449919672283,277.87599357378264,True,278.0,REORDER REQUIRED,3,0.2,2
40,PREPARED FOODS,55.95607249799018,167.86821749397052,33.573643498794105,201.44186099276462,111.91214499598036,89.52971599678426,True,90.0,REORDER REQUIRED,3,0.2,2
40,PRODUCE,1200.6172522846473,3601.851756853942,720.3703513707884,4322.222108224731,2401.2345045692946,1920.987603655436,True,1921.0,REORDER REQUIRED,3,0.2,2
40,SCHOOL AND OFFICE SUPPLIES,1254.9969794911317,3764.990938473395,752.998187694679,4517.989126168074,2509.9939589822634,2007.9951671858107,True,2008.0,REORDER REQUIRED,3,0.2,2
40,SEAFOOD,5.748696256590512,17.246088769771536,3.4492177539543074,20.695306523725844,11.497392513181024,9.19791401054482,True,9.0,REORDER REQUIRED,3,0.2,2
41,AUTOMOTIVE,7.732095399377203,23.19628619813161,4.639257239626322,27.83554343775793,15.464190798754405,12.371352639003526,True,12.0,REORDER REQUIRED,3,0.2,2
41,BABY CARE,0.27119696736678495,0.8135909021003549,0.162718180420071,0.9763090825204259,0.5423939347335699,0.433915147786856,True,0.0,REORDER REQUIRED,3,0.2,2
41,BEAUTY,9.289799130849723,27.869397392549168,5.573879478509834,33.443276871059,18.579598261699445,14.863678609359553,True,15.0,REORDER REQUIRED,3,0.2,2
41,BEVERAGES,2003.711936746274,6011.135810238822,1202.2271620477645,7213.362972286586,4007.423873492548,3205.9390987940383,True,3206.0,REORDER REQUIRED,3,0.2,2
41,BOOKS,0.2675247128579568,0.8025741385738705,0.1605148277147741,0.9630889662886446,0.5350494257159136,0.42803954057273097,True,0.0,REORDER REQUIRED,3,0.2,2
41,BREAD/BAKERY,472.31042340684496,1416.9312702205348,283.386254044107,1700.3175242646416,944.6208468136899,755.6966774509517,True,756.0,REORDER REQUIRED,3,0.2,2
41,CELEBRATION,10.681353730997849,32.044061192993546,6.40881223859871,38.45287343159225,21.362707461995697,17.090165969596555,True,17.0,REORDER REQUIRED,3,0.2,2
41,CLEANING,959.450285795265,2878.3508573857953,575.6701714771591,3454.021028862954,1918.90057159053,1535.1204572724241,True,1535.0,REORDER REQUIRED,3,0.2,2
41,DAIRY,708.7514484452572,2126.2543453357716,425.2508690671543,2551.505214402926,1417.5028968905144,1134.0023175124115,True,1134.0,REORDER REQUIRED,3,0.2,2
41,DELI,215.22015763223152,645.6604728966945,129.1320945793389,774.7925674760334,430.44031526446304,344.3522522115703,True,344.0,REORDER REQUIRED,3,0.2,2
41,EGGS,133.2420987995536,399.7262963986608,79.94525927973217,479.67155567839296,266.4841975991072,213.1873580792858,True,213.0,REORDER REQUIRED,3,0.2,2
41,FROZEN FOODS,150.66898770297882,452.0069631089365,90.4013926217873,542.4083557307238,301.33797540595765,241.07038032476612,True,241.0,REORDER REQUIRED,3,0.2,2
41,GROCERY I,3726.64558101447,11179.93674304341,2235.987348608682,13415.924091652092,7453.29116202894,5962.632929623152,True,5963.0,REORDER REQUIRED,3,0.2,2
41,GROCERY II,37.38712881520887,112.1613864456266,22.432277289125324,134.59366373475194,74.77425763041774,59.819406104334206,True,60.0,REORDER REQUIRED,3,0.2,2
41,HARDWARE,1.6060814273591817,4.818244282077545,0.9636488564155091,5.7818931384930545,3.2121628547183634,2.569730283774691,True,3.0,REORDER REQUIRED,3,0.2,2
41,HOME AND KITCHEN I,28.732116748324618,86.19635024497386,17.239270048994772,103.43562029396863,57.464233496649236,45.97138679731939,True,46.0,REORDER REQUIRED,3,0.2,2
41,HOME AND KITCHEN II,33.0383565399807,99.11506961994209,19.82301392398842,118.9380835439305,66.0767130799614,52.86137046396911,True,53.0,REORDER REQUIRED,3,0.2,2
41,HOME APPLIANCES,0.2731064072558232,0.8193192217674696,0.16386384435349394,0.9831830661209635,0.5462128145116464,0.43697025160931713,True,0.0,REORDER REQUIRED,3,0.2,2
41,HOME CARE,238.10884031195803,714.3265209358741,142.86530418717481,857.191825123049,476.21768062391607,380.9741444991329,True,381.0,REORDER REQUIRED,3,0.2,2
41,LADIESWEAR,21.29812523491861,63.89437570475583,12.778875140951167,76.673250845707,42.59625046983722,34.07700037586978,True,34.0,REORDER REQUIRED,3,0.2,2
41,LAWN AND GARDEN,39.16998840105867,117.509965203176,23.5019930406352,141.0119582438112,78.33997680211733,62.67198144169386,True,63.0,REORDER REQUIRED,3,0.2,2
41,LINGERIE,9.363189487488887,28.08956846246666,5.617913692493332,33.70748215495999,18.726378974977774,14.981103179982217,True,15.0,REORDER REQUIRED,3,0.2,2
41,"LIQUOR,WINE,BEER",96.51982673777513,289.5594802133254,57.911896042665084,347.4713762559905,193.03965347555027,154.43172278044023,True,154.0,REORDER REQUIRED,3,0.2,2
41,MAGAZINES,12.92217211998171,38.76651635994513,7.753303271989026,46.519819631934155,25.84434423996342,20.675475391970735,True,21.0,REORDER REQUIRED,3,0.2,2
41,MEATS,237.8527228240422,713.5581684721266,142.71163369442533,856.2698021665519,475.7054456480844,380.56435651846755,True,381.0,REORDER REQUIRED,3,0.2,2
41,PERSONAL CARE,303.00811671686944,909.0243501506084,181.8048700301217,1090.82922018073,606.0162334337389,484.8129867469912,True,485.0,REORDER REQUIRED,3,0.2,2
41,PET SUPPLIES,13.70882173885538,41.126465216566146,8.22529304331323,49.351758259879375,27.41764347771076,21.934114782168614,True,22.0,REORDER REQUIRED,3,0.2,2
41,PLAYERS AND ELECTRONICS,9.058329084590223,27.17498725377067,5.4349974507541345,32.609984704524805,18.116658169180447,14.493326535344359,True,14.0,REORDER REQUIRED,3,0.2,2
41,POULTRY,193.82040055283267,581.461201658498,116.2922403316996,697.7534419901976,387.64080110566533,310.1126408845323,True,310.0,REORDER REQUIRED,3,0.2,2
41,PREPARED FOODS,66.35167950276247,199.0550385082874,39.81100770165748,238.86604620994487,132.70335900552493,106.16268720441994,True,106.0,REORDER REQUIRED,3,0.2,2
41,PRODUCE,2174.8777770472743,6524.633331141823,1304.9266662283646,7829.559997370187,4349.755554094549,3479.8044432756387,True,3480.0,REORDER REQUIRED,3,0.2,2
41,SCHOOL AND OFFICE SUPPLIES,1295.4709145465204,3886.412743639561,777.2825487279123,4663.6952923674735,2590.9418290930407,2072.7534632744328,True,2073.0,REORDER REQUIRED,3,0.2,2
41,SEAFOOD,7.562474686780866,22.687424060342597,4.537484812068519,27.224908872411117,15.124949373561732,12.099959498849385,True,12.0,REORDER REQUIRED,3,0.2,2
42,AUTOMOTIVE,3.987809909538917,11.96342972861675,2.39268594572335,14.356115674340101,7.975619819077834,6.380495855262267,True,6.0,REORDER REQUIRED,3,0.2,2
42,BABY CARE,0.2675247128579568,0.8025741385738705,0.1605148277147741,0.9630889662886446,0.5350494257159136,0.42803954057273097,True,0.0,REORDER REQUIRED,3,0.2,2
42,BEAUTY,6.360580500783285,19.081741502349853,3.8163483004699708,22.898089802819825,12.72116100156657,10.176928801253256,True,10.0,REORDER REQUIRED,3,0.2,2
42,BEVERAGES,2001.0104943521594,6003.0314830564785,1200.6062966112956,7203.637779667774,4002.020988704319,3201.6167909634555,True,3202.0,REORDER REQUIRED,3,0.2,2
42,BOOKS,0.2675247128579568,0.8025741385738705,0.1605148277147741,0.9630889662886446,0.5350494257159136,0.42803954057273097,True,0.0,REORDER REQUIRED,3,0.2,2
42,BREAD/BAKERY,422.927660426864,1268.7829812805921,253.75659625611843,1522.5395775367106,845.855320853728,676.6842566829826,True,677.0,REORDER REQUIRED,3,0.2,2
42,CELEBRATION,9.222236213663688,27.666708640991065,5.533341728198213,33.20005036918928,18.444472427327376,14.755577941861901,True,15.0,REORDER REQUIRED,3,0.2,2
42,CLEANING,675.7252699864183,2027.1758099592548,405.435161991851,2432.610971951106,1351.4505399728366,1081.1604319782693,True,1081.0,REORDER REQUIRED,3,0.2,2
42,DAIRY,784.5984191551336,2353.795257465401,470.7590514930802,2824.554308958481,1569.1968383102671,1255.357470648214,True,1255.0,REORDER REQUIRED,3,0.2,2
42,DELI,168.0272464607318,504.08173938219534,100.81634787643907,604.8980872586344,336.0544929214636,268.8435943371708,True,269.0,REORDER REQUIRED,3,0.2,2
42,EGGS,127.95439703908735,383.8631911172621,76.77263822345242,460.6358293407145,255.9087940781747,204.7270352625398,True,205.0,REORDER REQUIRED,3,0.2,2
42,FROZEN FOODS,110.55937194596395,331.6781158378918,66.33562316757836,398.0137390054702,221.1187438919279,176.8949951135423,True,177.0,REORDER REQUIRED,3,0.2,2
42,GROCERY I,2815.7545424731006,8447.263627419303,1689.4527254838606,10136.716352903164,5631.509084946201,4505.207267956963,True,4505.0,REORDER REQUIRED,3,0.2,2
42,GROCERY II,31.54072210234873,94.6221663070462,18.92443326140924,113.54659956845543,63.08144420469746,50.46515536375797,True,50.0,REORDER REQUIRED,3,0.2,2
42,HARDWARE,1.1192435500719768,3.3577306502159305,0.6715461300431862,4.029276780259117,2.2384871001439537,1.7907896801151635,True,2.0,REORDER REQUIRED,3,0.2,2
42,HOME AND KITCHEN I,29.002385092256585,87.00715527676975,17.40143105535395,104.4085863321237,58.00477018451317,46.403816147610534,True,46.0,REORDER REQUIRED,3,0.2,2
42,HOME AND KITCHEN II,38.21737037694145,114.65211113082435,22.930422226164872,137.58253335698922,76.4347407538829,61.14779260310631,True,61.0,REORDER REQUIRED,3,0.2,2
42,HOME APPLIANCES,0.2713816415143746,0.8141449245431238,0.16282898490862477,0.9769739094517486,0.5427632830287492,0.43421062642299935,True,0.0,REORDER REQUIRED,3,0.2,2
42,HOME CARE,192.52856023491867,577.585680704756,115.51713614095121,693.1028168457071,385.05712046983734,308.0456963758698,True,308.0,REORDER REQUIRED,3,0.2,2
42,LADIESWEAR,15.16741887760671,45.502256632820135,9.100451326564027,54.60270795938416,30.33483775521342,24.26787020417074,True,24.0,REORDER REQUIRED,3,0.2,2
42,LAWN AND GARDEN,37.35425805580465,112.06277416741395,22.41255483348279,134.47532900089675,74.7085161116093,59.76681288928745,True,60.0,REORDER REQUIRED,3,0.2,2
42,LINGERIE,34.664033030959835,103.9920990928795,20.7984198185759,124.7905189114554,69.32806606191967,55.46245284953572,True,55.0,REORDER REQUIRED,3,0.2,2
42,"LIQUOR,WINE,BEER",71.36686241254327,214.1005872376298,42.820117447525966,256.9207046851558,142.73372482508654,114.18697986006924,True,114.0,REORDER REQUIRED,3,0.2,2
42,MAGAZINES,10.205291451069256,30.615874353207765,6.123174870641553,36.73904922384932,20.41058290213851,16.32846632171081,True,16.0,REORDER REQUIRED,3,0.2,2
42,MEATS,231.75496399379296,695.2648919813789,139.0529783962758,834.3178703776547,463.5099279875859,370.8079423900688,True,371.0,REORDER REQUIRED,3,0.2,2
42,PERSONAL CARE,212.90328478943573,638.7098543683072,127.74197087366144,766.4518252419687,425.80656957887146,340.6452556630972,True,341.0,REORDER REQUIRED,3,0.2,2
42,PET SUPPLIES,9.1033476909379,27.3100430728137,5.46200861456274,32.77205168737644,18.2066953818758,14.56535630550064,True,15.0,REORDER REQUIRED,3,0.2,2
42,PLAYERS AND ELECTRONICS,8.723620906739377,26.170862720218132,5.234172544043627,31.40503526426176,17.447241813478755,13.957793450783004,True,14.0,REORDER REQUIRED,3,0.2,2
42,POULTRY,215.2545033240853,645.7635099722559,129.15270199445118,774.916211966707,430.5090066481706,344.4072053185364,True,344.0,REORDER REQUIRED,3,0.2,2
42,PREPARED FOODS,50.77162546339325,152.31487639017973,30.462975278035948,182.77785166821567,101.5432509267865,81.23460074142918,True,81.0,REORDER REQUIRED,3,0.2,2
42,PRODUCE,2421.185255395516,7263.555766186548,1452.7111532373096,8716.266919423857,4842.370510791032,3873.896408632825,True,3874.0,REORDER REQUIRED,3,0.2,2
42,SCHOOL AND OFFICE SUPPLIES,1371.507991084844,4114.523973254532,822.9047946509065,4937.428767905439,2743.015982169688,2194.4127857357507,True,2194.0,REORDER REQUIRED,3,0.2,2
42,SEAFOOD,14.18059051785334,42.54177155356002,8.508354310712004,51.05012586427202,28.36118103570668,22.68894482856534,True,23.0,REORDER REQUIRED,3,0.2,2
43,AUTOMOTIVE,7.126771453529677,21.38031436058903,4.276062872117806,25.656377232706834,14.253542907059353,11.402834325647481,True,11.0,REORDER REQUIRED,3,0.2,2
43,BABY CARE,0.30110004197241297,0.9033001259172388,0.1806600251834478,1.0839601511006867,0.6022000839448259,0.4817600671558607,True,0.0,REORDER REQUIRED,3,0.2,2
43,BEAUTY,5.3328247365934915,15.998474209780476,3.199694841956095,19.19816905173657,10.665649473186983,8.532519578549588,True,9.0,REORDER REQUIRED,3,0.2,2
43,BEVERAGES,4844.464182571261,14533.392547713782,2906.6785095427567,17440.071057256537,9688.928365142521,7751.1426921140155,True,7751.0,REORDER REQUIRED,3,0.2,2
43,BOOKS,0.2675247128579568,0.8025741385738705,0.1605148277147741,0.9630889662886446,0.5350494257159136,0.42803954057273097,True,0.0,REORDER REQUIRED,3,0.2,2
43,BREAD/BAKERY,556.7922577929762,1670.3767733789286,334.0753546757858,2004.4521280547144,1113.5845155859524,890.867612468762,True,891.0,REORDER REQUIRED,3,0.2,2
43,CELEBRATION,17.47615514377255,52.428465431317655,10.485693086263531,62.914158517581185,34.9523102875451,27.961848230036082,True,28.0,REORDER REQUIRED,3,0.2,2
43,CLEANING,1169.4905189276699,3508.47155678301,701.694311356602,4210.165868139612,2338.9810378553398,1871.1848302842723,True,1871.0,REORDER REQUIRED,3,0.2,2
43,DAIRY,672.4561359786887,2017.3684079360662,403.47368158721326,2420.8420895232794,1344.9122719573775,1075.9298175659019,True,1076.0,REORDER REQUIRED,3,0.2,2
43,DELI,283.69914247018625,851.0974274105588,170.21948548211176,1021.3169128926705,567.3982849403725,453.91862795229804,True,454.0,REORDER REQUIRED,3,0.2,2
43,EGGS,222.2760034296682,666.8280102890046,133.36560205780094,800.1936123468056,444.5520068593364,355.6416054874692,True,356.0,REORDER REQUIRED,3,0.2,2
43,FROZEN FOODS,79.14550725107591,237.43652175322774,47.48730435064555,284.9238261038733,158.29101450215182,126.63281160172147,True,127.0,REORDER REQUIRED,3,0.2,2
43,GROCERY I,4689.599840270597,14068.799520811792,2813.7599041623585,16882.55942497415,9379.199680541195,7503.359744432957,True,7503.0,REORDER REQUIRED,3,0.2,2
43,GROCERY II,12.295851266967421,36.88755380090227,7.377510760180454,44.265064561082724,24.591702533934843,19.67336202714788,True,20.0,REORDER REQUIRED,3,0.2,2
43,HARDWARE,0.3300153781003286,0.9900461343009859,0.19800922686019717,1.188055361161183,0.6600307562006572,0.5280246049605258,True,1.0,REORDER REQUIRED,3,0.2,2
43,HOME AND KITCHEN I,17.066013355149288,51.19804006544786,10.239608013089573,61.437648078537435,34.132026710298575,27.30562136823886,True,27.0,REORDER REQUIRED,3,0.2,2
43,HOME AND KITCHEN II,22.517527817020227,67.55258345106068,13.510516690212137,81.06310014127283,45.035055634040454,36.02804450723237,True,36.0,REORDER REQUIRED,3,0.2,2
43,HOME APPLIANCES,0.3353099728090548,1.0059299184271644,0.2011859836854329,1.2071159021125972,0.6706199456181096,0.5364959564944877,True,1.0,REORDER REQUIRED,3,0.2,2
43,HOME CARE,242.46169632094876,727.3850889628463,145.47701779256928,872.8621067554157,484.9233926418975,387.93871411351813,True,388.0,REORDER REQUIRED,3,0.2,2
43,LADIESWEAR,0.2675247128579568,0.8025741385738705,0.1605148277147741,0.9630889662886446,0.5350494257159136,0.42803954057273097,True,0.0,REORDER REQUIRED,3,0.2,2
43,LAWN AND GARDEN,142.57248043486788,427.71744130460365,85.54348826092074,513.2609295655244,285.14496086973577,228.11596869578864,True,228.0,REORDER REQUIRED,3,0.2,2
43,LINGERIE,203.56619622741192,610.6985886822358,122.13971773644717,732.838306418683,407.13239245482384,325.7059139638592,True,326.0,REORDER REQUIRED,3,0.2,2
43,"LIQUOR,WINE,BEER",90.17164719603394,270.5149415881018,54.102988317620365,324.6179299057222,180.3432943920679,144.2746355136543,True,144.0,REORDER REQUIRED,3,0.2,2
43,MAGAZINES,3.7847449223815857,11.354234767144757,2.2708469534289515,13.625081720573707,7.569489844763171,6.055591875810536,True,6.0,REORDER REQUIRED,3,0.2,2
43,MEATS,217.44164417307127,652.3249325192138,130.46498650384277,782.7899190230565,434.88328834614254,347.906630676914,True,348.0,REORDER REQUIRED,3,0.2,2
43,PERSONAL CARE,282.30139534881795,846.9041860464538,169.38083720929077,1016.2850232557446,564.6027906976359,451.6822325581087,True,452.0,REORDER REQUIRED,3,0.2,2
43,PET SUPPLIES,3.838269633225442,11.514808899676325,2.302961779935265,13.81777067961159,7.676539266450884,6.141231413160706,True,6.0,REORDER REQUIRED,3,0.2,2
43,PLAYERS AND ELECTRONICS,2.333166380163857,6.999499140491571,1.3998998280983144,8.399398968589885,4.666332760327714,3.733066208262171,True,4.0,REORDER REQUIRED,3,0.2,2
43,POULTRY,241.4767599484051,724.4302798452153,144.88605596904307,869.3163358142583,482.9535198968102,386.36281591744813,True,386.0,REORDER REQUIRED,3,0.2,2
43,PREPARED FOODS,130.27676794444378,390.8303038333313,78.16606076666626,468.99636459999755,260.55353588888755,208.44282871111,True,208.0,REORDER REQUIRED,3,0.2,2
43,PRODUCE,1303.9013509694723,3911.704052908417,782.3408105816834,4694.0448634901,2607.8027019389447,2086.2421615511557,True,2086.0,REORDER REQUIRED,3,0.2,2
43,SCHOOL AND OFFICE SUPPLIES,611.4772894453475,1834.4318683360425,366.88637366720855,2201.318242003251,1222.954578890695,978.3636631125557,True,978.0,REORDER REQUIRED,3,0.2,2
43,SEAFOOD,1.065391802053295,3.1961754061598855,0.6392350812319771,3.8354104873918624,2.13078360410659,1.7046268832852722,True,2.0,REORDER REQUIRED,3,0.2,2
44,AUTOMOTIVE,15.730917984803074,47.19275395440923,9.438550790881846,56.631304745291075,31.46183596960615,25.169468775684926,True,25.0,REORDER REQUIRED,3,0.2,2
44,BABY CARE,0.2675247128579568,0.8025741385738705,0.1605148277147741,0.9630889662886446,0.5350494257159136,0.42803954057273097,True,0.0,REORDER REQUIRED,3,0.2,2
44,BEAUTY,17.007906373941758,51.02371912182527,10.204743824365055,61.22846294619033,34.015812747883515,27.21265019830681,True,27.0,REORDER REQUIRED,3,0.2,2
44,BEVERAGES,8740.889911681801,26222.669735045405,5244.533947009081,31467.203682054485,17481.779823363602,13985.423858690883,True,13985.0,REORDER REQUIRED,3,0.2,2
44,BOOKS,0.2675247128579568,0.8025741385738705,0.1605148277147741,0.9630889662886446,0.5350494257159136,0.42803954057273097,True,0.0,REORDER REQUIRED,3,0.2,2
44,BREAD/BAKERY,1527.6463528395418,4582.939058518626,916.5878117037252,5499.526870222351,3055.2927056790836,2444.2341645432675,True,2444.0,REORDER REQUIRED,3,0.2,2
44,CELEBRATION,23.86632690754658,71.59898072263974,14.319796144527949,85.91877686716768,47.73265381509316,38.18612305207452,True,38.0,REORDER REQUIRED,3,0.2,2
44,CLEANING,2174.956048262856,6524.868144788567,1304.9736289577136,7829.8417737462805,4349.912096525712,3479.929677220569,True,3480.0,REORDER REQUIRED,3,0.2,2
44,DAIRY,2335.6126497161927,7006.8379491485775,1401.3675898297156,8408.205538978293,4671.225299432385,3736.9802395459074,True,3737.0,REORDER REQUIRED,3,0.2,2
44,DELI,531.6641680407382,1594.9925041222145,318.99850082444294,1913.9910049466575,1063.3283360814764,850.6626688651811,True,851.0,REORDER REQUIRED,3,0.2,2
44,EGGS,588.2988170002272,1764.8964510006817,352.97929020013635,2117.875741200818,1176.5976340004545,941.2781072003636,True,941.0,REORDER REQUIRED,3,0.2,2
44,FROZEN FOODS,430.7220186798155,1292.1660560394466,258.4332112078893,1550.599267247336,861.444037359631,689.155229887705,True,689.0,REORDER REQUIRED,3,0.2,2
44,GROCERY I,9384.89799465153,28154.69398395459,5630.938796790918,33785.63278074551,18769.79598930306,15015.836791442449,True,15016.0,REORDER REQUIRED,3,0.2,2
44,GROCERY II,85.81018484980339,257.4305545494102,51.48611090988204,308.91666545929223,171.62036969960678,137.29629575968545,True,137.0,REORDER REQUIRED,3,0.2,2
44,HARDWARE,4.903716271221593,14.711148813664778,2.9422297627329557,17.653378576397735,9.807432542443186,7.845946033954549,True,8.0,REORDER REQUIRED,3,0.2,2
44,HOME AND KITCHEN I,119.6493421405969,358.9480264217907,71.78960528435815,430.7376317061488,239.2986842811938,191.43894742495502,True,191.0,REORDER REQUIRED,3,0.2,2
44,HOME AND KITCHEN II,120.89764156406156,362.69292469218465,72.53858493843693,435.2315096306216,241.79528312812312,193.43622650249847,True,193.0,REORDER REQUIRED,3,0.2,2
44,HOME APPLIANCES,0.3222459695648135,0.9667379086944405,0.1933475817388881,1.1600854904333286,0.644491939129627,0.5155935513037017,True,1.0,REORDER REQUIRED,3,0.2,2
44,HOME CARE,614.7186990151978,1844.1560970455935,368.8312194091187,2212.987316454712,1229.4373980303956,983.5499184243165,True,984.0,REORDER REQUIRED,3,0.2,2
44,LADIESWEAR,37.251407723708766,111.7542231711263,22.35084463422526,134.10506780535155,74.50281544741753,59.60225235793402,True,60.0,REORDER REQUIRED,3,0.2,2
44,LAWN AND GARDEN,28.682390087628796,86.0471702628864,17.20943405257728,103.25660431546368,57.36478017525759,45.89182414020608,True,46.0,REORDER REQUIRED,3,0.2,2
44,LINGERIE,61.367258545585344,184.10177563675603,36.820355127351206,220.92213076410724,122.73451709117069,98.18761367293655,True,98.0,REORDER REQUIRED,3,0.2,2
44,"LIQUOR,WINE,BEER",325.8047148106798,977.4141444320394,195.4828288864079,1172.8969733184472,651.6094296213596,521.2875436970876,True,521.0,REORDER REQUIRED,3,0.2,2
44,MAGAZINES,27.264490613919182,81.79347184175755,16.35869436835151,98.15216621010906,54.528981227838365,43.62318498227069,True,44.0,REORDER REQUIRED,3,0.2,2
44,MEATS,900.012638330607,2700.0379149918213,540.0075829983642,3240.0454979901856,1800.025276661214,1440.0202213289715,True,1440.0,REORDER REQUIRED,3,0.2,2
44,PERSONAL CARE,584.508962666776,1753.5268880003282,350.7053776000657,2104.232265600394,1169.017925333552,935.2143402668419,True,935.0,REORDER REQUIRED,3,0.2,2
44,PET SUPPLIES,39.89734355359096,119.69203066077287,23.938406132154576,143.63043679292744,79.79468710718191,63.835749685745526,True,64.0,REORDER REQUIRED,3,0.2,2
44,PLAYERS AND ELECTRONICS,36.808164932657846,110.42449479797354,22.08489895959471,132.50939375756826,73.61632986531569,58.89306389225257,True,59.0,REORDER REQUIRED,3,0.2,2
44,POULTRY,1176.11368555304,3528.34105665912,705.6682113318241,4234.009267990944,2352.22737110608,1881.7818968848637,True,1882.0,REORDER REQUIRED,3,0.2,2
44,PREPARED FOODS,289.34248513117996,868.0274553935399,173.60549107870798,1041.6329464722478,578.6849702623599,462.9479762098879,True,463.0,REORDER REQUIRED,3,0.2,2
44,PRODUCE,9243.969964321737,27731.90989296521,5546.381978593043,33278.29187155825,18487.939928643475,14790.351942914775,True,14790.0,REORDER REQUIRED,3,0.2,2
44,SCHOOL AND OFFICE SUPPLIES,371.7554501304052,1115.2663503912156,223.05327007824314,1338.3196204694586,743.5109002608104,594.8087202086482,True,595.0,REORDER REQUIRED,3,0.2,2
44,SEAFOOD,90.98065037125683,272.9419511137705,54.5883902227541,327.53034133652454,181.96130074251366,145.5690405940109,True,146.0,REORDER REQUIRED,3,0.2,2
45,AUTOMOTIVE,16.790324284512707,50.37097285353812,10.074194570707625,60.445167424245746,33.58064856902541,26.864518855220332,True,27.0,REORDER REQUIRED,3,0.2,2
45,BABY CARE,0.2675247128579568,0.8025741385738705,0.1605148277147741,0.9630889662886446,0.5350494257159136,0.42803954057273097,True,0.0,REORDER REQUIRED,3,0.2,2
45,BEAUTY,16.60220737637542,49.80662212912627,9.961324425825254,59.76794655495152,33.20441475275084,26.56353180220068,True,27.0,REORDER REQUIRED,3,0.2,2
45,BEVERAGES,8438.486800772085,25315.460402316254,5063.0920804632515,30378.552482779505,16876.97360154417,13501.578881235335,True,13502.0,REORDER REQUIRED,3,0.2,2
45,BOOKS,0.2713299391086444,0.8139898173259332,0.16279796346518666,0.9767877807911198,0.5426598782172888,0.43412790257383105,True,0.0,REORDER REQUIRED,3,0.2,2
45,BREAD/BAKERY,1161.1101836415196,3483.330550924559,696.6661101849118,4179.996661109471,2322.220367283039,1857.7762938264314,True,1858.0,REORDER REQUIRED,3,0.2,2
45,CELEBRATION,25.207519964976207,75.62255989492863,15.124511978985726,90.74707187391435,50.415039929952414,40.33203194396194,True,40.0,REORDER REQUIRED,3,0.2,2
45,CLEANING,2354.1150725072184,7062.345217521655,1412.4690435043312,8474.814261025986,4708.230145014437,3766.5841160115488,True,3767.0,REORDER REQUIRED,3,0.2,2
45,DAIRY,2150.418139457708,6451.254418373124,1290.250883674625,7741.505302047749,4300.836278915416,3440.6690231323328,True,3441.0,REORDER REQUIRED,3,0.2,2
45,DELI,706.3863686680842,2119.1591060042524,423.8318212008505,2542.9909272051027,1412.7727373361683,1130.2181898689344,True,1130.0,REORDER REQUIRED,3,0.2,2
45,EGGS,369.17504488605596,1107.5251346581679,221.50502693163358,1329.0301615898015,738.3500897721119,590.6800718176896,True,591.0,REORDER REQUIRED,3,0.2,2
45,FROZEN FOODS,327.53169845061365,982.5950953518409,196.5190190703682,1179.114114422209,655.0633969012273,524.0507175209817,True,524.0,REORDER REQUIRED,3,0.2,2
45,GROCERY I,10314.084660492155,30942.253981476468,6188.450796295294,37130.70477777176,20628.16932098431,16502.53545678745,True,16503.0,REORDER REQUIRED,3,0.2,2
45,GROCERY II,118.76639936074046,356.2991980822214,71.25983961644428,427.55903769866563,237.53279872148093,190.0262389771847,True,190.0,REORDER REQUIRED,3,0.2,2
45,HARDWARE,1.8961484344372206,5.688445303311662,1.1376890606623324,6.826134363973994,3.792296868874441,3.0338374950995526,True,3.0,REORDER REQUIRED,3,0.2,2
45,HOME AND KITCHEN I,77.36908441230747,232.10725323692242,46.42145064738449,278.5287038843069,154.73816882461495,123.79053505969193,True,124.0,REORDER REQUIRED,3,0.2,2
45,HOME AND KITCHEN II,81.1983310834246,243.59499325027383,48.71899865005477,292.3139919003286,162.3966621668492,129.91732973347936,True,130.0,REORDER REQUIRED,3,0.2,2
45,HOME APPLIANCES,0.9313668856098799,2.79410065682964,0.558820131365928,3.3529207881955676,1.8627337712197598,1.4901870169758078,True,1.0,REORDER REQUIRED,3,0.2,2
45,HOME CARE,636.6200155420809,1909.8600466262426,381.97200932524856,2291.8320559514914,1273.2400310841617,1018.5920248673297,True,1019.0,REORDER REQUIRED,3,0.2,2
45,LADIESWEAR,37.16871615061345,111.50614845184035,22.30122969036807,133.80737814220842,74.3374323012269,59.469945840981524,True,59.0,REORDER REQUIRED,3,0.2,2
45,LAWN AND GARDEN,39.06607677453828,117.19823032361484,23.439646064722968,140.63787638833782,78.13215354907656,62.50572283926125,True,63.0,REORDER REQUIRED,3,0.2,2
45,LINGERIE,16.008445192215145,48.02533557664543,9.605067115329087,57.63040269197452,32.01689038443029,25.613512307544227,True,26.0,REORDER REQUIRED,3,0.2,2
45,"LIQUOR,WINE,BEER",242.6179292874675,727.8537878624024,145.5707575724805,873.4245454348829,485.235858574935,388.18868685994795,True,388.0,REORDER REQUIRED,3,0.2,2
45,MAGAZINES,22.022771065641063,66.06831319692319,13.213662639384637,79.28197583630782,44.045542131282126,35.236433705025696,True,35.0,REORDER REQUIRED,3,0.2,2
45,MEATS,1168.645615168089,3505.9368455042672,701.1873691008535,4207.124214605121,2337.291230336178,1869.8329842689427,True,1870.0,REORDER REQUIRED,3,0.2,2
45,PERSONAL CARE,727.880395514061,2183.641186542183,436.7282373084366,2620.3694238506196,1455.760791028122,1164.6086328224976,True,1165.0,REORDER REQUIRED,3,0.2,2
45,PET SUPPLIES,25.74142130162287,77.22426390486862,15.444852780973726,92.66911668584234,51.48284260324574,41.1862740825966,True,41.0,REORDER REQUIRED,3,0.2,2
45,PLAYERS AND ELECTRONICS,30.819249855441388,92.45774956632417,18.491549913264834,110.949299479589,61.638499710882776,49.310799768706225,True,49.0,REORDER REQUIRED,3,0.2,2
45,POULTRY,1247.6773642541036,3743.0320927623106,748.6064185524622,4491.638511314773,2495.3547285082072,1996.2837828065653,True,1996.0,REORDER REQUIRED,3,0.2,2
45,PREPARED FOODS,247.17709278594145,741.5312783578244,148.30625567156488,889.8375340293892,494.3541855718829,395.4833484575063,True,395.0,REORDER REQUIRED,3,0.2,2
45,PRODUCE,6267.026306011337,18801.07891803401,3760.2157836068022,22561.294701640814,12534.052612022673,10027.242089618141,True,10027.0,REORDER REQUIRED,3,0.2,2
45,SCHOOL AND OFFICE SUPPLIES,464.8650328717806,1394.5950986153418,278.9190197230684,1673.5141183384103,929.7300657435612,743.7840525948491,True,744.0,REORDER REQUIRED,3,0.2,2
45,SEAFOOD,88.96671392741656,266.9001417822497,53.38002835644994,320.28017013869965,177.93342785483313,142.34674228386652,True,142.0,REORDER REQUIRED,3,0.2,2
46,AUTOMOTIVE,13.813227520312067,41.4396825609362,8.28793651218724,49.727619073123435,27.626455040624133,22.1011640324993,True,22.0,REORDER REQUIRED,3,0.2,2
46,BABY CARE,0.2675247128579568,0.8025741385738705,0.1605148277147741,0.9630889662886446,0.5350494257159136,0.42803954057273097,True,0.0,REORDER REQUIRED,3,0.2,2
46,BEAUTY,24.85849879550736,74.57549638652208,14.915099277304416,89.4905956638265,49.71699759101472,39.77359807281178,True,40.0,REORDER REQUIRED,3,0.2,2
46,BEVERAGES,5391.098040525152,16173.294121575456,3234.6588243150914,19407.95294589055,10782.196081050304,8625.756864840245,True,8626.0,REORDER REQUIRED,3,0.2,2
46,BOOKS,0.31424907040674527,0.9427472112202357,0.18854944224404716,1.131296653464283,0.6284981408134905,0.5027985126507925,True,1.0,REORDER REQUIRED,3,0.2,2
46,BREAD/BAKERY,866.2938216557951,2598.8814649673855,519.7762929934771,3118.6577579608625,1732.5876433115902,1386.0701146492722,True,1386.0,REORDER REQUIRED,3,0.2,2
46,CELEBRATION,15.134820577383797,45.40446173215139,9.080892346430279,54.485354078581665,30.269641154767594,24.21571292381407,True,24.0,REORDER REQUIRED,3,0.2,2
46,CLEANING,2101.4656015853857,6304.3968047561575,1260.8793609512315,7565.276165707389,4202.931203170771,3362.3449625366175,True,3362.0,REORDER REQUIRED,3,0.2,2
46,DAIRY,1435.7632683572472,4307.289805071741,861.4579610143483,5168.7477660860895,2871.5265367144943,2297.221229371595,True,2297.0,REORDER REQUIRED,3,0.2,2
46,DELI,796.0356656131897,2388.106996839569,477.62139936791385,2865.728396207483,1592.0713312263795,1273.6570649811035,True,1274.0,REORDER REQUIRED,3,0.2,2
46,EGGS,153.02888143645163,459.0866443093549,91.81732886187098,550.9039731712259,306.05776287290325,244.8462102983226,True,245.0,REORDER REQUIRED,3,0.2,2
46,FROZEN FOODS,247.4548897712659,742.3646693137977,148.47293386275953,890.8376031765572,494.9097795425318,395.9278236340254,True,396.0,REORDER REQUIRED,3,0.2,2
46,GROCERY I,8731.297740935546,26193.89322280664,5238.778644561328,31432.671867367968,17462.595481871092,13970.076385496875,True,13970.0,REORDER REQUIRED,3,0.2,2
46,GROCERY II,49.75789806547413,149.27369419642238,29.85473883928448,179.12843303570685,99.51579613094826,79.61263690475859,True,80.0,REORDER REQUIRED,3,0.2,2
46,HARDWARE,4.146078506004646,12.43823551801394,2.487647103602788,14.925882621616728,8.292157012009293,6.633725609607435,True,7.0,REORDER REQUIRED,3,0.2,2
46,HOME AND KITCHEN I,51.057248085223215,153.17174425566964,30.63434885113393,183.80609310680356,102.11449617044643,81.69159693635713,True,82.0,REORDER REQUIRED,3,0.2,2
46,HOME AND KITCHEN II,28.796815136853812,86.39044541056144,17.278089082112288,103.66853449267373,57.593630273707625,46.074904218966104,True,46.0,REORDER REQUIRED,3,0.2,2
46,HOME APPLIANCES,0.6050653787324103,1.8151961361972309,0.3630392272394462,2.178235363436677,1.2101307574648206,0.9681046059718565,True,1.0,REORDER REQUIRED,3,0.2,2
46,HOME CARE,607.9344342324563,1823.803302697369,364.7606605394738,2188.563963236843,1215.8688684649126,972.6950947719304,True,973.0,REORDER REQUIRED,3,0.2,2
46,LADIESWEAR,39.5886275080112,118.7658825240336,23.75317650480672,142.51905902884033,79.1772550160224,63.34180401281793,True,63.0,REORDER REQUIRED,3,0.2,2
46,LAWN AND GARDEN,31.79628614354514,95.38885843063542,19.077771686127086,114.4666301167625,63.59257228709028,50.874057829672225,True,51.0,REORDER REQUIRED,3,0.2,2
46,LINGERIE,11.289816933508536,33.86945080052561,6.773890160105123,40.64334096063074,22.579633867017073,18.063707093613665,True,18.0,REORDER REQUIRED,3,0.2,2
46,"LIQUOR,WINE,BEER",132.8314297665308,398.49428929959237,79.69885785991848,478.19314715951083,265.6628595330616,212.53028762644925,True,213.0,REORDER REQUIRED,3,0.2,2
46,MAGAZINES,12.568092395105765,37.704277185317295,7.54085543706346,45.24513262238075,25.13618479021153,20.10894783216922,True,20.0,REORDER REQUIRED,3,0.2,2
46,MEATS,1064.951259330728,3194.8537779921835,638.9707555984368,3833.8245335906204,2129.902518661456,1703.9220149291646,True,1704.0,REORDER REQUIRED,3,0.2,2
46,PERSONAL CARE,725.8939044205257,2177.681713261577,435.5363426523154,2613.2180559138924,1451.7878088410514,1161.430247072841,True,1161.0,REORDER REQUIRED,3,0.2,2
46,PET SUPPLIES,25.597910272045453,76.79373081613636,15.358746163227273,92.15247697936363,51.19582054409091,40.95665643527272,True,41.0,REORDER REQUIRED,3,0.2,2
46,PLAYERS AND ELECTRONICS,46.846973325364374,140.5409199760931,28.108183995218624,168.64910397131172,93.69394665072875,74.95515732058297,True,75.0,REORDER REQUIRED,3,0.2,2
46,POULTRY,784.4252841420284,2353.2758524260853,470.65517048521707,2823.9310229113025,1568.8505682840569,1255.0804546272457,True,1255.0,REORDER REQUIRED,3,0.2,2
46,PREPARED FOODS,135.8431781036597,407.5295343109791,81.50590686219583,489.03544117317495,271.6863562073194,217.34908496585552,True,217.0,REORDER REQUIRED,3,0.2,2
46,PRODUCE,2906.6388601679328,8719.9165805038,1743.98331610076,10463.899896604558,5813.2777203358655,4650.622176268693,True,4651.0,REORDER REQUIRED,3,0.2,2
46,SCHOOL AND OFFICE SUPPLIES,307.9517428702622,923.8552286107865,184.7710457221573,1108.626274332944,615.9034857405244,492.72278859241953,True,493.0,REORDER REQUIRED,3,0.2,2
46,SEAFOOD,52.05599694271837,156.16799082815513,31.233598165631026,187.40158899378616,104.11199388543675,83.28959510834942,True,83.0,REORDER REQUIRED,3,0.2,2
47,AUTOMOTIVE,17.318532246308948,51.95559673892684,10.39111934778537,62.34671608671221,34.637064492617895,27.709651594094318,True,28.0,REORDER REQUIRED,3,0.2,2
47,BABY CARE,0.2675247128579568,0.8025741385738705,0.1605148277147741,0.9630889662886446,0.5350494257159136,0.42803954057273097,True,0.0,REORDER REQUIRED,3,0.2,2
47,BEAUTY,24.511226093915383,73.53367828174615,14.706735656349231,88.24041393809537,49.022452187830766,39.21796175026461,True,39.0,REORDER REQUIRED,3,0.2,2
47,BEVERAGES,8212.781265174466,24638.343795523397,4927.668759104679,29566.012554628076,16425.562530348932,13140.450024279144,True,13140.0,REORDER REQUIRED,3,0.2,2
47,BOOKS,0.2713299391086444,0.8139898173259332,0.16279796346518666,0.9767877807911198,0.5426598782172888,0.43412790257383105,True,0.0,REORDER REQUIRED,3,0.2,2
47,BREAD/BAKERY,1095.5771277511567,3286.73138325347,657.3462766506941,3944.077659904164,2191.1542555023134,1752.9234044018508,True,1753.0,REORDER REQUIRED,3,0.2,2
47,CELEBRATION,20.9038687527124,62.711606258137195,12.54232125162744,75.25392750976464,41.8077375054248,33.44619000433984,True,33.0,REORDER REQUIRED,3,0.2,2
47,CLEANING,2168.6326998617046,6505.898099585114,1301.179619917023,7807.077719502137,4337.265399723409,3469.812319778728,True,3470.0,REORDER REQUIRED,3,0.2,2
47,DAIRY,2030.6230804187571,6091.869241256271,1218.3738482512542,7310.243089507526,4061.2461608375143,3248.9969286700116,True,3249.0,REORDER REQUIRED,3,0.2,2
47,DELI,634.9035571942785,1904.7106715828354,380.9421343165671,2285.6528058994027,1269.807114388557,1015.8456915108457,True,1016.0,REORDER REQUIRED,3,0.2,2
47,EGGS,334.7771695007811,1004.3315085023432,200.86630170046865,1205.197810202812,669.5543390015622,535.6434712012498,True,536.0,REORDER REQUIRED,3,0.2,2
47,FROZEN FOODS,246.52352449914926,739.5705734974478,147.91411469948955,887.4846881969373,493.0470489982985,394.4376391986388,True,394.0,REORDER REQUIRED,3,0.2,2
47,GROCERY I,9893.377133663422,29680.131400990264,5936.026280198053,35616.15768118831,19786.754267326844,15829.40341386147,True,15829.0,REORDER REQUIRED,3,0.2,2
47,GROCERY II,52.73881067880455,158.21643203641364,31.64328640728273,189.85971844369635,105.4776213576091,84.38209708608726,True,84.0,REORDER REQUIRED,3,0.2,2
47,HARDWARE,1.7171335666154448,5.151400699846334,1.030280139969267,6.181680839815601,3.4342671332308896,2.7474137065847115,True,3.0,REORDER REQUIRED,3,0.2,2
47,HOME AND KITCHEN I,75.3164171116561,225.94925133496827,45.18985026699366,271.1391016019619,150.6328342233122,120.50626737864971,True,121.0,REORDER REQUIRED,3,0.2,2
47,HOME AND KITCHEN II,73.2465903099518,219.7397709298554,43.947954185971085,263.6877251158265,146.4931806199036,117.19454449592288,True,117.0,REORDER REQUIRED,3,0.2,2
47,HOME APPLIANCES,0.8663482431102881,2.5990447293308643,0.5198089458661729,3.118853675197037,1.7326964862205763,1.3861571889764608,True,1.0,REORDER REQUIRED,3,0.2,2
47,HOME CARE,594.502277208709,1783.5068316261268,356.70136632522537,2140.2081979513523,1189.004554417418,951.2036435339344,True,951.0,REORDER REQUIRED,3,0.2,2
47,LADIESWEAR,41.90350849286958,125.71052547860873,25.142105095721746,150.85263057433048,83.80701698573915,67.04561358859132,True,67.0,REORDER REQUIRED,3,0.2,2
47,LAWN AND GARDEN,34.87321873384026,104.61965620152078,20.923931240304157,125.54358744182494,69.74643746768052,55.79714997414442,True,56.0,REORDER REQUIRED,3,0.2,2
47,LINGERIE,60.8595181171862,182.57855435155858,36.515710870311715,219.0942652218703,121.7190362343724,97.3752289874979,True,97.0,REORDER REQUIRED,3,0.2,2
47,"LIQUOR,WINE,BEER",219.4772143360495,658.4316430081485,131.6863286016297,790.1179716097782,438.954428672099,351.1635429376792,True,351.0,REORDER REQUIRED,3,0.2,2
47,MAGAZINES,16.56791511684645,49.70374535053935,9.94074907010787,59.64449442064722,33.1358302336929,26.50866418695432,True,27.0,REORDER REQUIRED,3,0.2,2
47,MEATS,921.0929868905822,2763.2789606717465,552.6557921343493,3315.9347528060957,1842.1859737811644,1473.7487790249313,True,1474.0,REORDER REQUIRED,3,0.2,2
47,PERSONAL CARE,720.89297181335,2162.67891544005,432.53578308801,2595.2146985280597,1441.7859436267,1153.4287549013598,True,1153.0,REORDER REQUIRED,3,0.2,2
47,PET SUPPLIES,24.953423103192517,74.86026930957755,14.97205386191551,89.83232317149306,49.90684620638503,39.925476965108025,True,40.0,REORDER REQUIRED,3,0.2,2
47,PLAYERS AND ELECTRONICS,32.07916339942587,96.23749019827761,19.247498039655525,115.48498823793314,64.15832679885175,51.32666143908139,True,51.0,REORDER REQUIRED,3,0.2,2
47,POULTRY,1082.2509749077778,3246.7529247233333,649.3505849446667,3896.103509668,2164.5019498155557,1731.601559852444,True,1732.0,REORDER REQUIRED,3,0.2,2
47,PREPARED FOODS,224.18986264872524,672.5695879461757,134.51391758923515,807.0835055354108,448.3797252974505,358.70378023796036,True,359.0,REORDER REQUIRED,3,0.2,2
47,PRODUCE,5598.887159452852,16796.661478358554,3359.332295671711,20155.993774030263,11197.774318905704,8958.21945512456,True,8958.0,REORDER REQUIRED,3,0.2,2
47,SCHOOL AND OFFICE SUPPLIES,394.12074891145886,1182.3622467343766,236.47244934687535,1418.8346960812519,788.2414978229177,630.5931982583342,True,631.0,REORDER REQUIRED,3,0.2,2
47,SEAFOOD,72.85640479245839,218.56921437737518,43.71384287547504,262.2830572528502,145.71280958491678,116.57024766793342,True,117.0,REORDER REQUIRED,3,0.2,2
48,AUTOMOTIVE,13.791188897680874,41.37356669304262,8.274713338608525,49.64828003165114,27.582377795361747,22.065902236289393,True,22.0,REORDER REQUIRED,3,0.2,2
48,BABY CARE,0.2675247128579568,0.8025741385738705,0.1605148277147741,0.9630889662886446,0.5350494257159136,0.42803954057273097,True,0.0,REORDER REQUIRED,3,0.2,2
48,BEAUTY,25.40313611199735,76.20940833599205,15.241881667198411,91.45129000319046,50.8062722239947,40.64501777919576,True,41.0,REORDER REQUIRED,3,0.2,2
48,BEVERAGES,4536.817252289959,13610.451756869876,2722.0903513739754,16332.542108243852,9073.634504579917,7258.907603663934,True,7259.0,REORDER REQUIRED,3,0.2,2
48,BOOKS,0.2675247128579568,0.8025741385738705,0.1605148277147741,0.9630889662886446,0.5350494257159136,0.42803954057273097,True,0.0,REORDER REQUIRED,3,0.2,2
48,BREAD/BAKERY,793.8175286648659,2381.452585994598,476.2905171989196,2857.7431031935175,1587.6350573297318,1270.1080458637857,True,1270.0,REORDER REQUIRED,3,0.2,2
48,CELEBRATION,17.507908223872263,52.52372467161679,10.504744934323359,63.028469605940145,35.01581644774453,28.01265315819562,True,28.0,REORDER REQUIRED,3,0.2,2
48,CLEANING,1849.3614783936655,5548.0844351809965,1109.6168870361994,6657.701322217195,3698.722956787331,2958.9783654298644,True,2959.0,REORDER REQUIRED,3,0.2,2
48,DAIRY,1177.775725945142,3533.3271778354265,706.6654355670853,4239.992613402512,2355.551451890284,1884.4411615122276,True,1884.0,REORDER REQUIRED,3,0.2,2
48,DELI,618.893858771456,1856.6815763143682,371.33631526287365,2228.0178915772417,1237.787717542912,990.2301740343296,True,990.0,REORDER REQUIRED,3,0.2,2
48,EGGS,114.92248938923356,344.7674681677007,68.95349363354015,413.72096180124083,229.84497877846712,183.8759830227737,True,184.0,REORDER REQUIRED,3,0.2,2
48,FROZEN FOODS,195.15048902797997,585.4514670839399,117.09029341678797,702.5417605007278,390.30097805595994,312.2407824447679,True,312.0,REORDER REQUIRED,3,0.2,2
48,GROCERY I,7629.367340371151,22888.102021113453,4577.620404222691,27465.722425336142,15258.734680742302,12206.98774459384,True,12207.0,REORDER REQUIRED,3,0.2,2
48,GROCERY II,48.102782478957906,144.3083474368737,28.86166948737474,173.17001692424844,96.20556495791581,76.96445196633263,True,77.0,REORDER REQUIRED,3,0.2,2
48,HARDWARE,0.47712097714861157,1.4313629314458347,0.28627258628916696,1.7176355177350016,0.9542419542972231,0.7633935634377784,True,1.0,REORDER REQUIRED,3,0.2,2
48,HOME AND KITCHEN I,36.24556200159987,108.73668600479962,21.747337200959926,130.48402320575954,72.49112400319974,57.9928992025598,True,58.0,REORDER REQUIRED,3,0.2,2
48,HOME AND KITCHEN II,40.08002036434381,120.24006109303143,24.04801221860629,144.28807331163773,80.16004072868762,64.12803258295011,True,64.0,REORDER REQUIRED,3,0.2,2
48,HOME APPLIANCES,0.33044670290678185,0.9913401087203455,0.1982680217440691,1.1896081304644146,0.6608934058135637,0.5287147246508509,True,1.0,REORDER REQUIRED,3,0.2,2
48,HOME CARE,538.6818761253845,1616.0456283761537,323.2091256752308,1939.2547540513845,1077.363752250769,861.8910018006154,True,862.0,REORDER REQUIRED,3,0.2,2
48,LADIESWEAR,38.1220571401726,114.3661714205178,22.87323428410356,137.23940570462136,76.2441142803452,60.99529142427616,True,61.0,REORDER REQUIRED,3,0.2,2
48,LAWN AND GARDEN,52.640464530649574,157.9213935919487,31.584278718389744,189.50567231033847,105.28092906129915,84.22474324903932,True,84.0,REORDER REQUIRED,3,0.2,2
48,LINGERIE,105.686086294973,317.058258884919,63.4116517769838,380.46991066190276,211.372172589946,169.09773807195677,True,169.0,REORDER REQUIRED,3,0.2,2
48,"LIQUOR,WINE,BEER",125.46123381708917,376.3837014512675,75.2767402902535,451.66044174152097,250.92246763417833,200.73797410734264,True,201.0,REORDER REQUIRED,3,0.2,2
48,MAGAZINES,7.256678612552704,21.77003583765811,4.3540071675316225,26.124043005189733,14.513357225105407,11.610685780084326,True,12.0,REORDER REQUIRED,3,0.2,2
48,MEATS,910.9355380655132,2732.8066141965396,546.561322839308,3279.3679370358477,1821.8710761310265,1457.4968609048212,True,1457.0,REORDER REQUIRED,3,0.2,2
48,PERSONAL CARE,756.7042242243988,2270.1126726731964,454.0225345346393,2724.1352072078357,1513.4084484487976,1210.7267587590381,True,1211.0,REORDER REQUIRED,3,0.2,2
48,PET SUPPLIES,20.66697446862665,62.000923405879945,12.40018468117599,74.40110808705593,41.3339489372533,33.067159149802634,True,33.0,REORDER REQUIRED,3,0.2,2
48,PLAYERS AND ELECTRONICS,26.604339071357316,79.81301721407195,15.962603442814391,95.77562065688633,53.20867814271463,42.5669425141717,True,43.0,REORDER REQUIRED,3,0.2,2
48,POULTRY,854.8176794137613,2564.453038241284,512.8906076482568,3077.3436458895408,1709.6353588275226,1367.7082870620181,True,1368.0,REORDER REQUIRED,3,0.2,2
48,PREPARED FOODS,95.49362592946306,286.4808777883892,57.29617555767784,343.777053346067,190.98725185892613,152.7898014871409,True,153.0,REORDER REQUIRED,3,0.2,2
48,PRODUCE,1997.0114940755434,5991.034482226631,1198.2068964453263,7189.241378671957,3994.022988151087,3195.2183905208703,True,3195.0,REORDER REQUIRED,3,0.2,2
48,SCHOOL AND OFFICE SUPPLIES,348.8904166759108,1046.6712500277324,209.3342500055465,1256.0055000332788,697.7808333518216,558.2246666814573,True,558.0,REORDER REQUIRED,3,0.2,2
48,SEAFOOD,26.60553735704859,79.81661207114577,15.963322414229154,95.77993448537492,53.21107471409718,42.568859771277744,True,43.0,REORDER REQUIRED,3,0.2,2
49,AUTOMOTIVE,11.761413229655737,35.28423968896721,7.056847937793442,42.341087626760654,23.522826459311474,18.81826116744918,True,19.0,REORDER REQUIRED,3,0.2,2
49,BABY CARE,0.2675247128579568,0.8025741385738705,0.1605148277147741,0.9630889662886446,0.5350494257159136,0.42803954057273097,True,0.0,REORDER REQUIRED,3,0.2,2
49,BEAUTY,14.766243150467341,44.298729451402025,8.859745890280406,53.15847534168243,29.532486300934682,23.62598904074775,True,24.0,REORDER REQUIRED,3,0.2,2
49,BEVERAGES,6391.859838955444,19175.57951686633,3835.1159033732665,23010.695420239597,12783.719677910887,10226.97574232871,True,10227.0,REORDER REQUIRED,3,0.2,2
49,BOOKS,0.2675247128579568,0.8025741385738705,0.1605148277147741,0.9630889662886446,0.5350494257159136,0.42803954057273097,True,0.0,REORDER REQUIRED,3,0.2,2
49,BREAD/BAKERY,1108.6608904451948,3325.982671335584,665.1965342671169,3991.179205602701,2217.3217808903896,1773.8574247123115,True,1774.0,REORDER REQUIRED,3,0.2,2
49,CELEBRATION,24.20065725368431,72.60197176105292,14.520394352210586,87.12236611326351,48.40131450736862,38.72105160589489,True,39.0,REORDER REQUIRED,3,0.2,2
49,CLEANING,1715.753650900023,5147.2609527000695,1029.452190540014,6176.713143240084,3431.507301800046,2745.2058414400376,True,2745.0,REORDER REQUIRED,3,0.2,2
49,DAIRY,2036.3149434298764,6108.944830289629,1221.7889660579258,7330.733796347555,4072.629886859753,3258.103909487802,True,3258.0,REORDER REQUIRED,3,0.2,2
49,DELI,421.5115046367017,1264.534513910105,252.906902782021,1517.441416692126,843.0230092734034,674.4184074187226,True,674.0,REORDER REQUIRED,3,0.2,2
49,EGGS,441.46886364114926,1324.4065909234478,264.8813181846896,1589.2879091081372,882.9377272822985,706.3501818258387,True,706.0,REORDER REQUIRED,3,0.2,2
49,FROZEN FOODS,315.9748496153438,947.9245488460315,189.58490976920632,1137.5094586152377,631.9496992306877,505.55975938455003,True,506.0,REORDER REQUIRED,3,0.2,2
49,GROCERY I,7390.1175634711535,22170.35269041346,4434.070538082692,26604.42322849615,14780.235126942307,11824.188101553844,True,11824.0,REORDER REQUIRED,3,0.2,2
49,GROCERY II,73.83373766942675,221.50121300828027,44.30024260165606,265.80145560993634,147.6674753388535,118.13398027108283,True,118.0,REORDER REQUIRED,3,0.2,2
49,HARDWARE,1.6904018235119491,5.071205470535848,1.0142410941071696,6.085446564643017,3.3808036470238982,2.7046429176191187,True,3.0,REORDER REQUIRED,3,0.2,2
49,HOME AND KITCHEN I,55.13114238077902,165.39342714233706,33.078685428467416,198.47211257080448,110.26228476155804,88.20982780924645,True,88.0,REORDER REQUIRED,3,0.2,2
49,HOME AND KITCHEN II,57.07513099903871,171.22539299711613,34.24507859942323,205.47047159653937,114.15026199807743,91.32020959846194,True,91.0,REORDER REQUIRED,3,0.2,2
49,HOME APPLIANCES,0.5120781975749037,1.536234592724711,0.30724691854494224,1.8434815112696532,1.0241563951498074,0.8193251161198458,True,1.0,REORDER REQUIRED,3,0.2,2
49,HOME CARE,449.5147802211909,1348.5443406635727,269.70886813271454,1618.2532087962873,899.0295604423818,719.2236483539054,True,719.0,REORDER REQUIRED,3,0.2,2
49,LADIESWEAR,18.360397613090946,55.08119283927284,11.016238567854568,66.0974314071274,36.72079522618189,29.37663618094551,True,29.0,REORDER REQUIRED,3,0.2,2
49,LAWN AND GARDEN,34.20282577246683,102.60847731740049,20.5216954634801,123.13017278088059,68.40565154493366,54.72452123594692,True,55.0,REORDER REQUIRED,3,0.2,2
49,LINGERIE,11.255100385150577,33.76530115545173,6.7530602310903465,40.518361386542075,22.510200770301154,18.00816061624092,True,18.0,REORDER REQUIRED,3,0.2,2
49,"LIQUOR,WINE,BEER",259.5485687573694,778.6457062721083,155.72914125442168,934.37484752653,519.0971375147388,415.2777100117911,True,415.0,REORDER REQUIRED,3,0.2,2
49,MAGAZINES,19.86414343253527,59.5924302976058,11.918486059521161,71.51091635712696,39.72828686507054,31.782629492056422,True,32.0,REORDER REQUIRED,3,0.2,2
49,MEATS,815.123007226518,2445.369021679554,489.07380433591084,2934.4428260154646,1630.246014453036,1304.1968115624286,True,1304.0,REORDER REQUIRED,3,0.2,2
49,PERSONAL CARE,508.07827059333835,1524.234811780015,304.846962356003,1829.0817741360179,1016.1565411866767,812.9252329493412,True,813.0,REORDER REQUIRED,3,0.2,2
49,PET SUPPLIES,20.380004426775894,61.14001328032768,12.228002656065536,73.36801593639322,40.76000885355179,32.60800708284143,True,33.0,REORDER REQUIRED,3,0.2,2
49,PLAYERS AND ELECTRONICS,33.17463012524368,99.52389037573104,19.90477807514621,119.42866845087725,66.34926025048736,53.07940820038989,True,53.0,REORDER REQUIRED,3,0.2,2
49,POULTRY,962.264685490586,2886.794056471758,577.3588112943515,3464.1528677661095,1924.529370981172,1539.6234967849375,True,1540.0,REORDER REQUIRED,3,0.2,2
49,PREPARED FOODS,212.04078512684788,636.1223553805437,127.22447107610874,763.3468264566525,424.08157025369576,339.2652562029567,True,339.0,REORDER REQUIRED,3,0.2,2
49,PRODUCE,7094.081175715643,21282.24352714693,4256.448705429386,25538.692232576315,14188.162351431287,11350.529881145028,True,11351.0,REORDER REQUIRED,3,0.2,2
49,SCHOOL AND OFFICE SUPPLIES,235.9700554894086,707.9101664682257,141.58203329364514,849.4921997618709,471.9401109788172,377.5520887830537,True,378.0,REORDER REQUIRED,3,0.2,2
49,SEAFOOD,79.45703677713239,238.37111033139718,47.67422206627944,286.0453323976766,158.91407355426477,127.13125884341181,True,127.0,REORDER REQUIRED,3,0.2,2
50,AUTOMOTIVE,11.271515139591056,33.814545418773164,6.762909083754633,40.5774545025278,22.543030279182112,18.034424223345688,True,18.0,REORDER REQUIRED,3,0.2,2
50,BABY CARE,0.2675247128579568,0.8025741385738705,0.1605148277147741,0.9630889662886446,0.5350494257159136,0.42803954057273097,True,0.0,REORDER REQUIRED,3,0.2,2
50,BEAUTY,15.957994370111702,47.873983110335104,9.574796622067021,57.44877973240212,31.915988740223405,25.532790992178718,True,26.0,REORDER REQUIRED,3,0.2,2
50,BEVERAGES,4285.970815742631,12857.912447227893,2571.5824894455786,15429.49493667347,8571.941631485262,6857.5533051882085,True,6858.0,REORDER REQUIRED,3,0.2,2
50,BOOKS,0.2713299391086444,0.8139898173259332,0.16279796346518666,0.9767877807911198,0.5426598782172888,0.43412790257383105,True,0.0,REORDER REQUIRED,3,0.2,2
50,BREAD/BAKERY,555.4129675044178,1666.2389025132534,333.2477805026507,1999.486683015904,1110.8259350088356,888.6607480070684,True,889.0,REORDER REQUIRED,3,0.2,2
50,CELEBRATION,33.843036758983125,101.52911027694938,20.30582205538988,121.83493233233926,67.68607351796625,54.148858814373014,True,54.0,REORDER REQUIRED,3,0.2,2
50,CLEANING,1590.9059190044688,4772.717757013406,954.5435514026813,5727.261308416088,3181.8118380089377,2545.44947040715,True,2545.0,REORDER REQUIRED,3,0.2,2
50,DAIRY,1077.2708676003085,3231.8126028009256,646.3625205601852,3878.1751233611108,2154.541735200617,1723.6333881604937,True,1724.0,REORDER REQUIRED,3,0.2,2
50,DELI,457.74436262225714,1373.2330878667715,274.6466175733543,1647.8797054401257,915.4887252445143,732.3909801956114,True,732.0,REORDER REQUIRED,3,0.2,2
50,EGGS,108.83068390168373,326.49205170505115,65.29841034101024,391.7904620460614,217.66136780336745,174.12909424269395,True,174.0,REORDER REQUIRED,3,0.2,2
50,FROZEN FOODS,154.18370581431918,462.55111744295755,92.51022348859152,555.061340931549,308.36741162863837,246.69392930291065,True,247.0,REORDER REQUIRED,3,0.2,2
50,GROCERY I,6464.087730126335,19392.263190379006,3878.4526380758016,23270.715828454806,12928.17546025267,10342.540368202135,True,10343.0,REORDER REQUIRED,3,0.2,2
50,GROCERY II,81.4809448169216,244.44283445076482,48.888566890152966,293.3314013409178,162.9618896338432,130.3695117070746,True,130.0,REORDER REQUIRED,3,0.2,2
50,HARDWARE,1.736449344802554,5.209348034407662,1.0418696068815325,6.251217641289195,3.472898689605108,2.7783189516840867,True,3.0,REORDER REQUIRED,3,0.2,2
50,HOME AND KITCHEN I,60.9139379361124,182.74181380833718,36.54836276166744,219.29017657000463,121.8278758722248,97.46230069777984,True,97.0,REORDER REQUIRED,3,0.2,2
50,HOME AND KITCHEN II,35.90155049963393,107.70465149890178,21.540930299780356,129.24558179868214,71.80310099926785,57.442480799414284,True,57.0,REORDER REQUIRED,3,0.2,2
50,HOME APPLIANCES,0.3134654053911711,0.9403962161735133,0.18807924323470268,1.128475459408216,0.6269308107823423,0.5015446486258738,True,1.0,REORDER REQUIRED,3,0.2,2
50,HOME CARE,368.85407744240007,1106.5622323272003,221.31244646544008,1327.8746787926402,737.7081548848001,590.1665239078401,True,590.0,REORDER REQUIRED,3,0.2,2
50,LADIESWEAR,17.118825166679155,51.35647550003746,10.271295100007492,61.627770600044954,34.23765033335831,27.390120266686644,True,27.0,REORDER REQUIRED,3,0.2,2
50,LAWN AND GARDEN,125.23424643459795,375.70273930379386,75.14054786075877,450.84328716455263,250.4684928691959,200.37479429535674,True,200.0,REORDER REQUIRED,3,0.2,2
50,LINGERIE,5.661885174947295,16.985655524841885,3.397131104968377,20.382786629810262,11.32377034989459,9.059016279915673,True,9.0,REORDER REQUIRED,3,0.2,2
50,"LIQUOR,WINE,BEER",136.18732039972565,408.56196119917695,81.7123922398354,490.2743534390123,272.3746407994513,217.89971263956102,True,218.0,REORDER REQUIRED,3,0.2,2
50,MAGAZINES,10.77766642579083,32.332999277372494,6.466599855474499,38.79959913284699,21.55533285158166,17.244266281265332,True,17.0,REORDER REQUIRED,3,0.2,2
50,MEATS,573.8157330006568,1721.4471990019704,344.2894398003941,2065.7366388023647,1147.6314660013136,918.1051728010511,True,918.0,REORDER REQUIRED,3,0.2,2
50,PERSONAL CARE,532.0730779396401,1596.2192338189204,319.2438467637841,1915.4630805827046,1064.1461558792803,851.3169247034243,True,851.0,REORDER REQUIRED,3,0.2,2
50,PET SUPPLIES,13.936357127506568,41.809071382519704,8.36181427650394,50.17088565902365,27.872714255013136,22.29817140401051,True,22.0,REORDER REQUIRED,3,0.2,2
50,PLAYERS AND ELECTRONICS,25.60298800612979,76.80896401838937,15.361792803677876,92.17075682206725,51.20597601225958,40.964780809807664,True,41.0,REORDER REQUIRED,3,0.2,2
50,POULTRY,401.68822865063555,1205.0646859519065,241.0129371903813,1446.0776231422878,803.3764573012711,642.7011658410167,True,643.0,REORDER REQUIRED,3,0.2,2
50,PREPARED FOODS,83.20603386730821,249.61810160192462,49.92362032038493,299.54172192230953,166.41206773461641,133.12965418769312,True,133.0,REORDER REQUIRED,3,0.2,2
50,PRODUCE,2234.234835003808,6702.704505011423,1340.5409010022847,8043.245406013708,4468.469670007616,3574.7757360060923,True,3575.0,REORDER REQUIRED,3,0.2,2
50,SCHOOL AND OFFICE SUPPLIES,334.98399568401106,1004.9519870520332,200.99039741040667,1205.9423844624398,669.9679913680221,535.9743930944177,True,536.0,REORDER REQUIRED,3,0.2,2
50,SEAFOOD,20.698151606151995,62.094454818455986,12.418890963691197,74.51334578214718,41.39630321230399,33.11704256984319,True,33.0,REORDER REQUIRED,3,0.2,2
51,AUTOMOTIVE,7.931652930026841,23.79495879008052,4.758991758016104,28.553950548096626,15.863305860053682,12.690644688042944,True,13.0,REORDER REQUIRED,3,0.2,2
51,BABY CARE,0.2675247128579568,0.8025741385738705,0.1605148277147741,0.9630889662886446,0.5350494257159136,0.42803954057273097,True,0.0,REORDER REQUIRED,3,0.2,2
51,BEAUTY,6.853390863621728,20.560172590865186,4.112034518173037,24.672207109038222,13.706781727243456,10.965425381794766,True,11.0,REORDER REQUIRED,3,0.2,2
51,BEVERAGES,4427.636097805523,13282.908293416567,2656.5816586833134,15939.48995209988,8855.272195611045,7084.217756488835,True,7084.0,REORDER REQUIRED,3,0.2,2
51,BOOKS,0.2675247128579568,0.8025741385738705,0.1605148277147741,0.9630889662886446,0.5350494257159136,0.42803954057273097,True,0.0,REORDER REQUIRED,3,0.2,2
51,BREAD/BAKERY,855.623898493092,2566.8716954792762,513.3743390958552,3080.2460345751315,1711.247796986184,1368.9982375889474,True,1369.0,REORDER REQUIRED,3,0.2,2
51,CELEBRATION,10.199483202767178,30.598449608301536,6.119689921660307,36.718139529961846,20.398966405534356,16.31917312442749,True,16.0,REORDER REQUIRED,3,0.2,2
51,CLEANING,1364.5836091659228,4093.750827497768,818.7501654995536,4912.500992997322,2729.1672183318456,2183.3337746654765,True,2183.0,REORDER REQUIRED,3,0.2,2
51,DAIRY,1572.7332357192581,4718.199707157774,943.6399414315549,5661.839648589329,3145.4664714385162,2516.373177150813,True,2516.0,REORDER REQUIRED,3,0.2,2
51,DELI,250.00977188360662,750.0293156508199,150.005863130164,900.0351787809839,500.01954376721324,400.01563501377063,True,400.0,REORDER REQUIRED,3,0.2,2
51,EGGS,340.6638474363979,1021.9915423091936,204.39830846183872,1226.3898507710323,681.3276948727957,545.0621558982366,True,545.0,REORDER REQUIRED,3,0.2,2
51,FROZEN FOODS,257.44228743473354,772.3268623042006,154.46537246084014,926.7922347650408,514.8845748694671,411.9076598955737,True,412.0,REORDER REQUIRED,3,0.2,2
51,GROCERY I,4951.511923135399,14854.535769406197,2970.9071538812395,17825.442923287435,9903.023846270798,7922.419077016637,True,7922.0,REORDER REQUIRED,3,0.2,2
51,GROCERY II,50.75184364436665,152.25553093309995,30.45110618661999,182.70663711971994,101.5036872887333,81.20294983098664,True,81.0,REORDER REQUIRED,3,0.2,2
51,HARDWARE,2.269337771055726,6.808013313167178,1.3616026626334357,8.169615975800614,4.538675542111452,3.6309404336891618,True,4.0,REORDER REQUIRED,3,0.2,2
51,HOME AND KITCHEN I,38.58657610788511,115.75972832365532,23.151945664731066,138.91167398838638,77.17315221577022,61.73852177261617,True,62.0,REORDER REQUIRED,3,0.2,2
51,HOME AND KITCHEN II,44.38621438757602,133.15864316272805,26.631728632545613,159.79037179527367,88.77242877515204,71.01794302012163,True,71.0,REORDER REQUIRED,3,0.2,2
51,HOME APPLIANCES,0.3444905224502783,1.0334715673508348,0.20669431347016698,1.2401658808210017,0.6889810449005566,0.5511848359204451,True,1.0,REORDER REQUIRED,3,0.2,2
51,HOME CARE,304.5215233358805,913.5645700076415,182.7129140015283,1096.2774840091697,609.043046671761,487.23443733740874,True,487.0,REORDER REQUIRED,3,0.2,2
51,LADIESWEAR,3.5162318087306628,10.548695426191989,2.109739085238398,12.658434511430386,7.0324636174613255,5.62597089396906,True,6.0,REORDER REQUIRED,3,0.2,2
51,LAWN AND GARDEN,53.45364864249513,160.3609459274854,32.07218918549708,192.43313511298248,106.90729728499026,85.52583782799222,True,86.0,REORDER REQUIRED,3,0.2,2
51,LINGERIE,6.1642982009740575,18.49289460292217,3.6985789205844344,22.191473523506605,12.328596401948115,9.86287712155849,True,10.0,REORDER REQUIRED,3,0.2,2
51,"LIQUOR,WINE,BEER",179.11005816877918,537.3301745063375,107.4660349012675,644.7962094076049,358.22011633755835,286.57609307004657,True,287.0,REORDER REQUIRED,3,0.2,2
51,MAGAZINES,11.600152293348064,34.800456880044194,6.960091376008839,41.760548256053035,23.200304586696127,18.560243669356908,True,19.0,REORDER REQUIRED,3,0.2,2
51,MEATS,647.7801885608397,1943.3405656825194,388.6681131365039,2332.0086788190233,1295.5603771216795,1036.4483016973438,True,1036.0,REORDER REQUIRED,3,0.2,2
51,PERSONAL CARE,294.74324993458623,884.2297498037588,176.84594996075177,1061.0756997645105,589.4864998691725,471.5891998953381,True,472.0,REORDER REQUIRED,3,0.2,2
51,PET SUPPLIES,21.688722977869404,65.06616893360821,13.013233786721642,78.07940272032985,43.37744595573881,34.701956764591046,True,35.0,REORDER REQUIRED,3,0.2,2
51,PLAYERS AND ELECTRONICS,10.932672835393152,32.79801850617946,6.5596037012358925,39.35762220741535,21.865345670786304,17.49227653662905,True,17.0,REORDER REQUIRED,3,0.2,2
51,POULTRY,864.5765495106052,2593.7296485318157,518.7459297063632,3112.475578238179,1729.1530990212104,1383.3224792169685,True,1383.0,REORDER REQUIRED,3,0.2,2
51,PREPARED FOODS,126.72048781338509,380.1614634401553,76.03229268803106,456.19375612818635,253.44097562677018,202.75278050141617,True,203.0,REORDER REQUIRED,3,0.2,2
51,PRODUCE,5536.020506183862,16608.061518551585,3321.612303710317,19929.673822261902,11072.041012367725,8857.632809894178,True,8858.0,REORDER REQUIRED,3,0.2,2
51,SCHOOL AND OFFICE SUPPLIES,943.5600400025443,2830.680120007633,566.1360240015266,3396.8161440091594,1887.1200800050885,1509.6960640040709,True,1510.0,REORDER REQUIRED,3,0.2,2
51,SEAFOOD,51.07306328780064,153.21918986340194,30.643837972680387,183.86302783608232,102.14612657560129,81.71690126048104,True,82.0,REORDER REQUIRED,3,0.2,2
52,AUTOMOTIVE,11.656873746116355,34.97062123834907,6.994124247669814,41.964745486018884,23.31374749223271,18.650997993786174,True,19.0,REORDER REQUIRED,3,0.2,2
52,BABY CARE,1.576877004234676,4.730631012704028,0.9461262025408056,5.676757215244834,3.153754008469352,2.5230032067754817,True,3.0,REORDER REQUIRED,3,0.2,2
52,BEAUTY,9.026771661086372,27.080314983259115,5.4160629966518234,32.49637797991094,18.053543322172743,14.442834657738196,True,14.0,REORDER REQUIRED,3,0.2,2
52,BEVERAGES,4417.945286725914,13253.835860177744,2650.767172035549,15904.603032213292,8835.890573451828,7068.7124587614635,True,7069.0,REORDER REQUIRED,3,0.2,2
52,BOOKS,1.576877004234676,4.730631012704028,0.9461262025408056,5.676757215244834,3.153754008469352,2.5230032067754817,True,3.0,REORDER REQUIRED,3,0.2,2
52,BREAD/BAKERY,849.6590382511766,2548.97711475353,509.795422950706,3058.7725377042357,1699.3180765023533,1359.4544612018824,True,1359.0,REORDER REQUIRED,3,0.2,2
52,CELEBRATION,13.286873974896736,39.86062192469021,7.972124384938041,47.83274630962825,26.57374794979347,21.258998359834777,True,21.0,REORDER REQUIRED,3,0.2,2
52,CLEANING,1577.776039807591,4733.328119422773,946.6656238845546,5679.993743307327,3155.552079615182,2524.4416636921455,True,2524.0,REORDER REQUIRED,3,0.2,2
52,DAIRY,1145.4538665832115,3436.3615997496345,687.2723199499269,4123.633919699561,2290.907733166423,1832.7261865331384,True,1833.0,REORDER REQUIRED,3,0.2,2
52,DELI,354.1772638523848,1062.5317915571543,212.50635831143086,1275.0381498685852,708.3545277047696,566.6836221638156,True,567.0,REORDER REQUIRED,3,0.2,2
52,EGGS,223.37384952829234,670.121548584877,134.0243097169754,804.1458583018524,446.7476990565847,357.3981592452677,True,357.0,REORDER REQUIRED,3,0.2,2
52,FROZEN FOODS,331.6339260923407,994.901778277022,198.98035565540442,1193.8821339324263,663.2678521846814,530.6142817477449,True,531.0,REORDER REQUIRED,3,0.2,2
52,GROCERY I,6244.666432934458,18733.999298803374,3746.7998597606747,22480.79915856405,12489.332865868915,9991.466292695133,True,9991.0,REORDER REQUIRED,3,0.2,2
52,GROCERY II,45.66039317599458,136.98117952798373,27.396235905596747,164.37741543358047,91.32078635198916,73.05662908159131,True,73.0,REORDER REQUIRED,3,0.2,2
52,HARDWARE,3.547116588980566,10.641349766941698,2.12826995338834,12.769619720330038,7.094233177961132,5.675386542368906,True,6.0,REORDER REQUIRED,3,0.2,2
52,HOME AND KITCHEN I,57.30293549494098,171.90880648482295,34.38176129696459,206.29056778178753,114.60587098988196,91.68469679190557,True,92.0,REORDER REQUIRED,3,0.2,2
52,HOME AND KITCHEN II,51.96236635579269,155.88709906737807,31.177419813475616,187.06451888085368,103.92473271158538,83.1397861692683,True,83.0,REORDER REQUIRED,3,0.2,2
52,HOME APPLIANCES,0.8112568932718301,2.4337706798154906,0.48675413596309813,2.9205248157785886,1.6225137865436603,1.2980110292349283,True,1.0,REORDER REQUIRED,3,0.2,2
52,HOME CARE,347.4702649451185,1042.4107948353555,208.48215896707111,1250.8929538024267,694.940529890237,555.9524239121897,True,556.0,REORDER REQUIRED,3,0.2,2
52,LADIESWEAR,9.627674814877114,28.883024444631342,5.776604888926268,34.65962933355761,19.255349629754228,15.404279703803383,True,15.0,REORDER REQUIRED,3,0.2,2
52,LAWN AND GARDEN,59.73624954773903,179.2087486432171,35.84174972864342,215.0504983718605,119.47249909547806,95.57799927638244,True,96.0,REORDER REQUIRED,3,0.2,2
52,LINGERIE,10.471459945891992,31.414379837675973,6.282875967535195,37.69725580521117,20.942919891783983,16.754335913427187,True,17.0,REORDER REQUIRED,3,0.2,2
52,"LIQUOR,WINE,BEER",255.15917373109207,765.4775211932762,153.09550423865525,918.5730254319315,510.31834746218414,408.2546779697473,True,408.0,REORDER REQUIRED,3,0.2,2
52,MAGAZINES,11.436158867985329,34.30847660395599,6.861695320791198,41.17017192474719,22.872317735970658,18.29785418877653,True,18.0,REORDER REQUIRED,3,0.2,2
52,MEATS,505.6293898644207,1516.888169593262,303.3776339186524,1820.2658035119146,1011.2587797288414,809.0070237830731,True,809.0,REORDER REQUIRED,3,0.2,2
52,PERSONAL CARE,345.59997745071837,1036.799932352155,207.35998647043104,1244.1599188225862,691.1999549014367,552.9599639211494,True,553.0,REORDER REQUIRED,3,0.2,2
52,PET SUPPLIES,15.637523082805378,46.91256924841613,9.382513849683226,56.29508309809936,31.275046165610757,25.020036932488605,True,25.0,REORDER REQUIRED,3,0.2,2
52,PLAYERS AND ELECTRONICS,27.529487821251518,82.58846346375455,16.51769269275091,99.10615615650546,55.058975642503036,44.04718051400243,True,44.0,REORDER REQUIRED,3,0.2,2
52,POULTRY,489.5858573024565,1468.7575719073693,293.7515143814739,1762.5090862888433,979.171714604913,783.3373716839303,True,783.0,REORDER REQUIRED,3,0.2,2
52,PREPARED FOODS,130.5025681006734,391.50770430202016,78.30154086040403,469.8092451624242,261.0051362013468,208.80410896107742,True,209.0,REORDER REQUIRED,3,0.2,2
52,PRODUCE,5211.649712577053,15634.949137731159,3126.989827546232,18761.93896527739,10423.299425154106,8338.639540123284,True,8339.0,REORDER REQUIRED,3,0.2,2
52,SCHOOL AND OFFICE SUPPLIES,334.00505730054954,1002.0151719016486,200.40303438032973,1202.4182062819784,668.0101146010991,534.4080916808794,True,534.0,REORDER REQUIRED,3,0.2,2
52,SEAFOOD,9.589307118619095,28.767921355857283,5.753584271171457,34.52150562702874,19.17861423723819,15.342891389790548,True,15.0,REORDER REQUIRED,3,0.2,2
53,AUTOMOTIVE,9.282307270948879,27.846921812846638,5.569384362569328,33.41630617541597,18.564614541897758,14.851691633518211,True,15.0,REORDER REQUIRED,3,0.2,2
53,BABY CARE,1.4422689893601404,4.326806968080421,0.8653613936160842,5.192168361696504,2.8845379787202807,2.3076303829762237,True,2.0,REORDER REQUIRED,3,0.2,2
53,BEAUTY,4.068929146308354,12.206787438925062,2.4413574877850124,14.648144926710074,8.137858292616707,6.510286634093367,True,7.0,REORDER REQUIRED,3,0.2,2
53,BEVERAGES,2151.9229089760365,6455.76872692811,1291.153745385622,7746.922472313731,4303.845817952073,3443.0766543616583,True,3443.0,REORDER REQUIRED,3,0.2,2
53,BOOKS,1.442100244079927,4.3263007322397815,0.8652601464479563,5.191560878687738,2.884200488159854,2.3073603905278834,True,2.0,REORDER REQUIRED,3,0.2,2
53,BREAD/BAKERY,460.4352229076184,1381.3056687228552,276.26113374457105,1657.5668024674262,920.8704458152368,736.6963566521894,True,737.0,REORDER REQUIRED,3,0.2,2
53,CELEBRATION,8.316217928820247,24.948653786460742,4.989730757292149,29.93838454375289,16.632435857640495,13.305948686112394,True,13.0,REORDER REQUIRED,3,0.2,2
53,CLEANING,900.8944369496905,2702.683310849072,540.5366621698143,3243.2199730188863,1801.788873899381,1441.4310991195052,True,1441.0,REORDER REQUIRED,3,0.2,2
53,DAIRY,505.8466433318174,1517.5399299954522,303.50798599909047,1821.0479159945426,1011.6932866636348,809.3546293309078,True,809.0,REORDER REQUIRED,3,0.2,2
53,DELI,222.67594691871042,668.0278407561312,133.60556815122627,801.6334089073575,445.35189383742085,356.2815150699367,True,356.0,REORDER REQUIRED,3,0.2,2
53,EGGS,92.18966531415734,276.56899594247204,55.313799188494414,331.88279513096643,184.37933062831468,147.50346450265175,True,148.0,REORDER REQUIRED,3,0.2,2
53,FROZEN FOODS,130.06836204474277,390.2050861342283,78.04101722684567,468.24610336107395,260.13672408948554,208.1093792715884,True,208.0,REORDER REQUIRED,3,0.2,2
53,GROCERY I,3011.239572455259,9033.718717365777,1806.7437434731555,10840.462460838931,6022.479144910518,4817.9833159284135,True,4818.0,REORDER REQUIRED,3,0.2,2
53,GROCERY II,16.87040106393926,50.61120319181778,10.122240638363557,60.733443830181336,33.74080212787852,26.99264170230282,True,27.0,REORDER REQUIRED,3,0.2,2
53,HARDWARE,1.6068934137936766,4.82068024138103,0.964136048276206,5.784816289657236,3.213786827587353,2.571029462069883,True,3.0,REORDER REQUIRED,3,0.2,2
53,HOME AND KITCHEN I,32.687086542586236,98.06125962775872,19.612251925551746,117.67351155331046,65.37417308517247,52.29933846813799,True,52.0,REORDER REQUIRED,3,0.2,2
53,HOME AND KITCHEN II,23.816853870691357,71.45056161207407,14.290112322414814,85.74067393448888,47.633707741382715,38.10696619310617,True,38.0,REORDER REQUIRED,3,0.2,2
53,HOME APPLIANCES,1.0342018199344065,3.1026054598032196,0.620521091960644,3.7231265517638636,2.068403639868813,1.6547229118950506,True,2.0,REORDER REQUIRED,3,0.2,2
53,HOME CARE,195.39348203553803,586.1804461066141,117.23608922132283,703.4165353279369,390.78696407107606,312.62957125686086,True,313.0,REORDER REQUIRED,3,0.2,2
53,LADIESWEAR,9.504946454388497,28.514839363165493,5.702967872633099,34.21780723579859,19.009892908776994,15.207914327021594,True,15.0,REORDER REQUIRED,3,0.2,2
53,LAWN AND GARDEN,52.34339784192397,157.0301935257719,31.40603870515438,188.43623223092627,104.68679568384793,83.74943654707833,True,84.0,REORDER REQUIRED,3,0.2,2
53,LINGERIE,8.242342409624538,24.727027228873613,4.945405445774723,29.672432674648334,16.484684819249075,13.187747855399259,True,13.0,REORDER REQUIRED,3,0.2,2
53,"LIQUOR,WINE,BEER",107.09726268956686,321.2917880687006,64.25835761374013,385.55014568244076,214.19452537913372,171.35562030330703,True,171.0,REORDER REQUIRED,3,0.2,2
53,MAGAZINES,4.721559851271649,14.164679553814945,2.8329359107629895,16.997615464577933,9.443119702543298,7.554495762034636,True,8.0,REORDER REQUIRED,3,0.2,2
53,MEATS,293.05548547268097,879.1664564180429,175.8332912836086,1054.9997477016516,586.1109709453619,468.88877675628964,True,469.0,REORDER REQUIRED,3,0.2,2
53,PERSONAL CARE,224.27662387061199,672.829871611836,134.5659743223672,807.3958459342032,448.55324774122397,358.8425981929792,True,359.0,REORDER REQUIRED,3,0.2,2
53,PET SUPPLIES,5.155606540667031,15.466819622001093,3.0933639244002187,18.560183546401312,10.311213081334062,8.24897046506725,True,8.0,REORDER REQUIRED,3,0.2,2
53,PLAYERS AND ELECTRONICS,6.886132560538652,20.658397681615956,4.131679536323191,24.790077217939146,13.772265121077304,11.017812096861842,True,11.0,REORDER REQUIRED,3,0.2,2
53,POULTRY,191.62963051988677,574.8888915596604,114.97777831193207,689.8666698715924,383.25926103977355,306.6074088318189,True,307.0,REORDER REQUIRED,3,0.2,2
53,PREPARED FOODS,69.48309756364353,208.44929269093058,41.689858538186115,250.1391512291167,138.96619512728705,111.17295610182964,True,111.0,REORDER REQUIRED,3,0.2,2
53,PRODUCE,2149.1595627681586,6447.478688304476,1289.4957376608954,7736.974425965372,4298.319125536317,3438.6553004290545,True,3439.0,REORDER REQUIRED,3,0.2,2
53,SCHOOL AND OFFICE SUPPLIES,1311.5688157187064,3934.7064471561193,786.9412894312239,4721.647736587343,2623.137631437413,2098.5101051499305,True,2099.0,REORDER REQUIRED,3,0.2,2
53,SEAFOOD,4.96478721448408,14.894361643452239,2.978872328690448,17.873233972142685,9.92957442896816,7.943659543174526,True,8.0,REORDER REQUIRED,3,0.2,2
54,AUTOMOTIVE,7.36998528717925,22.10995586153775,4.42199117230755,26.5319470338453,14.7399705743585,11.791976459486799,True,12.0,REORDER REQUIRED,3,0.2,2
54,BABY CARE,1.442100244079927,4.3263007322397815,0.8652601464479563,5.191560878687738,2.884200488159854,2.3073603905278834,True,2.0,REORDER REQUIRED,3,0.2,2
54,BEAUTY,213.6788488601205,641.0365465803615,128.2073093160723,769.2438558964337,427.357697720241,341.88615817619274,True,342.0,REORDER REQUIRED,3,0.2,2
54,BEVERAGES,3852.364420357604,11557.093261072812,2311.4186522145624,13868.511913287375,7704.728840715208,6163.783072572167,True,6164.0,REORDER REQUIRED,3,0.2,2
54,BOOKS,1.442100244079927,4.3263007322397815,0.8652601464479563,5.191560878687738,2.884200488159854,2.3073603905278834,True,2.0,REORDER REQUIRED,3,0.2,2
54,BREAD/BAKERY,232.6457865048334,697.9373595145003,139.58747190290006,837.5248314174003,465.2915730096668,372.23325840773344,True,372.0,REORDER REQUIRED,3,0.2,2
54,CELEBRATION,5.312467659909958,15.937402979729873,3.1874805959459747,19.12488357567585,10.624935319819915,8.499948255855934,True,8.0,REORDER REQUIRED,3,0.2,2
54,CLEANING,993.2016618369051,2979.6049855107153,595.9209971021431,3575.5259826128586,1986.4033236738103,1589.1226589390483,True,1589.0,REORDER REQUIRED,3,0.2,2
54,DAIRY,258.26869602223263,774.8060880666978,154.96121761333958,929.7673056800375,516.5373920444653,413.2299136355722,True,413.0,REORDER REQUIRED,3,0.2,2
54,DELI,211.90366178041813,635.7109853412544,127.14219706825088,762.8531824095053,423.80732356083627,339.045858848669,True,339.0,REORDER REQUIRED,3,0.2,2
54,EGGS,69.6733469035365,209.0200407106095,41.8040081421219,250.82404885273138,139.346693807073,111.47735504565838,True,111.0,REORDER REQUIRED,3,0.2,2
54,FROZEN FOODS,34.92511514222839,104.77534542668518,20.955069085337037,125.73041451202221,69.85023028445679,55.88018422756542,True,56.0,REORDER REQUIRED,3,0.2,2
54,GROCERY I,3480.722589130712,10442.167767392137,2088.4335534784273,12530.601320870564,6961.445178261424,5569.15614260914,True,5569.0,REORDER REQUIRED,3,0.2,2
54,GROCERY II,14.437426459355892,43.31227937806768,8.662455875613537,51.97473525368122,28.874852918711785,23.099882334969433,True,23.0,REORDER REQUIRED,3,0.2,2
54,HARDWARE,1.084460860908949,3.253382582726847,0.6506765165453694,3.9040590992722164,2.168921721817898,1.7351373774543184,True,2.0,REORDER REQUIRED,3,0.2,2
54,HOME AND KITCHEN I,23.664495450018933,70.9934863500568,14.19869727001136,85.19218362006816,47.328990900037866,37.8631927200303,True,38.0,REORDER REQUIRED,3,0.2,2
54,HOME AND KITCHEN II,10.96220118020896,32.88660354062688,6.577320708125376,39.46392424875226,21.92440236041792,17.53952188833434,True,18.0,REORDER REQUIRED,3,0.2,2
54,HOME APPLIANCES,0.7171512287162526,2.151453686148758,0.4302907372297516,2.5817444233785096,1.4343024574325052,1.1474419659460044,True,1.0,REORDER REQUIRED,3,0.2,2
54,HOME CARE,210.06955975971968,630.208679279159,126.0417358558318,756.2504151349908,420.13911951943936,336.11129561555146,True,336.0,REORDER REQUIRED,3,0.2,2
54,LADIESWEAR,1.442100244079927,4.3263007322397815,0.8652601464479563,5.191560878687738,2.884200488159854,2.3073603905278834,True,2.0,REORDER REQUIRED,3,0.2,2
54,LAWN AND GARDEN,1268.7540909621061,3806.2622728863184,761.2524545772637,4567.514727463582,2537.5081819242123,2030.0065455393697,True,2030.0,REORDER REQUIRED,3,0.2,2
54,LINGERIE,5.496191487392394,16.48857446217718,3.2977148924354363,19.786289354612617,10.992382974784787,8.79390637982783,True,9.0,REORDER REQUIRED,3,0.2,2
54,"LIQUOR,WINE,BEER",50.00044784525066,150.00134353575197,30.000268707150397,180.00161224290235,100.00089569050132,80.00071655240103,True,80.0,REORDER REQUIRED,3,0.2,2
54,MAGAZINES,1.1770204206274693,3.5310612618824075,0.7062122523764816,4.237273514258889,2.3540408412549385,1.8832326730039504,True,2.0,REORDER REQUIRED,3,0.2,2
54,MEATS,55.163236718947424,165.48971015684228,33.097942031368454,198.58765218821074,110.32647343789485,88.26117875031589,True,88.0,REORDER REQUIRED,3,0.2,2
54,PERSONAL CARE,173.1854818153993,519.5564454461979,103.91128908923959,623.4677345354376,346.3709636307986,277.09677090463896,True,277.0,REORDER REQUIRED,3,0.2,2
54,PET SUPPLIES,1.0171339146274245,3.0514017438822734,0.6102803487764548,3.661682092658728,2.034267829254849,1.627414263403879,True,2.0,REORDER REQUIRED,3,0.2,2
54,PLAYERS AND ELECTRONICS,2.459396876001961,7.378190628005884,1.4756381256011768,8.853828753607061,4.918793752003922,3.935035001603139,True,4.0,REORDER REQUIRED,3,0.2,2
54,POULTRY,65.84420896652308,197.53262689956927,39.50652537991385,237.03915227948312,131.68841793304617,105.35073434643695,True,105.0,REORDER REQUIRED,3,0.2,2
54,PREPARED FOODS,84.85792225138321,254.57376675414963,50.914753350829926,305.48852010497956,169.71584450276643,135.77267560221313,True,136.0,REORDER REQUIRED,3,0.2,2
54,PRODUCE,740.2642284210224,2220.792685263067,444.15853705261344,2664.9512223156808,1480.5284568420448,1184.422765473636,True,1184.0,REORDER REQUIRED,3,0.2,2
54,SCHOOL AND OFFICE SUPPLIES,1256.3591106806398,3769.0773320419194,753.8154664083839,4522.892798450303,2512.7182213612796,2010.1745770890238,True,2010.0,REORDER REQUIRED,3,0.2,2
54,SEAFOOD,2.6523417265625837,7.957025179687751,1.5914050359375502,9.5484302156253,5.304683453125167,4.243746762500133,True,4.0,REORDER REQUIRED,3,0.2,2
